Maximum,196.9,@,No.914,,,,,,
Minimum,-0.4,@,No.1755,,,,,,
Average,52.76,,,,,,,,
Data Quantity,1771,,,,,,,,
Number of NG,0,,,,,,,,
No.,Force,Unit,Displacement,Unit,Judge,Position,Time,Date,
1,-0.1,gf,0.000,mm,OK,--,3:58:34 PM,12/27/2025,
2,-0.1,gf,0.000,mm,OK,--,3:58:34 PM,12/27/2025,
3,0.0,gf,0.000,mm,OK,--,3:58:34 PM,12/27/2025,
4,0.0,gf,0.000,mm,OK,--,3:58:34 PM,12/27/2025,
5,-0.1,gf,0.000,mm,OK,--,3:58:34 PM,12/27/2025,
6,0.0,gf,0.000,mm,OK,--,3:58:34 PM,12/27/2025,
7,0.0,gf,0.000,mm,OK,--,3:58:34 PM,12/27/2025,
8,0.0,gf,0.000,mm,OK,--,3:58:35 PM,12/27/2025,
9,0.0,gf,0.000,mm,OK,--,3:58:35 PM,12/27/2025,
10,0.0,gf,0.000,mm,OK,--,3:58:35 PM,12/27/2025,
11,0.0,gf,0.000,mm,OK,--,3:58:35 PM,12/27/2025,
12,0.0,gf,0.000,mm,OK,--,3:58:35 PM,12/27/2025,
13,0.0,gf,0.000,mm,OK,--,3:58:35 PM,12/27/2025,
14,0.0,gf,0.000,mm,OK,--,3:58:35 PM,12/27/2025,
15,0.0,gf,0.000,mm,OK,--,3:58:35 PM,12/27/2025,
16,0.0,gf,0.000,mm,OK,--,3:58:35 PM,12/27/2025,
17,-0.1,gf,0.000,mm,OK,--,3:58:35 PM,12/27/2025,
18,0.0,gf,0.000,mm,OK,--,3:58:36 PM,12/27/2025,
19,0.0,gf,0.000,mm,OK,--,3:58:36 PM,12/27/2025,
20,0.0,gf,0.000,mm,OK,--,3:58:36 PM,12/27/2025,
21,0.0,gf,0.000,mm,OK,--,3:58:36 PM,12/27/2025,
22,0.0,gf,0.005,mm,OK,--,3:58:36 PM,12/27/2025,
23,0.1,gf,0.005,mm,OK,--,3:58:36 PM,12/27/2025,
24,-0.1,gf,0.005,mm,OK,--,3:58:36 PM,12/27/2025,
25,0.0,gf,0.005,mm,OK,--,3:58:36 PM,12/27/2025,
26,0.0,gf,0.005,mm,OK,--,3:58:36 PM,12/27/2025,
27,-0.1,gf,0.005,mm,OK,--,3:58:36 PM,12/27/2025,
28,0.0,gf,0.005,mm,OK,--,3:58:37 PM,12/27/2025,
29,0.0,gf,0.005,mm,OK,--,3:58:37 PM,12/27/2025,
30,0.1,gf,0.005,mm,OK,--,3:58:37 PM,12/27/2025,
31,-0.1,gf,0.005,mm,OK,--,3:58:37 PM,12/27/2025,
32,0.0,gf,0.005,mm,OK,--,3:58:37 PM,12/27/2025,
33,0.0,gf,0.005,mm,OK,--,3:58:37 PM,12/27/2025,
34,0.0,gf,0.005,mm,OK,--,3:58:37 PM,12/27/2025,
35,-0.1,gf,0.005,mm,OK,--,3:58:37 PM,12/27/2025,
36,-0.1,gf,0.005,mm,OK,--,3:58:37 PM,12/27/2025,
37,0.0,gf,0.005,mm,OK,--,3:58:37 PM,12/27/2025,
38,0.0,gf,0.005,mm,OK,--,3:58:38 PM,12/27/2025,
39,0.0,gf,0.010,mm,OK,--,3:58:38 PM,12/27/2025,
40,0.0,gf,0.010,mm,OK,--,3:58:38 PM,12/27/2025,
41,-0.1,gf,0.010,mm,OK,--,3:58:38 PM,12/27/2025,
42,0.0,gf,0.010,mm,OK,--,3:58:38 PM,12/27/2025,
43,0.0,gf,0.010,mm,OK,--,3:58:38 PM,12/27/2025,
44,0.0,gf,0.010,mm,OK,--,3:58:38 PM,12/27/2025,
45,0.0,gf,0.010,mm,OK,--,3:58:38 PM,12/27/2025,
46,-0.1,gf,0.010,mm,OK,--,3:58:38 PM,12/27/2025,
47,0.0,gf,0.010,mm,OK,--,3:58:38 PM,12/27/2025,
48,0.0,gf,0.010,mm,OK,--,3:58:39 PM,12/27/2025,
49,-0.1,gf,0.010,mm,OK,--,3:58:39 PM,12/27/2025,
50,0.0,gf,0.010,mm,OK,--,3:58:39 PM,12/27/2025,
51,0.0,gf,0.015,mm,OK,--,3:58:39 PM,12/27/2025,
52,0.0,gf,0.015,mm,OK,--,3:58:39 PM,12/27/2025,
53,0.0,gf,0.015,mm,OK,--,3:58:39 PM,12/27/2025,
54,0.0,gf,0.015,mm,OK,--,3:58:39 PM,12/27/2025,
55,0.0,gf,0.015,mm,OK,--,3:58:39 PM,12/27/2025,
56,0.0,gf,0.015,mm,OK,--,3:58:39 PM,12/27/2025,
57,0.0,gf,0.015,mm,OK,--,3:58:39 PM,12/27/2025,
58,-0.1,gf,0.015,mm,OK,--,3:58:40 PM,12/27/2025,
59,0.0,gf,0.020,mm,OK,--,3:58:40 PM,12/27/2025,
60,0.0,gf,0.020,mm,OK,--,3:58:40 PM,12/27/2025,
61,0.0,gf,0.020,mm,OK,--,3:58:40 PM,12/27/2025,
62,0.0,gf,0.020,mm,OK,--,3:58:40 PM,12/27/2025,
63,0.0,gf,0.025,mm,OK,--,3:58:40 PM,12/27/2025,
64,0.0,gf,0.025,mm,OK,--,3:58:40 PM,12/27/2025,
65,0.0,gf,0.030,mm,OK,--,3:58:40 PM,12/27/2025,
66,0.0,gf,0.030,mm,OK,--,3:58:40 PM,12/27/2025,
67,0.0,gf,0.035,mm,OK,--,3:58:40 PM,12/27/2025,
68,0.0,gf,0.040,mm,OK,--,3:58:41 PM,12/27/2025,
69,0.0,gf,0.040,mm,OK,--,3:58:41 PM,12/27/2025,
70,0.0,gf,0.045,mm,OK,--,3:58:41 PM,12/27/2025,
71,1.0,gf,0.050,mm,OK,--,3:58:41 PM,12/27/2025,
72,4.2,gf,0.050,mm,OK,--,3:58:41 PM,12/27/2025,
73,8.3,gf,0.055,mm,OK,--,3:58:41 PM,12/27/2025,
74,13.0,gf,0.060,mm,OK,--,3:58:41 PM,12/27/2025,
75,17.0,gf,0.065,mm,OK,--,3:58:41 PM,12/27/2025,
76,20.1,gf,0.070,mm,OK,--,3:58:41 PM,12/27/2025,
77,22.8,gf,0.070,mm,OK,--,3:58:41 PM,12/27/2025,
78,25.4,gf,0.075,mm,OK,--,3:58:42 PM,12/27/2025,
79,27.7,gf,0.080,mm,OK,--,3:58:42 PM,12/27/2025,
80,29.6,gf,0.080,mm,OK,--,3:58:42 PM,12/27/2025,
81,31.7,gf,0.085,mm,OK,--,3:58:42 PM,12/27/2025,
82,33.1,gf,0.085,mm,OK,--,3:58:42 PM,12/27/2025,
83,33.4,gf,0.085,mm,OK,--,3:58:42 PM,12/27/2025,
84,33.4,gf,0.090,mm,OK,--,3:58:42 PM,12/27/2025,
85,33.2,gf,0.090,mm,OK,--,3:58:42 PM,12/27/2025,
86,33.2,gf,0.095,mm,OK,--,3:58:42 PM,12/27/2025,
87,33.2,gf,0.095,mm,OK,--,3:58:42 PM,12/27/2025,
88,33.2,gf,0.100,mm,OK,--,3:58:43 PM,12/27/2025,
89,33.2,gf,0.105,mm,OK,--,3:58:43 PM,12/27/2025,
90,33.2,gf,0.105,mm,OK,--,3:58:43 PM,12/27/2025,
91,33.2,gf,0.105,mm,OK,--,3:58:43 PM,12/27/2025,
92,33.2,gf,0.110,mm,OK,--,3:58:43 PM,12/27/2025,
93,33.2,gf,0.110,mm,OK,--,3:58:43 PM,12/27/2025,
94,33.3,gf,0.115,mm,OK,--,3:58:43 PM,12/27/2025,
95,33.3,gf,0.115,mm,OK,--,3:58:43 PM,12/27/2025,
96,33.4,gf,0.120,mm,OK,--,3:58:43 PM,12/27/2025,
97,33.3,gf,0.120,mm,OK,--,3:58:43 PM,12/27/2025,
98,33.4,gf,0.125,mm,OK,--,3:58:44 PM,12/27/2025,
99,33.4,gf,0.130,mm,OK,--,3:58:44 PM,12/27/2025,
100,33.4,gf,0.130,mm,OK,--,3:58:44 PM,12/27/2025,
101,33.5,gf,0.135,mm,OK,--,3:58:44 PM,12/27/2025,
102,33.5,gf,0.135,mm,OK,--,3:58:44 PM,12/27/2025,
103,33.5,gf,0.140,mm,OK,--,3:58:44 PM,12/27/2025,
104,33.5,gf,0.140,mm,OK,--,3:58:44 PM,12/27/2025,
105,33.6,gf,0.145,mm,OK,--,3:58:44 PM,12/27/2025,
106,33.6,gf,0.150,mm,OK,--,3:58:44 PM,12/27/2025,
107,33.6,gf,0.150,mm,OK,--,3:58:44 PM,12/27/2025,
108,33.6,gf,0.155,mm,OK,--,3:58:45 PM,12/27/2025,
109,33.6,gf,0.155,mm,OK,--,3:58:45 PM,12/27/2025,
110,33.6,gf,0.155,mm,OK,--,3:58:45 PM,12/27/2025,
111,33.6,gf,0.155,mm,OK,--,3:58:45 PM,12/27/2025,
112,33.6,gf,0.160,mm,OK,--,3:58:45 PM,12/27/2025,
113,33.7,gf,0.160,mm,OK,--,3:58:45 PM,12/27/2025,
114,33.7,gf,0.165,mm,OK,--,3:58:45 PM,12/27/2025,
115,33.7,gf,0.165,mm,OK,--,3:58:45 PM,12/27/2025,
116,33.7,gf,0.170,mm,OK,--,3:58:45 PM,12/27/2025,
117,33.7,gf,0.170,mm,OK,--,3:58:45 PM,12/27/2025,
118,33.8,gf,0.175,mm,OK,--,3:58:46 PM,12/27/2025,
119,33.8,gf,0.175,mm,OK,--,3:58:46 PM,12/27/2025,
120,33.8,gf,0.180,mm,OK,--,3:58:46 PM,12/27/2025,
121,33.8,gf,0.185,mm,OK,--,3:58:46 PM,12/27/2025,
122,33.9,gf,0.185,mm,OK,--,3:58:46 PM,12/27/2025,
123,33.9,gf,0.190,mm,OK,--,3:58:46 PM,12/27/2025,
124,33.9,gf,0.195,mm,OK,--,3:58:46 PM,12/27/2025,
125,33.9,gf,0.195,mm,OK,--,3:58:46 PM,12/27/2025,
126,34.0,gf,0.200,mm,OK,--,3:58:46 PM,12/27/2025,
127,34.0,gf,0.205,mm,OK,--,3:58:46 PM,12/27/2025,
128,34.0,gf,0.210,mm,OK,--,3:58:47 PM,12/27/2025,
129,34.1,gf,0.215,mm,OK,--,3:58:47 PM,12/27/2025,
130,34.1,gf,0.220,mm,OK,--,3:58:47 PM,12/27/2025,
131,34.1,gf,0.225,mm,OK,--,3:58:47 PM,12/27/2025,
132,34.1,gf,0.230,mm,OK,--,3:58:47 PM,12/27/2025,
133,34.1,gf,0.235,mm,OK,--,3:58:47 PM,12/27/2025,
134,34.2,gf,0.235,mm,OK,--,3:58:47 PM,12/27/2025,
135,34.2,gf,0.240,mm,OK,--,3:58:47 PM,12/27/2025,
136,34.2,gf,0.240,mm,OK,--,3:58:47 PM,12/27/2025,
137,34.2,gf,0.245,mm,OK,--,3:58:47 PM,12/27/2025,
138,34.3,gf,0.250,mm,OK,--,3:58:48 PM,12/27/2025,
139,34.3,gf,0.250,mm,OK,--,3:58:48 PM,12/27/2025,
140,34.3,gf,0.255,mm,OK,--,3:58:48 PM,12/27/2025,
141,34.4,gf,0.260,mm,OK,--,3:58:48 PM,12/27/2025,
142,34.4,gf,0.265,mm,OK,--,3:58:48 PM,12/27/2025,
143,34.4,gf,0.275,mm,OK,--,3:58:48 PM,12/27/2025,
144,34.4,gf,0.280,mm,OK,--,3:58:48 PM,12/27/2025,
145,34.5,gf,0.280,mm,OK,--,3:58:48 PM,12/27/2025,
146,34.5,gf,0.285,mm,OK,--,3:58:48 PM,12/27/2025,
147,34.5,gf,0.290,mm,OK,--,3:58:48 PM,12/27/2025,
148,34.6,gf,0.295,mm,OK,--,3:58:49 PM,12/27/2025,
149,34.6,gf,0.300,mm,OK,--,3:58:49 PM,12/27/2025,
150,34.9,gf,0.305,mm,OK,--,3:58:49 PM,12/27/2025,
151,35.6,gf,0.310,mm,OK,--,3:58:49 PM,12/27/2025,
152,35.7,gf,0.315,mm,OK,--,3:58:49 PM,12/27/2025,
153,35.6,gf,0.320,mm,OK,--,3:58:49 PM,12/27/2025,
154,35.6,gf,0.320,mm,OK,--,3:58:49 PM,12/27/2025,
155,36.1,gf,0.325,mm,OK,--,3:58:49 PM,12/27/2025,
156,36.3,gf,0.325,mm,OK,--,3:58:49 PM,12/27/2025,
157,36.5,gf,0.330,mm,OK,--,3:58:49 PM,12/27/2025,
158,36.5,gf,0.330,mm,OK,--,3:58:50 PM,12/27/2025,
159,36.6,gf,0.330,mm,OK,--,3:58:50 PM,12/27/2025,
160,36.6,gf,0.335,mm,OK,--,3:58:50 PM,12/27/2025,
161,36.7,gf,0.335,mm,OK,--,3:58:50 PM,12/27/2025,
162,36.7,gf,0.335,mm,OK,--,3:58:50 PM,12/27/2025,
163,36.8,gf,0.335,mm,OK,--,3:58:50 PM,12/27/2025,
164,36.9,gf,0.340,mm,OK,--,3:58:50 PM,12/27/2025,
165,37.0,gf,0.345,mm,OK,--,3:58:50 PM,12/27/2025,
166,37.2,gf,0.350,mm,OK,--,3:58:50 PM,12/27/2025,
167,37.3,gf,0.355,mm,OK,--,3:58:50 PM,12/27/2025,
168,37.5,gf,0.360,mm,OK,--,3:58:51 PM,12/27/2025,
169,37.6,gf,0.365,mm,OK,--,3:58:51 PM,12/27/2025,
170,37.7,gf,0.370,mm,OK,--,3:58:51 PM,12/27/2025,
171,37.8,gf,0.375,mm,OK,--,3:58:51 PM,12/27/2025,
172,37.8,gf,0.385,mm,OK,--,3:58:51 PM,12/27/2025,
173,37.9,gf,0.390,mm,OK,--,3:58:51 PM,12/27/2025,
174,37.9,gf,0.400,mm,OK,--,3:58:51 PM,12/27/2025,
175,38.1,gf,0.405,mm,OK,--,3:58:51 PM,12/27/2025,
176,38.2,gf,0.410,mm,OK,--,3:58:51 PM,12/27/2025,
177,38.2,gf,0.420,mm,OK,--,3:58:51 PM,12/27/2025,
178,38.2,gf,0.425,mm,OK,--,3:58:52 PM,12/27/2025,
179,38.3,gf,0.430,mm,OK,--,3:58:52 PM,12/27/2025,
180,38.3,gf,0.430,mm,OK,--,3:58:52 PM,12/27/2025,
181,38.4,gf,0.435,mm,OK,--,3:58:52 PM,12/27/2025,
182,38.4,gf,0.435,mm,OK,--,3:58:52 PM,12/27/2025,
183,38.5,gf,0.440,mm,OK,--,3:58:52 PM,12/27/2025,
184,38.5,gf,0.445,mm,OK,--,3:58:52 PM,12/27/2025,
185,38.5,gf,0.445,mm,OK,--,3:58:52 PM,12/27/2025,
186,38.5,gf,0.450,mm,OK,--,3:58:52 PM,12/27/2025,
187,38.5,gf,0.450,mm,OK,--,3:58:52 PM,12/27/2025,
188,38.6,gf,0.450,mm,OK,--,3:58:53 PM,12/27/2025,
189,38.7,gf,0.455,mm,OK,--,3:58:53 PM,12/27/2025,
190,38.7,gf,0.455,mm,OK,--,3:58:53 PM,12/27/2025,
191,38.7,gf,0.460,mm,OK,--,3:58:53 PM,12/27/2025,
192,38.7,gf,0.460,mm,OK,--,3:58:53 PM,12/27/2025,
193,38.7,gf,0.460,mm,OK,--,3:58:53 PM,12/27/2025,
194,38.7,gf,0.465,mm,OK,--,3:58:53 PM,12/27/2025,
195,38.8,gf,0.465,mm,OK,--,3:58:53 PM,12/27/2025,
196,38.8,gf,0.470,mm,OK,--,3:58:53 PM,12/27/2025,
197,38.8,gf,0.470,mm,OK,--,3:58:53 PM,12/27/2025,
198,38.8,gf,0.470,mm,OK,--,3:58:54 PM,12/27/2025,
199,38.8,gf,0.475,mm,OK,--,3:58:54 PM,12/27/2025,
200,38.8,gf,0.475,mm,OK,--,3:58:54 PM,12/27/2025,
201,38.9,gf,0.480,mm,OK,--,3:58:54 PM,12/27/2025,
202,38.9,gf,0.480,mm,OK,--,3:58:54 PM,12/27/2025,
203,39.0,gf,0.485,mm,OK,--,3:58:54 PM,12/27/2025,
204,39.0,gf,0.485,mm,OK,--,3:58:54 PM,12/27/2025,
205,39.1,gf,0.490,mm,OK,--,3:58:54 PM,12/27/2025,
206,39.1,gf,0.495,mm,OK,--,3:58:54 PM,12/27/2025,
207,39.2,gf,0.500,mm,OK,--,3:58:54 PM,12/27/2025,
208,39.2,gf,0.500,mm,OK,--,3:58:55 PM,12/27/2025,
209,39.3,gf,0.505,mm,OK,--,3:58:55 PM,12/27/2025,
210,39.4,gf,0.510,mm,OK,--,3:58:55 PM,12/27/2025,
211,39.5,gf,0.520,mm,OK,--,3:58:55 PM,12/27/2025,
212,39.4,gf,0.525,mm,OK,--,3:58:55 PM,12/27/2025,
213,39.6,gf,0.530,mm,OK,--,3:58:55 PM,12/27/2025,
214,39.7,gf,0.535,mm,OK,--,3:58:55 PM,12/27/2025,
215,39.7,gf,0.540,mm,OK,--,3:58:55 PM,12/27/2025,
216,39.8,gf,0.545,mm,OK,--,3:58:55 PM,12/27/2025,
217,39.9,gf,0.550,mm,OK,--,3:58:55 PM,12/27/2025,
218,39.9,gf,0.555,mm,OK,--,3:58:56 PM,12/27/2025,
219,40.0,gf,0.560,mm,OK,--,3:58:56 PM,12/27/2025,
220,40.0,gf,0.565,mm,OK,--,3:58:56 PM,12/27/2025,
221,40.1,gf,0.570,mm,OK,--,3:58:56 PM,12/27/2025,
222,40.1,gf,0.575,mm,OK,--,3:58:56 PM,12/27/2025,
223,40.2,gf,0.580,mm,OK,--,3:58:56 PM,12/27/2025,
224,40.2,gf,0.580,mm,OK,--,3:58:56 PM,12/27/2025,
225,40.2,gf,0.585,mm,OK,--,3:58:56 PM,12/27/2025,
226,40.2,gf,0.590,mm,OK,--,3:58:56 PM,12/27/2025,
227,40.3,gf,0.590,mm,OK,--,3:58:56 PM,12/27/2025,
228,40.4,gf,0.595,mm,OK,--,3:58:57 PM,12/27/2025,
229,40.4,gf,0.600,mm,OK,--,3:58:57 PM,12/27/2025,
230,40.5,gf,0.600,mm,OK,--,3:58:57 PM,12/27/2025,
231,40.5,gf,0.605,mm,OK,--,3:58:57 PM,12/27/2025,
232,40.5,gf,0.610,mm,OK,--,3:58:57 PM,12/27/2025,
233,40.5,gf,0.610,mm,OK,--,3:58:57 PM,12/27/2025,
234,40.5,gf,0.610,mm,OK,--,3:58:57 PM,12/27/2025,
235,40.6,gf,0.615,mm,OK,--,3:58:57 PM,12/27/2025,
236,40.7,gf,0.620,mm,OK,--,3:58:57 PM,12/27/2025,
237,40.7,gf,0.625,mm,OK,--,3:58:57 PM,12/27/2025,
238,40.8,gf,0.630,mm,OK,--,3:58:58 PM,12/27/2025,
239,40.9,gf,0.635,mm,OK,--,3:58:58 PM,12/27/2025,
240,40.9,gf,0.640,mm,OK,--,3:58:58 PM,12/27/2025,
241,40.9,gf,0.645,mm,OK,--,3:58:58 PM,12/27/2025,
242,41.0,gf,0.650,mm,OK,--,3:58:58 PM,12/27/2025,
243,41.0,gf,0.655,mm,OK,--,3:58:58 PM,12/27/2025,
244,41.1,gf,0.660,mm,OK,--,3:58:58 PM,12/27/2025,
245,41.1,gf,0.665,mm,OK,--,3:58:58 PM,12/27/2025,
246,41.2,gf,0.670,mm,OK,--,3:58:58 PM,12/27/2025,
247,41.3,gf,0.675,mm,OK,--,3:58:58 PM,12/27/2025,
248,41.4,gf,0.680,mm,OK,--,3:58:59 PM,12/27/2025,
249,41.4,gf,0.685,mm,OK,--,3:58:59 PM,12/27/2025,
250,41.4,gf,0.690,mm,OK,--,3:58:59 PM,12/27/2025,
251,41.5,gf,0.695,mm,OK,--,3:58:59 PM,12/27/2025,
252,41.6,gf,0.700,mm,OK,--,3:58:59 PM,12/27/2025,
253,41.7,gf,0.705,mm,OK,--,3:58:59 PM,12/27/2025,
254,41.9,gf,0.710,mm,OK,--,3:58:59 PM,12/27/2025,
255,42.0,gf,0.715,mm,OK,--,3:58:59 PM,12/27/2025,
256,42.2,gf,0.715,mm,OK,--,3:58:59 PM,12/27/2025,
257,42.1,gf,0.720,mm,OK,--,3:58:59 PM,12/27/2025,
258,42.1,gf,0.725,mm,OK,--,3:59:00 PM,12/27/2025,
259,42.1,gf,0.730,mm,OK,--,3:59:00 PM,12/27/2025,
260,42.1,gf,0.735,mm,OK,--,3:59:00 PM,12/27/2025,
261,42.2,gf,0.735,mm,OK,--,3:59:00 PM,12/27/2025,
262,42.2,gf,0.740,mm,OK,--,3:59:00 PM,12/27/2025,
263,42.2,gf,0.745,mm,OK,--,3:59:00 PM,12/27/2025,
264,42.2,gf,0.750,mm,OK,--,3:59:00 PM,12/27/2025,
265,42.2,gf,0.755,mm,OK,--,3:59:00 PM,12/27/2025,
266,42.2,gf,0.755,mm,OK,--,3:59:00 PM,12/27/2025,
267,42.3,gf,0.760,mm,OK,--,3:59:00 PM,12/27/2025,
268,42.4,gf,0.765,mm,OK,--,3:59:01 PM,12/27/2025,
269,42.4,gf,0.770,mm,OK,--,3:59:01 PM,12/27/2025,
270,42.5,gf,0.780,mm,OK,--,3:59:01 PM,12/27/2025,
271,42.5,gf,0.785,mm,OK,--,3:59:01 PM,12/27/2025,
272,42.7,gf,0.800,mm,OK,--,3:59:01 PM,12/27/2025,
273,42.7,gf,0.810,mm,OK,--,3:59:01 PM,12/27/2025,
274,42.7,gf,0.815,mm,OK,--,3:59:01 PM,12/27/2025,
275,42.8,gf,0.825,mm,OK,--,3:59:01 PM,12/27/2025,
276,42.9,gf,0.830,mm,OK,--,3:59:01 PM,12/27/2025,
277,43.0,gf,0.840,mm,OK,--,3:59:01 PM,12/27/2025,
278,43.0,gf,0.845,mm,OK,--,3:59:02 PM,12/27/2025,
279,43.2,gf,0.855,mm,OK,--,3:59:02 PM,12/27/2025,
280,43.2,gf,0.860,mm,OK,--,3:59:02 PM,12/27/2025,
281,43.4,gf,0.875,mm,OK,--,3:59:02 PM,12/27/2025,
282,43.5,gf,0.890,mm,OK,--,3:59:02 PM,12/27/2025,
283,43.6,gf,0.900,mm,OK,--,3:59:02 PM,12/27/2025,
284,43.7,gf,0.910,mm,OK,--,3:59:02 PM,12/27/2025,
285,43.8,gf,0.915,mm,OK,--,3:59:02 PM,12/27/2025,
286,43.8,gf,0.925,mm,OK,--,3:59:02 PM,12/27/2025,
287,43.9,gf,0.930,mm,OK,--,3:59:02 PM,12/27/2025,
288,44.0,gf,0.940,mm,OK,--,3:59:03 PM,12/27/2025,
289,44.0,gf,0.945,mm,OK,--,3:59:03 PM,12/27/2025,
290,44.0,gf,0.950,mm,OK,--,3:59:03 PM,12/27/2025,
291,44.0,gf,0.950,mm,OK,--,3:59:03 PM,12/27/2025,
292,44.1,gf,0.955,mm,OK,--,3:59:03 PM,12/27/2025,
293,44.2,gf,0.960,mm,OK,--,3:59:03 PM,12/27/2025,
294,44.2,gf,0.960,mm,OK,--,3:59:03 PM,12/27/2025,
295,44.2,gf,0.965,mm,OK,--,3:59:03 PM,12/27/2025,
296,44.2,gf,0.970,mm,OK,--,3:59:03 PM,12/27/2025,
297,44.3,gf,0.970,mm,OK,--,3:59:03 PM,12/27/2025,
298,44.3,gf,0.975,mm,OK,--,3:59:04 PM,12/27/2025,
299,44.3,gf,0.980,mm,OK,--,3:59:04 PM,12/27/2025,
300,44.4,gf,0.980,mm,OK,--,3:59:04 PM,12/27/2025,
301,44.4,gf,0.985,mm,OK,--,3:59:04 PM,12/27/2025,
302,44.4,gf,0.985,mm,OK,--,3:59:04 PM,12/27/2025,
303,44.5,gf,0.985,mm,OK,--,3:59:04 PM,12/27/2025,
304,44.5,gf,0.990,mm,OK,--,3:59:04 PM,12/27/2025,
305,44.5,gf,0.990,mm,OK,--,3:59:04 PM,12/27/2025,
306,44.5,gf,0.995,mm,OK,--,3:59:04 PM,12/27/2025,
307,44.5,gf,0.995,mm,OK,--,3:59:04 PM,12/27/2025,
308,44.6,gf,1.000,mm,OK,--,3:59:05 PM,12/27/2025,
309,44.6,gf,1.000,mm,OK,--,3:59:05 PM,12/27/2025,
310,44.6,gf,1.005,mm,OK,--,3:59:05 PM,12/27/2025,
311,44.6,gf,1.005,mm,OK,--,3:59:05 PM,12/27/2025,
312,44.6,gf,1.010,mm,OK,--,3:59:05 PM,12/27/2025,
313,44.7,gf,1.010,mm,OK,--,3:59:05 PM,12/27/2025,
314,44.7,gf,1.015,mm,OK,--,3:59:05 PM,12/27/2025,
315,44.7,gf,1.015,mm,OK,--,3:59:05 PM,12/27/2025,
316,44.7,gf,1.015,mm,OK,--,3:59:05 PM,12/27/2025,
317,44.8,gf,1.020,mm,OK,--,3:59:05 PM,12/27/2025,
318,44.8,gf,1.020,mm,OK,--,3:59:06 PM,12/27/2025,
319,44.9,gf,1.025,mm,OK,--,3:59:06 PM,12/27/2025,
320,45.0,gf,1.030,mm,OK,--,3:59:06 PM,12/27/2025,
321,45.0,gf,1.035,mm,OK,--,3:59:06 PM,12/27/2025,
322,45.1,gf,1.045,mm,OK,--,3:59:06 PM,12/27/2025,
323,45.2,gf,1.055,mm,OK,--,3:59:06 PM,12/27/2025,
324,45.3,gf,1.065,mm,OK,--,3:59:06 PM,12/27/2025,
325,45.5,gf,1.080,mm,OK,--,3:59:06 PM,12/27/2025,
326,45.6,gf,1.090,mm,OK,--,3:59:06 PM,12/27/2025,
327,45.8,gf,1.105,mm,OK,--,3:59:06 PM,12/27/2025,
328,45.9,gf,1.120,mm,OK,--,3:59:07 PM,12/27/2025,
329,46.0,gf,1.130,mm,OK,--,3:59:07 PM,12/27/2025,
330,46.0,gf,1.140,mm,OK,--,3:59:07 PM,12/27/2025,
331,46.1,gf,1.150,mm,OK,--,3:59:07 PM,12/27/2025,
332,46.2,gf,1.155,mm,OK,--,3:59:07 PM,12/27/2025,
333,46.3,gf,1.160,mm,OK,--,3:59:07 PM,12/27/2025,
334,46.3,gf,1.170,mm,OK,--,3:59:07 PM,12/27/2025,
335,46.4,gf,1.175,mm,OK,--,3:59:07 PM,12/27/2025,
336,46.4,gf,1.180,mm,OK,--,3:59:07 PM,12/27/2025,
337,46.5,gf,1.185,mm,OK,--,3:59:07 PM,12/27/2025,
338,46.6,gf,1.190,mm,OK,--,3:59:08 PM,12/27/2025,
339,46.7,gf,1.200,mm,OK,--,3:59:08 PM,12/27/2025,
340,46.7,gf,1.205,mm,OK,--,3:59:08 PM,12/27/2025,
341,46.8,gf,1.215,mm,OK,--,3:59:08 PM,12/27/2025,
342,46.9,gf,1.220,mm,OK,--,3:59:08 PM,12/27/2025,
343,46.9,gf,1.225,mm,OK,--,3:59:08 PM,12/27/2025,
344,47.0,gf,1.230,mm,OK,--,3:59:08 PM,12/27/2025,
345,47.0,gf,1.235,mm,OK,--,3:59:08 PM,12/27/2025,
346,47.0,gf,1.235,mm,OK,--,3:59:08 PM,12/27/2025,
347,47.1,gf,1.240,mm,OK,--,3:59:08 PM,12/27/2025,
348,47.1,gf,1.245,mm,OK,--,3:59:09 PM,12/27/2025,
349,47.2,gf,1.250,mm,OK,--,3:59:09 PM,12/27/2025,
350,47.2,gf,1.255,mm,OK,--,3:59:09 PM,12/27/2025,
351,47.2,gf,1.255,mm,OK,--,3:59:09 PM,12/27/2025,
352,47.3,gf,1.260,mm,OK,--,3:59:09 PM,12/27/2025,
353,47.3,gf,1.265,mm,OK,--,3:59:09 PM,12/27/2025,
354,47.4,gf,1.265,mm,OK,--,3:59:09 PM,12/27/2025,
355,47.4,gf,1.270,mm,OK,--,3:59:09 PM,12/27/2025,
356,47.4,gf,1.275,mm,OK,--,3:59:09 PM,12/27/2025,
357,47.4,gf,1.275,mm,OK,--,3:59:09 PM,12/27/2025,
358,47.5,gf,1.275,mm,OK,--,3:59:10 PM,12/27/2025,
359,47.5,gf,1.280,mm,OK,--,3:59:10 PM,12/27/2025,
360,47.6,gf,1.285,mm,OK,--,3:59:10 PM,12/27/2025,
361,47.6,gf,1.285,mm,OK,--,3:59:10 PM,12/27/2025,
362,47.6,gf,1.290,mm,OK,--,3:59:10 PM,12/27/2025,
363,47.6,gf,1.290,mm,OK,--,3:59:10 PM,12/27/2025,
364,47.6,gf,1.295,mm,OK,--,3:59:10 PM,12/27/2025,
365,47.6,gf,1.295,mm,OK,--,3:59:10 PM,12/27/2025,
366,47.6,gf,1.295,mm,OK,--,3:59:10 PM,12/27/2025,
367,47.6,gf,1.295,mm,OK,--,3:59:10 PM,12/27/2025,
368,47.6,gf,1.295,mm,OK,--,3:59:11 PM,12/27/2025,
369,47.6,gf,1.300,mm,OK,--,3:59:11 PM,12/27/2025,
370,47.6,gf,1.300,mm,OK,--,3:59:11 PM,12/27/2025,
371,47.6,gf,1.300,mm,OK,--,3:59:11 PM,12/27/2025,
372,47.7,gf,1.300,mm,OK,--,3:59:11 PM,12/27/2025,
373,47.7,gf,1.305,mm,OK,--,3:59:11 PM,12/27/2025,
374,47.8,gf,1.305,mm,OK,--,3:59:11 PM,12/27/2025,
375,47.9,gf,1.310,mm,OK,--,3:59:11 PM,12/27/2025,
376,47.9,gf,1.310,mm,OK,--,3:59:11 PM,12/27/2025,
377,47.9,gf,1.315,mm,OK,--,3:59:11 PM,12/27/2025,
378,48.1,gf,1.320,mm,OK,--,3:59:12 PM,12/27/2025,
379,48.2,gf,1.335,mm,OK,--,3:59:12 PM,12/27/2025,
380,48.4,gf,1.350,mm,OK,--,3:59:12 PM,12/27/2025,
381,48.5,gf,1.365,mm,OK,--,3:59:12 PM,12/27/2025,
382,48.6,gf,1.375,mm,OK,--,3:59:12 PM,12/27/2025,
383,48.6,gf,1.385,mm,OK,--,3:59:12 PM,12/27/2025,
384,48.7,gf,1.390,mm,OK,--,3:59:12 PM,12/27/2025,
385,48.8,gf,1.395,mm,OK,--,3:59:12 PM,12/27/2025,
386,48.8,gf,1.395,mm,OK,--,3:59:12 PM,12/27/2025,
387,48.8,gf,1.400,mm,OK,--,3:59:12 PM,12/27/2025,
388,48.9,gf,1.405,mm,OK,--,3:59:13 PM,12/27/2025,
389,48.9,gf,1.410,mm,OK,--,3:59:13 PM,12/27/2025,
390,49.0,gf,1.410,mm,OK,--,3:59:13 PM,12/27/2025,
391,49.0,gf,1.415,mm,OK,--,3:59:13 PM,12/27/2025,
392,49.1,gf,1.415,mm,OK,--,3:59:13 PM,12/27/2025,
393,49.0,gf,1.420,mm,OK,--,3:59:13 PM,12/27/2025,
394,49.1,gf,1.420,mm,OK,--,3:59:13 PM,12/27/2025,
395,49.2,gf,1.425,mm,OK,--,3:59:13 PM,12/27/2025,
396,49.3,gf,1.430,mm,OK,--,3:59:13 PM,12/27/2025,
397,49.2,gf,1.430,mm,OK,--,3:59:13 PM,12/27/2025,
398,49.2,gf,1.435,mm,OK,--,3:59:14 PM,12/27/2025,
399,49.3,gf,1.435,mm,OK,--,3:59:14 PM,12/27/2025,
400,49.4,gf,1.440,mm,OK,--,3:59:14 PM,12/27/2025,
401,49.4,gf,1.445,mm,OK,--,3:59:14 PM,12/27/2025,
402,49.5,gf,1.450,mm,OK,--,3:59:14 PM,12/27/2025,
403,49.5,gf,1.450,mm,OK,--,3:59:14 PM,12/27/2025,
404,49.6,gf,1.455,mm,OK,--,3:59:14 PM,12/27/2025,
405,49.6,gf,1.460,mm,OK,--,3:59:14 PM,12/27/2025,
406,49.6,gf,1.460,mm,OK,--,3:59:14 PM,12/27/2025,
407,49.7,gf,1.465,mm,OK,--,3:59:14 PM,12/27/2025,
408,49.9,gf,1.470,mm,OK,--,3:59:15 PM,12/27/2025,
409,50.0,gf,1.475,mm,OK,--,3:59:15 PM,12/27/2025,
410,50.0,gf,1.480,mm,OK,--,3:59:15 PM,12/27/2025,
411,50.5,gf,1.490,mm,OK,--,3:59:15 PM,12/27/2025,
412,50.8,gf,1.495,mm,OK,--,3:59:15 PM,12/27/2025,
413,51.0,gf,1.500,mm,OK,--,3:59:15 PM,12/27/2025,
414,51.2,gf,1.505,mm,OK,--,3:59:15 PM,12/27/2025,
415,51.1,gf,1.505,mm,OK,--,3:59:15 PM,12/27/2025,
416,51.3,gf,1.510,mm,OK,--,3:59:15 PM,12/27/2025,
417,51.3,gf,1.510,mm,OK,--,3:59:15 PM,12/27/2025,
418,51.4,gf,1.515,mm,OK,--,3:59:16 PM,12/27/2025,
419,51.4,gf,1.515,mm,OK,--,3:59:16 PM,12/27/2025,
420,51.4,gf,1.515,mm,OK,--,3:59:16 PM,12/27/2025,
421,51.4,gf,1.520,mm,OK,--,3:59:16 PM,12/27/2025,
422,51.7,gf,1.520,mm,OK,--,3:59:16 PM,12/27/2025,
423,51.7,gf,1.525,mm,OK,--,3:59:16 PM,12/27/2025,
424,51.3,gf,1.525,mm,OK,--,3:59:16 PM,12/27/2025,
425,51.5,gf,1.530,mm,OK,--,3:59:16 PM,12/27/2025,
426,51.8,gf,1.535,mm,OK,--,3:59:16 PM,12/27/2025,
427,52.0,gf,1.540,mm,OK,--,3:59:16 PM,12/27/2025,
428,52.1,gf,1.545,mm,OK,--,3:59:17 PM,12/27/2025,
429,52.0,gf,1.550,mm,OK,--,3:59:17 PM,12/27/2025,
430,52.2,gf,1.560,mm,OK,--,3:59:17 PM,12/27/2025,
431,52.3,gf,1.565,mm,OK,--,3:59:17 PM,12/27/2025,
432,52.5,gf,1.575,mm,OK,--,3:59:17 PM,12/27/2025,
433,52.9,gf,1.580,mm,OK,--,3:59:17 PM,12/27/2025,
434,52.8,gf,1.590,mm,OK,--,3:59:17 PM,12/27/2025,
435,52.7,gf,1.595,mm,OK,--,3:59:17 PM,12/27/2025,
436,53.1,gf,1.600,mm,OK,--,3:59:17 PM,12/27/2025,
437,53.7,gf,1.605,mm,OK,--,3:59:17 PM,12/27/2025,
438,53.9,gf,1.610,mm,OK,--,3:59:18 PM,12/27/2025,
439,53.8,gf,1.615,mm,OK,--,3:59:18 PM,12/27/2025,
440,53.8,gf,1.620,mm,OK,--,3:59:18 PM,12/27/2025,
441,53.9,gf,1.625,mm,OK,--,3:59:18 PM,12/27/2025,
442,53.6,gf,1.630,mm,OK,--,3:59:18 PM,12/27/2025,
443,53.5,gf,1.635,mm,OK,--,3:59:18 PM,12/27/2025,
444,53.7,gf,1.635,mm,OK,--,3:59:18 PM,12/27/2025,
445,54.1,gf,1.640,mm,OK,--,3:59:18 PM,12/27/2025,
446,54.5,gf,1.645,mm,OK,--,3:59:18 PM,12/27/2025,
447,54.5,gf,1.650,mm,OK,--,3:59:18 PM,12/27/2025,
448,54.3,gf,1.650,mm,OK,--,3:59:19 PM,12/27/2025,
449,54.1,gf,1.655,mm,OK,--,3:59:19 PM,12/27/2025,
450,53.9,gf,1.655,mm,OK,--,3:59:19 PM,12/27/2025,
451,53.9,gf,1.660,mm,OK,--,3:59:19 PM,12/27/2025,
452,54.0,gf,1.660,mm,OK,--,3:59:19 PM,12/27/2025,
453,54.1,gf,1.665,mm,OK,--,3:59:19 PM,12/27/2025,
454,54.4,gf,1.670,mm,OK,--,3:59:19 PM,12/27/2025,
455,54.6,gf,1.675,mm,OK,--,3:59:19 PM,12/27/2025,
456,54.6,gf,1.675,mm,OK,--,3:59:19 PM,12/27/2025,
457,54.6,gf,1.680,mm,OK,--,3:59:19 PM,12/27/2025,
458,54.5,gf,1.680,mm,OK,--,3:59:20 PM,12/27/2025,
459,54.5,gf,1.685,mm,OK,--,3:59:20 PM,12/27/2025,
460,54.7,gf,1.685,mm,OK,--,3:59:20 PM,12/27/2025,
461,54.9,gf,1.690,mm,OK,--,3:59:20 PM,12/27/2025,
462,55.1,gf,1.690,mm,OK,--,3:59:20 PM,12/27/2025,
463,55.2,gf,1.695,mm,OK,--,3:59:20 PM,12/27/2025,
464,55.4,gf,1.700,mm,OK,--,3:59:20 PM,12/27/2025,
465,55.5,gf,1.700,mm,OK,--,3:59:20 PM,12/27/2025,
466,55.5,gf,1.705,mm,OK,--,3:59:20 PM,12/27/2025,
467,55.4,gf,1.705,mm,OK,--,3:59:20 PM,12/27/2025,
468,55.2,gf,1.705,mm,OK,--,3:59:21 PM,12/27/2025,
469,55.4,gf,1.705,mm,OK,--,3:59:21 PM,12/27/2025,
470,55.5,gf,1.710,mm,OK,--,3:59:21 PM,12/27/2025,
471,55.3,gf,1.715,mm,OK,--,3:59:21 PM,12/27/2025,
472,55.1,gf,1.715,mm,OK,--,3:59:21 PM,12/27/2025,
473,55.4,gf,1.715,mm,OK,--,3:59:21 PM,12/27/2025,
474,55.7,gf,1.720,mm,OK,--,3:59:21 PM,12/27/2025,
475,56.1,gf,1.730,mm,OK,--,3:59:21 PM,12/27/2025,
476,56.3,gf,1.730,mm,OK,--,3:59:21 PM,12/27/2025,
477,56.1,gf,1.735,mm,OK,--,3:59:21 PM,12/27/2025,
478,56.0,gf,1.740,mm,OK,--,3:59:22 PM,12/27/2025,
479,56.0,gf,1.745,mm,OK,--,3:59:22 PM,12/27/2025,
480,55.9,gf,1.750,mm,OK,--,3:59:22 PM,12/27/2025,
481,55.7,gf,1.755,mm,OK,--,3:59:22 PM,12/27/2025,
482,55.8,gf,1.760,mm,OK,--,3:59:22 PM,12/27/2025,
483,56.0,gf,1.760,mm,OK,--,3:59:22 PM,12/27/2025,
484,56.2,gf,1.765,mm,OK,--,3:59:22 PM,12/27/2025,
485,56.4,gf,1.770,mm,OK,--,3:59:22 PM,12/27/2025,
486,56.8,gf,1.775,mm,OK,--,3:59:22 PM,12/27/2025,
487,57.1,gf,1.785,mm,OK,--,3:59:22 PM,12/27/2025,
488,57.0,gf,1.795,mm,OK,--,3:59:23 PM,12/27/2025,
489,57.2,gf,1.810,mm,OK,--,3:59:23 PM,12/27/2025,
490,57.8,gf,1.820,mm,OK,--,3:59:23 PM,12/27/2025,
491,57.9,gf,1.835,mm,OK,--,3:59:23 PM,12/27/2025,
492,58.0,gf,1.850,mm,OK,--,3:59:23 PM,12/27/2025,
493,57.9,gf,1.860,mm,OK,--,3:59:23 PM,12/27/2025,
494,58.9,gf,1.875,mm,OK,--,3:59:23 PM,12/27/2025,
495,59.2,gf,1.885,mm,OK,--,3:59:23 PM,12/27/2025,
496,59.3,gf,1.890,mm,OK,--,3:59:23 PM,12/27/2025,
497,59.4,gf,1.900,mm,OK,--,3:59:23 PM,12/27/2025,
498,59.5,gf,1.905,mm,OK,--,3:59:24 PM,12/27/2025,
499,59.6,gf,1.915,mm,OK,--,3:59:24 PM,12/27/2025,
500,59.5,gf,1.920,mm,OK,--,3:59:24 PM,12/27/2025,
501,59.8,gf,1.930,mm,OK,--,3:59:24 PM,12/27/2025,
502,59.8,gf,1.940,mm,OK,--,3:59:24 PM,12/27/2025,
503,60.0,gf,1.945,mm,OK,--,3:59:24 PM,12/27/2025,
504,60.1,gf,1.950,mm,OK,--,3:59:24 PM,12/27/2025,
505,60.2,gf,1.955,mm,OK,--,3:59:24 PM,12/27/2025,
506,60.3,gf,1.955,mm,OK,--,3:59:24 PM,12/27/2025,
507,60.4,gf,1.960,mm,OK,--,3:59:24 PM,12/27/2025,
508,60.3,gf,1.965,mm,OK,--,3:59:25 PM,12/27/2025,
509,60.3,gf,1.970,mm,OK,--,3:59:25 PM,12/27/2025,
510,60.2,gf,1.970,mm,OK,--,3:59:25 PM,12/27/2025,
511,60.2,gf,1.975,mm,OK,--,3:59:25 PM,12/27/2025,
512,60.1,gf,1.980,mm,OK,--,3:59:25 PM,12/27/2025,
513,60.2,gf,1.980,mm,OK,--,3:59:25 PM,12/27/2025,
514,59.8,gf,1.985,mm,OK,--,3:59:25 PM,12/27/2025,
515,59.8,gf,1.985,mm,OK,--,3:59:25 PM,12/27/2025,
516,60.0,gf,1.990,mm,OK,--,3:59:25 PM,12/27/2025,
517,60.4,gf,1.995,mm,OK,--,3:59:25 PM,12/27/2025,
518,61.0,gf,2.000,mm,OK,--,3:59:26 PM,12/27/2025,
519,61.6,gf,2.010,mm,OK,--,3:59:26 PM,12/27/2025,
520,61.6,gf,2.015,mm,OK,--,3:59:26 PM,12/27/2025,
521,61.4,gf,2.015,mm,OK,--,3:59:26 PM,12/27/2025,
522,61.1,gf,2.020,mm,OK,--,3:59:26 PM,12/27/2025,
523,60.9,gf,2.025,mm,OK,--,3:59:26 PM,12/27/2025,
524,60.6,gf,2.030,mm,OK,--,3:59:26 PM,12/27/2025,
525,60.4,gf,2.035,mm,OK,--,3:59:26 PM,12/27/2025,
526,60.3,gf,2.040,mm,OK,--,3:59:26 PM,12/27/2025,
527,60.7,gf,2.045,mm,OK,--,3:59:26 PM,12/27/2025,
528,61.2,gf,2.055,mm,OK,--,3:59:27 PM,12/27/2025,
529,61.3,gf,2.065,mm,OK,--,3:59:27 PM,12/27/2025,
530,60.9,gf,2.070,mm,OK,--,3:59:27 PM,12/27/2025,
531,60.6,gf,2.080,mm,OK,--,3:59:27 PM,12/27/2025,
532,60.6,gf,2.085,mm,OK,--,3:59:27 PM,12/27/2025,
533,60.6,gf,2.090,mm,OK,--,3:59:27 PM,12/27/2025,
534,60.8,gf,2.095,mm,OK,--,3:59:27 PM,12/27/2025,
535,60.6,gf,2.105,mm,OK,--,3:59:27 PM,12/27/2025,
536,60.4,gf,2.110,mm,OK,--,3:59:27 PM,12/27/2025,
537,60.4,gf,2.115,mm,OK,--,3:59:27 PM,12/27/2025,
538,60.3,gf,2.120,mm,OK,--,3:59:28 PM,12/27/2025,
539,60.2,gf,2.125,mm,OK,--,3:59:28 PM,12/27/2025,
540,60.1,gf,2.130,mm,OK,--,3:59:28 PM,12/27/2025,
541,59.8,gf,2.135,mm,OK,--,3:59:28 PM,12/27/2025,
542,59.6,gf,2.135,mm,OK,--,3:59:28 PM,12/27/2025,
543,59.6,gf,2.140,mm,OK,--,3:59:28 PM,12/27/2025,
544,59.5,gf,2.140,mm,OK,--,3:59:28 PM,12/27/2025,
545,59.5,gf,2.145,mm,OK,--,3:59:28 PM,12/27/2025,
546,59.4,gf,2.145,mm,OK,--,3:59:28 PM,12/27/2025,
547,59.3,gf,2.150,mm,OK,--,3:59:28 PM,12/27/2025,
548,59.3,gf,2.150,mm,OK,--,3:59:29 PM,12/27/2025,
549,59.3,gf,2.150,mm,OK,--,3:59:29 PM,12/27/2025,
550,59.4,gf,2.155,mm,OK,--,3:59:29 PM,12/27/2025,
551,59.3,gf,2.155,mm,OK,--,3:59:29 PM,12/27/2025,
552,59.1,gf,2.160,mm,OK,--,3:59:29 PM,12/27/2025,
553,58.9,gf,2.165,mm,OK,--,3:59:29 PM,12/27/2025,
554,58.9,gf,2.165,mm,OK,--,3:59:29 PM,12/27/2025,
555,58.7,gf,2.170,mm,OK,--,3:59:29 PM,12/27/2025,
556,58.5,gf,2.170,mm,OK,--,3:59:29 PM,12/27/2025,
557,58.4,gf,2.170,mm,OK,--,3:59:29 PM,12/27/2025,
558,58.2,gf,2.175,mm,OK,--,3:59:30 PM,12/27/2025,
559,58.0,gf,2.175,mm,OK,--,3:59:30 PM,12/27/2025,
560,58.0,gf,2.180,mm,OK,--,3:59:30 PM,12/27/2025,
561,58.0,gf,2.180,mm,OK,--,3:59:30 PM,12/27/2025,
562,57.8,gf,2.185,mm,OK,--,3:59:30 PM,12/27/2025,
563,57.6,gf,2.185,mm,OK,--,3:59:30 PM,12/27/2025,
564,57.6,gf,2.190,mm,OK,--,3:59:30 PM,12/27/2025,
565,57.5,gf,2.190,mm,OK,--,3:59:30 PM,12/27/2025,
566,57.4,gf,2.195,mm,OK,--,3:59:30 PM,12/27/2025,
567,57.2,gf,2.195,mm,OK,--,3:59:30 PM,12/27/2025,
568,57.1,gf,2.200,mm,OK,--,3:59:31 PM,12/27/2025,
569,57.0,gf,2.200,mm,OK,--,3:59:31 PM,12/27/2025,
570,57.0,gf,2.205,mm,OK,--,3:59:31 PM,12/27/2025,
571,56.8,gf,2.205,mm,OK,--,3:59:31 PM,12/27/2025,
572,56.7,gf,2.210,mm,OK,--,3:59:31 PM,12/27/2025,
573,56.7,gf,2.210,mm,OK,--,3:59:31 PM,12/27/2025,
574,56.5,gf,2.215,mm,OK,--,3:59:31 PM,12/27/2025,
575,56.4,gf,2.220,mm,OK,--,3:59:31 PM,12/27/2025,
576,56.2,gf,2.220,mm,OK,--,3:59:31 PM,12/27/2025,
577,56.1,gf,2.225,mm,OK,--,3:59:31 PM,12/27/2025,
578,56.1,gf,2.230,mm,OK,--,3:59:32 PM,12/27/2025,
579,56.0,gf,2.230,mm,OK,--,3:59:32 PM,12/27/2025,
580,56.0,gf,2.235,mm,OK,--,3:59:32 PM,12/27/2025,
581,55.5,gf,2.245,mm,OK,--,3:59:32 PM,12/27/2025,
582,54.4,gf,2.250,mm,OK,--,3:59:32 PM,12/27/2025,
583,45.1,gf,2.255,mm,OK,--,3:59:32 PM,12/27/2025,
584,45.1,gf,2.260,mm,OK,--,3:59:32 PM,12/27/2025,
585,45.1,gf,2.265,mm,OK,--,3:59:32 PM,12/27/2025,
586,45.2,gf,2.270,mm,OK,--,3:59:32 PM,12/27/2025,
587,45.2,gf,2.275,mm,OK,--,3:59:32 PM,12/27/2025,
588,45.3,gf,2.280,mm,OK,--,3:59:33 PM,12/27/2025,
589,45.3,gf,2.290,mm,OK,--,3:59:33 PM,12/27/2025,
590,45.3,gf,2.295,mm,OK,--,3:59:33 PM,12/27/2025,
591,45.3,gf,2.300,mm,OK,--,3:59:33 PM,12/27/2025,
592,45.3,gf,2.305,mm,OK,--,3:59:33 PM,12/27/2025,
593,45.2,gf,2.310,mm,OK,--,3:59:33 PM,12/27/2025,
594,45.1,gf,2.315,mm,OK,--,3:59:33 PM,12/27/2025,
595,45.3,gf,2.315,mm,OK,--,3:59:33 PM,12/27/2025,
596,45.7,gf,2.320,mm,OK,--,3:59:33 PM,12/27/2025,
597,46.0,gf,2.325,mm,OK,--,3:59:33 PM,12/27/2025,
598,46.3,gf,2.330,mm,OK,--,3:59:34 PM,12/27/2025,
599,46.4,gf,2.335,mm,OK,--,3:59:34 PM,12/27/2025,
600,46.6,gf,2.340,mm,OK,--,3:59:34 PM,12/27/2025,
601,46.8,gf,2.345,mm,OK,--,3:59:34 PM,12/27/2025,
602,46.9,gf,2.350,mm,OK,--,3:59:34 PM,12/27/2025,
603,47.1,gf,2.355,mm,OK,--,3:59:34 PM,12/27/2025,
604,47.4,gf,2.360,mm,OK,--,3:59:34 PM,12/27/2025,
605,47.4,gf,2.370,mm,OK,--,3:59:34 PM,12/27/2025,
606,47.4,gf,2.375,mm,OK,--,3:59:34 PM,12/27/2025,
607,47.5,gf,2.380,mm,OK,--,3:59:34 PM,12/27/2025,
608,47.5,gf,2.385,mm,OK,--,3:59:35 PM,12/27/2025,
609,47.6,gf,2.390,mm,OK,--,3:59:35 PM,12/27/2025,
610,47.6,gf,2.395,mm,OK,--,3:59:35 PM,12/27/2025,
611,47.6,gf,2.400,mm,OK,--,3:59:35 PM,12/27/2025,
612,47.9,gf,2.405,mm,OK,--,3:59:35 PM,12/27/2025,
613,48.1,gf,2.410,mm,OK,--,3:59:35 PM,12/27/2025,
614,48.1,gf,2.410,mm,OK,--,3:59:35 PM,12/27/2025,
615,48.1,gf,2.415,mm,OK,--,3:59:35 PM,12/27/2025,
616,48.1,gf,2.415,mm,OK,--,3:59:35 PM,12/27/2025,
617,48.1,gf,2.420,mm,OK,--,3:59:35 PM,12/27/2025,
618,48.1,gf,2.420,mm,OK,--,3:59:36 PM,12/27/2025,
619,48.1,gf,2.425,mm,OK,--,3:59:36 PM,12/27/2025,
620,48.1,gf,2.425,mm,OK,--,3:59:36 PM,12/27/2025,
621,48.2,gf,2.425,mm,OK,--,3:59:36 PM,12/27/2025,
622,48.2,gf,2.430,mm,OK,--,3:59:36 PM,12/27/2025,
623,48.2,gf,2.430,mm,OK,--,3:59:36 PM,12/27/2025,
624,48.2,gf,2.435,mm,OK,--,3:59:36 PM,12/27/2025,
625,48.2,gf,2.435,mm,OK,--,3:59:36 PM,12/27/2025,
626,48.2,gf,2.440,mm,OK,--,3:59:36 PM,12/27/2025,
627,48.3,gf,2.440,mm,OK,--,3:59:36 PM,12/27/2025,
628,48.3,gf,2.445,mm,OK,--,3:59:37 PM,12/27/2025,
629,48.3,gf,2.450,mm,OK,--,3:59:37 PM,12/27/2025,
630,48.3,gf,2.455,mm,OK,--,3:59:37 PM,12/27/2025,
631,48.4,gf,2.460,mm,OK,--,3:59:37 PM,12/27/2025,
632,48.4,gf,2.465,mm,OK,--,3:59:37 PM,12/27/2025,
633,48.5,gf,2.470,mm,OK,--,3:59:37 PM,12/27/2025,
634,48.5,gf,2.480,mm,OK,--,3:59:37 PM,12/27/2025,
635,48.6,gf,2.485,mm,OK,--,3:59:37 PM,12/27/2025,
636,48.6,gf,2.490,mm,OK,--,3:59:37 PM,12/27/2025,
637,48.6,gf,2.495,mm,OK,--,3:59:37 PM,12/27/2025,
638,48.6,gf,2.500,mm,OK,--,3:59:38 PM,12/27/2025,
639,48.6,gf,2.505,mm,OK,--,3:59:38 PM,12/27/2025,
640,48.7,gf,2.510,mm,OK,--,3:59:38 PM,12/27/2025,
641,48.7,gf,2.515,mm,OK,--,3:59:38 PM,12/27/2025,
642,48.7,gf,2.520,mm,OK,--,3:59:38 PM,12/27/2025,
643,48.8,gf,2.530,mm,OK,--,3:59:38 PM,12/27/2025,
644,48.8,gf,2.535,mm,OK,--,3:59:38 PM,12/27/2025,
645,48.9,gf,2.545,mm,OK,--,3:59:38 PM,12/27/2025,
646,48.9,gf,2.550,mm,OK,--,3:59:38 PM,12/27/2025,
647,49.0,gf,2.555,mm,OK,--,3:59:38 PM,12/27/2025,
648,49.1,gf,2.565,mm,OK,--,3:59:39 PM,12/27/2025,
649,49.1,gf,2.575,mm,OK,--,3:59:39 PM,12/27/2025,
650,49.1,gf,2.580,mm,OK,--,3:59:39 PM,12/27/2025,
651,49.1,gf,2.590,mm,OK,--,3:59:39 PM,12/27/2025,
652,49.1,gf,2.590,mm,OK,--,3:59:39 PM,12/27/2025,
653,49.1,gf,2.595,mm,OK,--,3:59:39 PM,12/27/2025,
654,49.1,gf,2.595,mm,OK,--,3:59:39 PM,12/27/2025,
655,49.1,gf,2.595,mm,OK,--,3:59:39 PM,12/27/2025,
656,49.1,gf,2.595,mm,OK,--,3:59:39 PM,12/27/2025,
657,49.2,gf,2.600,mm,OK,--,3:59:39 PM,12/27/2025,
658,49.2,gf,2.600,mm,OK,--,3:59:40 PM,12/27/2025,
659,49.2,gf,2.600,mm,OK,--,3:59:40 PM,12/27/2025,
660,49.2,gf,2.605,mm,OK,--,3:59:40 PM,12/27/2025,
661,49.2,gf,2.605,mm,OK,--,3:59:40 PM,12/27/2025,
662,49.2,gf,2.610,mm,OK,--,3:59:40 PM,12/27/2025,
663,49.3,gf,2.610,mm,OK,--,3:59:40 PM,12/27/2025,
664,49.3,gf,2.615,mm,OK,--,3:59:40 PM,12/27/2025,
665,49.3,gf,2.620,mm,OK,--,3:59:40 PM,12/27/2025,
666,49.4,gf,2.625,mm,OK,--,3:59:40 PM,12/27/2025,
667,49.4,gf,2.630,mm,OK,--,3:59:40 PM,12/27/2025,
668,49.5,gf,2.630,mm,OK,--,3:59:41 PM,12/27/2025,
669,49.5,gf,2.635,mm,OK,--,3:59:41 PM,12/27/2025,
670,49.5,gf,2.640,mm,OK,--,3:59:41 PM,12/27/2025,
671,49.5,gf,2.645,mm,OK,--,3:59:41 PM,12/27/2025,
672,49.6,gf,2.655,mm,OK,--,3:59:41 PM,12/27/2025,
673,49.6,gf,2.660,mm,OK,--,3:59:41 PM,12/27/2025,
674,49.6,gf,2.665,mm,OK,--,3:59:41 PM,12/27/2025,
675,49.7,gf,2.670,mm,OK,--,3:59:41 PM,12/27/2025,
676,49.7,gf,2.680,mm,OK,--,3:59:41 PM,12/27/2025,
677,49.8,gf,2.685,mm,OK,--,3:59:41 PM,12/27/2025,
678,49.8,gf,2.695,mm,OK,--,3:59:42 PM,12/27/2025,
679,49.8,gf,2.705,mm,OK,--,3:59:42 PM,12/27/2025,
680,49.9,gf,2.715,mm,OK,--,3:59:42 PM,12/27/2025,
681,49.9,gf,2.725,mm,OK,--,3:59:42 PM,12/27/2025,
682,50.0,gf,2.735,mm,OK,--,3:59:42 PM,12/27/2025,
683,50.0,gf,2.740,mm,OK,--,3:59:42 PM,12/27/2025,
684,50.1,gf,2.745,mm,OK,--,3:59:42 PM,12/27/2025,
685,50.2,gf,2.745,mm,OK,--,3:59:42 PM,12/27/2025,
686,50.2,gf,2.750,mm,OK,--,3:59:42 PM,12/27/2025,
687,50.3,gf,2.760,mm,OK,--,3:59:42 PM,12/27/2025,
688,50.3,gf,2.760,mm,OK,--,3:59:43 PM,12/27/2025,
689,50.3,gf,2.765,mm,OK,--,3:59:43 PM,12/27/2025,
690,50.3,gf,2.770,mm,OK,--,3:59:43 PM,12/27/2025,
691,50.3,gf,2.770,mm,OK,--,3:59:43 PM,12/27/2025,
692,50.4,gf,2.775,mm,OK,--,3:59:43 PM,12/27/2025,
693,50.5,gf,2.780,mm,OK,--,3:59:43 PM,12/27/2025,
694,50.5,gf,2.785,mm,OK,--,3:59:43 PM,12/27/2025,
695,50.6,gf,2.790,mm,OK,--,3:59:43 PM,12/27/2025,
696,50.6,gf,2.795,mm,OK,--,3:59:43 PM,12/27/2025,
697,50.6,gf,2.800,mm,OK,--,3:59:43 PM,12/27/2025,
698,50.7,gf,2.805,mm,OK,--,3:59:44 PM,12/27/2025,
699,50.7,gf,2.810,mm,OK,--,3:59:44 PM,12/27/2025,
700,50.7,gf,2.810,mm,OK,--,3:59:44 PM,12/27/2025,
701,50.6,gf,2.815,mm,OK,--,3:59:44 PM,12/27/2025,
702,50.7,gf,2.820,mm,OK,--,3:59:44 PM,12/27/2025,
703,50.6,gf,2.825,mm,OK,--,3:59:44 PM,12/27/2025,
704,50.7,gf,2.825,mm,OK,--,3:59:44 PM,12/27/2025,
705,50.7,gf,2.830,mm,OK,--,3:59:44 PM,12/27/2025,
706,50.8,gf,2.835,mm,OK,--,3:59:44 PM,12/27/2025,
707,50.8,gf,2.840,mm,OK,--,3:59:44 PM,12/27/2025,
708,50.8,gf,2.845,mm,OK,--,3:59:45 PM,12/27/2025,
709,50.8,gf,2.850,mm,OK,--,3:59:45 PM,12/27/2025,
710,50.8,gf,2.850,mm,OK,--,3:59:45 PM,12/27/2025,
711,50.9,gf,2.855,mm,OK,--,3:59:45 PM,12/27/2025,
712,50.9,gf,2.860,mm,OK,--,3:59:45 PM,12/27/2025,
713,50.9,gf,2.865,mm,OK,--,3:59:45 PM,12/27/2025,
714,51.0,gf,2.870,mm,OK,--,3:59:45 PM,12/27/2025,
715,51.0,gf,2.870,mm,OK,--,3:59:45 PM,12/27/2025,
716,51.0,gf,2.875,mm,OK,--,3:59:45 PM,12/27/2025,
717,51.1,gf,2.880,mm,OK,--,3:59:45 PM,12/27/2025,
718,51.1,gf,2.880,mm,OK,--,3:59:46 PM,12/27/2025,
719,51.1,gf,2.885,mm,OK,--,3:59:46 PM,12/27/2025,
720,51.1,gf,2.890,mm,OK,--,3:59:46 PM,12/27/2025,
721,51.1,gf,2.890,mm,OK,--,3:59:46 PM,12/27/2025,
722,51.1,gf,2.890,mm,OK,--,3:59:46 PM,12/27/2025,
723,51.1,gf,2.890,mm,OK,--,3:59:46 PM,12/27/2025,
724,51.2,gf,2.895,mm,OK,--,3:59:46 PM,12/27/2025,
725,51.2,gf,2.895,mm,OK,--,3:59:46 PM,12/27/2025,
726,51.2,gf,2.900,mm,OK,--,3:59:46 PM,12/27/2025,
727,51.2,gf,2.905,mm,OK,--,3:59:46 PM,12/27/2025,
728,51.2,gf,2.910,mm,OK,--,3:59:47 PM,12/27/2025,
729,51.2,gf,2.915,mm,OK,--,3:59:47 PM,12/27/2025,
730,51.3,gf,2.920,mm,OK,--,3:59:47 PM,12/27/2025,
731,51.3,gf,2.925,mm,OK,--,3:59:47 PM,12/27/2025,
732,51.4,gf,2.930,mm,OK,--,3:59:47 PM,12/27/2025,
733,51.5,gf,2.935,mm,OK,--,3:59:47 PM,12/27/2025,
734,51.5,gf,2.940,mm,OK,--,3:59:47 PM,12/27/2025,
735,51.5,gf,2.945,mm,OK,--,3:59:47 PM,12/27/2025,
736,51.5,gf,2.950,mm,OK,--,3:59:47 PM,12/27/2025,
737,51.6,gf,2.960,mm,OK,--,3:59:47 PM,12/27/2025,
738,51.6,gf,2.965,mm,OK,--,3:59:48 PM,12/27/2025,
739,51.7,gf,2.970,mm,OK,--,3:59:48 PM,12/27/2025,
740,51.7,gf,2.975,mm,OK,--,3:59:48 PM,12/27/2025,
741,51.7,gf,2.980,mm,OK,--,3:59:48 PM,12/27/2025,
742,51.8,gf,2.985,mm,OK,--,3:59:48 PM,12/27/2025,
743,51.8,gf,2.990,mm,OK,--,3:59:48 PM,12/27/2025,
744,51.9,gf,2.995,mm,OK,--,3:59:48 PM,12/27/2025,
745,51.9,gf,3.000,mm,OK,--,3:59:48 PM,12/27/2025,
746,52.0,gf,3.005,mm,OK,--,3:59:48 PM,12/27/2025,
747,52.0,gf,3.010,mm,OK,--,3:59:48 PM,12/27/2025,
748,52.0,gf,3.015,mm,OK,--,3:59:49 PM,12/27/2025,
749,52.0,gf,3.015,mm,OK,--,3:59:49 PM,12/27/2025,
750,52.0,gf,3.020,mm,OK,--,3:59:49 PM,12/27/2025,
751,52.1,gf,3.025,mm,OK,--,3:59:49 PM,12/27/2025,
752,52.2,gf,3.030,mm,OK,--,3:59:49 PM,12/27/2025,
753,52.2,gf,3.030,mm,OK,--,3:59:49 PM,12/27/2025,
754,52.2,gf,3.035,mm,OK,--,3:59:49 PM,12/27/2025,
755,52.2,gf,3.035,mm,OK,--,3:59:49 PM,12/27/2025,
756,52.2,gf,3.040,mm,OK,--,3:59:49 PM,12/27/2025,
757,52.3,gf,3.045,mm,OK,--,3:59:49 PM,12/27/2025,
758,52.3,gf,3.045,mm,OK,--,3:59:50 PM,12/27/2025,
759,52.3,gf,3.050,mm,OK,--,3:59:50 PM,12/27/2025,
760,52.3,gf,3.050,mm,OK,--,3:59:50 PM,12/27/2025,
761,52.3,gf,3.055,mm,OK,--,3:59:50 PM,12/27/2025,
762,52.4,gf,3.060,mm,OK,--,3:59:50 PM,12/27/2025,
763,52.4,gf,3.060,mm,OK,--,3:59:50 PM,12/27/2025,
764,52.5,gf,3.065,mm,OK,--,3:59:50 PM,12/27/2025,
765,52.4,gf,3.070,mm,OK,--,3:59:50 PM,12/27/2025,
766,52.5,gf,3.070,mm,OK,--,3:59:50 PM,12/27/2025,
767,52.5,gf,3.075,mm,OK,--,3:59:50 PM,12/27/2025,
768,52.6,gf,3.075,mm,OK,--,3:59:51 PM,12/27/2025,
769,52.5,gf,3.080,mm,OK,--,3:59:51 PM,12/27/2025,
770,52.5,gf,3.085,mm,OK,--,3:59:51 PM,12/27/2025,
771,52.6,gf,3.090,mm,OK,--,3:59:51 PM,12/27/2025,
772,52.6,gf,3.095,mm,OK,--,3:59:51 PM,12/27/2025,
773,52.6,gf,3.100,mm,OK,--,3:59:51 PM,12/27/2025,
774,52.7,gf,3.110,mm,OK,--,3:59:51 PM,12/27/2025,
775,52.7,gf,3.115,mm,OK,--,3:59:51 PM,12/27/2025,
776,52.7,gf,3.120,mm,OK,--,3:59:51 PM,12/27/2025,
777,52.7,gf,3.130,mm,OK,--,3:59:51 PM,12/27/2025,
778,52.7,gf,3.135,mm,OK,--,3:59:52 PM,12/27/2025,
779,52.8,gf,3.140,mm,OK,--,3:59:52 PM,12/27/2025,
780,52.8,gf,3.145,mm,OK,--,3:59:52 PM,12/27/2025,
781,52.9,gf,3.150,mm,OK,--,3:59:52 PM,12/27/2025,
782,53.0,gf,3.160,mm,OK,--,3:59:52 PM,12/27/2025,
783,53.0,gf,3.165,mm,OK,--,3:59:52 PM,12/27/2025,
784,53.0,gf,3.170,mm,OK,--,3:59:52 PM,12/27/2025,
785,53.1,gf,3.175,mm,OK,--,3:59:52 PM,12/27/2025,
786,53.1,gf,3.180,mm,OK,--,3:59:52 PM,12/27/2025,
787,53.1,gf,3.185,mm,OK,--,3:59:52 PM,12/27/2025,
788,53.2,gf,3.195,mm,OK,--,3:59:53 PM,12/27/2025,
789,53.3,gf,3.205,mm,OK,--,3:59:53 PM,12/27/2025,
790,53.3,gf,3.215,mm,OK,--,3:59:53 PM,12/27/2025,
791,53.3,gf,3.220,mm,OK,--,3:59:53 PM,12/27/2025,
792,53.4,gf,3.225,mm,OK,--,3:59:53 PM,12/27/2025,
793,53.3,gf,3.225,mm,OK,--,3:59:53 PM,12/27/2025,
794,53.3,gf,3.230,mm,OK,--,3:59:53 PM,12/27/2025,
795,53.4,gf,3.230,mm,OK,--,3:59:53 PM,12/27/2025,
796,53.4,gf,3.230,mm,OK,--,3:59:53 PM,12/27/2025,
797,53.5,gf,3.230,mm,OK,--,3:59:53 PM,12/27/2025,
798,53.5,gf,3.235,mm,OK,--,3:59:54 PM,12/27/2025,
799,53.5,gf,3.240,mm,OK,--,3:59:54 PM,12/27/2025,
800,53.5,gf,3.245,mm,OK,--,3:59:54 PM,12/27/2025,
801,53.5,gf,3.245,mm,OK,--,3:59:54 PM,12/27/2025,
802,53.5,gf,3.250,mm,OK,--,3:59:54 PM,12/27/2025,
803,53.5,gf,3.250,mm,OK,--,3:59:54 PM,12/27/2025,
804,53.5,gf,3.255,mm,OK,--,3:59:54 PM,12/27/2025,
805,53.6,gf,3.255,mm,OK,--,3:59:54 PM,12/27/2025,
806,53.6,gf,3.260,mm,OK,--,3:59:54 PM,12/27/2025,
807,53.7,gf,3.265,mm,OK,--,3:59:54 PM,12/27/2025,
808,53.7,gf,3.270,mm,OK,--,3:59:55 PM,12/27/2025,
809,53.7,gf,3.280,mm,OK,--,3:59:55 PM,12/27/2025,
810,53.8,gf,3.285,mm,OK,--,3:59:55 PM,12/27/2025,
811,53.9,gf,3.290,mm,OK,--,3:59:55 PM,12/27/2025,
812,53.9,gf,3.295,mm,OK,--,3:59:55 PM,12/27/2025,
813,54.0,gf,3.305,mm,OK,--,3:59:55 PM,12/27/2025,
814,54.0,gf,3.310,mm,OK,--,3:59:55 PM,12/27/2025,
815,54.1,gf,3.320,mm,OK,--,3:59:55 PM,12/27/2025,
816,54.1,gf,3.330,mm,OK,--,3:59:55 PM,12/27/2025,
817,54.3,gf,3.340,mm,OK,--,3:59:55 PM,12/27/2025,
818,54.3,gf,3.355,mm,OK,--,3:59:56 PM,12/27/2025,
819,54.3,gf,3.365,mm,OK,--,3:59:56 PM,12/27/2025,
820,54.4,gf,3.375,mm,OK,--,3:59:56 PM,12/27/2025,
821,54.5,gf,3.385,mm,OK,--,3:59:56 PM,12/27/2025,
822,54.5,gf,3.395,mm,OK,--,3:59:56 PM,12/27/2025,
823,54.7,gf,3.405,mm,OK,--,3:59:56 PM,12/27/2025,
824,54.7,gf,3.420,mm,OK,--,3:59:56 PM,12/27/2025,
825,54.9,gf,3.430,mm,OK,--,3:59:56 PM,12/27/2025,
826,54.9,gf,3.440,mm,OK,--,3:59:56 PM,12/27/2025,
827,55.0,gf,3.450,mm,OK,--,3:59:56 PM,12/27/2025,
828,55.1,gf,3.460,mm,OK,--,3:59:57 PM,12/27/2025,
829,55.2,gf,3.465,mm,OK,--,3:59:57 PM,12/27/2025,
830,55.2,gf,3.470,mm,OK,--,3:59:57 PM,12/27/2025,
831,55.2,gf,3.480,mm,OK,--,3:59:57 PM,12/27/2025,
832,55.2,gf,3.485,mm,OK,--,3:59:57 PM,12/27/2025,
833,55.3,gf,3.495,mm,OK,--,3:59:57 PM,12/27/2025,
834,55.4,gf,3.505,mm,OK,--,3:59:57 PM,12/27/2025,
835,55.5,gf,3.515,mm,OK,--,3:59:57 PM,12/27/2025,
836,55.6,gf,3.525,mm,OK,--,3:59:57 PM,12/27/2025,
837,55.6,gf,3.540,mm,OK,--,3:59:57 PM,12/27/2025,
838,55.7,gf,3.550,mm,OK,--,3:59:58 PM,12/27/2025,
839,55.7,gf,3.555,mm,OK,--,3:59:58 PM,12/27/2025,
840,55.7,gf,3.560,mm,OK,--,3:59:58 PM,12/27/2025,
841,55.8,gf,3.570,mm,OK,--,3:59:58 PM,12/27/2025,
842,55.8,gf,3.575,mm,OK,--,3:59:58 PM,12/27/2025,
843,55.9,gf,3.580,mm,OK,--,3:59:58 PM,12/27/2025,
844,55.9,gf,3.590,mm,OK,--,3:59:58 PM,12/27/2025,
845,56.0,gf,3.600,mm,OK,--,3:59:58 PM,12/27/2025,
846,56.0,gf,3.615,mm,OK,--,3:59:58 PM,12/27/2025,
847,56.1,gf,3.625,mm,OK,--,3:59:58 PM,12/27/2025,
848,56.2,gf,3.635,mm,OK,--,3:59:59 PM,12/27/2025,
849,56.2,gf,3.640,mm,OK,--,3:59:59 PM,12/27/2025,
850,56.3,gf,3.650,mm,OK,--,3:59:59 PM,12/27/2025,
851,56.3,gf,3.655,mm,OK,--,3:59:59 PM,12/27/2025,
852,56.4,gf,3.660,mm,OK,--,3:59:59 PM,12/27/2025,
853,56.4,gf,3.665,mm,OK,--,3:59:59 PM,12/27/2025,
854,56.4,gf,3.670,mm,OK,--,3:59:59 PM,12/27/2025,
855,56.5,gf,3.675,mm,OK,--,3:59:59 PM,12/27/2025,
856,56.6,gf,3.680,mm,OK,--,3:59:59 PM,12/27/2025,
857,56.7,gf,3.685,mm,OK,--,3:59:59 PM,12/27/2025,
858,56.8,gf,3.690,mm,OK,--,4:00:00 PM,12/27/2025,
859,56.7,gf,3.700,mm,OK,--,4:00:00 PM,12/27/2025,
860,56.8,gf,3.705,mm,OK,--,4:00:00 PM,12/27/2025,
861,56.9,gf,3.710,mm,OK,--,4:00:00 PM,12/27/2025,
862,57.0,gf,3.715,mm,OK,--,4:00:00 PM,12/27/2025,
863,57.0,gf,3.720,mm,OK,--,4:00:00 PM,12/27/2025,
864,58.0,gf,3.725,mm,OK,--,4:00:00 PM,12/27/2025,
865,61.3,gf,3.730,mm,OK,--,4:00:00 PM,12/27/2025,
866,64.2,gf,3.735,mm,OK,--,4:00:00 PM,12/27/2025,
867,67.4,gf,3.740,mm,OK,--,4:00:00 PM,12/27/2025,
868,70.8,gf,3.745,mm,OK,--,4:00:01 PM,12/27/2025,
869,73.8,gf,3.750,mm,OK,--,4:00:01 PM,12/27/2025,
870,75.5,gf,3.755,mm,OK,--,4:00:01 PM,12/27/2025,
871,77.3,gf,3.755,mm,OK,--,4:00:01 PM,12/27/2025,
872,79.1,gf,3.755,mm,OK,--,4:00:01 PM,12/27/2025,
873,81.1,gf,3.760,mm,OK,--,4:00:01 PM,12/27/2025,
874,83.0,gf,3.765,mm,OK,--,4:00:01 PM,12/27/2025,
875,84.8,gf,3.765,mm,OK,--,4:00:01 PM,12/27/2025,
876,86.8,gf,3.770,mm,OK,--,4:00:01 PM,12/27/2025,
877,89.2,gf,3.770,mm,OK,--,4:00:01 PM,12/27/2025,
878,91.5,gf,3.775,mm,OK,--,4:00:02 PM,12/27/2025,
879,94.1,gf,3.775,mm,OK,--,4:00:02 PM,12/27/2025,
880,96.2,gf,3.780,mm,OK,--,4:00:02 PM,12/27/2025,
881,97.8,gf,3.780,mm,OK,--,4:00:02 PM,12/27/2025,
882,99.8,gf,3.785,mm,OK,--,4:00:02 PM,12/27/2025,
883,102.1,gf,3.790,mm,OK,--,4:00:02 PM,12/27/2025,
884,103.8,gf,3.790,mm,OK,--,4:00:02 PM,12/27/2025,
885,95.5,gf,3.795,mm,OK,--,4:00:02 PM,12/27/2025,
886,98.5,gf,3.795,mm,OK,--,4:00:02 PM,12/27/2025,
887,102.7,gf,3.800,mm,OK,--,4:00:02 PM,12/27/2025,
888,109.0,gf,3.805,mm,OK,--,4:00:03 PM,12/27/2025,
889,117.3,gf,3.815,mm,OK,--,4:00:03 PM,12/27/2025,
890,122.5,gf,3.820,mm,OK,--,4:00:03 PM,12/27/2025,
891,126.3,gf,3.825,mm,OK,--,4:00:03 PM,12/27/2025,
892,129.1,gf,3.825,mm,OK,--,4:00:03 PM,12/27/2025,
893,131.7,gf,3.830,mm,OK,--,4:00:03 PM,12/27/2025,
894,134.7,gf,3.835,mm,OK,--,4:00:03 PM,12/27/2025,
895,137.5,gf,3.835,mm,OK,--,4:00:03 PM,12/27/2025,
896,140.6,gf,3.840,mm,OK,--,4:00:03 PM,12/27/2025,
897,145.4,gf,3.845,mm,OK,--,4:00:03 PM,12/27/2025,
898,152.2,gf,3.850,mm,OK,--,4:00:04 PM,12/27/2025,
899,158.2,gf,3.855,mm,OK,--,4:00:04 PM,12/27/2025,
900,163.5,gf,3.860,mm,OK,--,4:00:04 PM,12/27/2025,
901,168.5,gf,3.865,mm,OK,--,4:00:04 PM,12/27/2025,
902,172.7,gf,3.870,mm,OK,--,4:00:04 PM,12/27/2025,
903,176.3,gf,3.875,mm,OK,--,4:00:04 PM,12/27/2025,
904,179.9,gf,3.875,mm,OK,--,4:00:04 PM,12/27/2025,
905,183.1,gf,3.880,mm,OK,--,4:00:04 PM,12/27/2025,
906,186.6,gf,3.885,mm,OK,--,4:00:04 PM,12/27/2025,
907,189.9,gf,3.885,mm,OK,--,4:00:04 PM,12/27/2025,
908,192.2,gf,3.890,mm,OK,--,4:00:05 PM,12/27/2025,
909,194.1,gf,3.890,mm,OK,--,4:00:05 PM,12/27/2025,
910,195.6,gf,3.890,mm,OK,--,4:00:05 PM,12/27/2025,
911,196.5,gf,3.895,mm,OK,--,4:00:05 PM,12/27/2025,
912,196.5,gf,3.895,mm,OK,--,4:00:05 PM,12/27/2025,
913,196.7,gf,3.895,mm,OK,--,4:00:05 PM,12/27/2025,
914,196.9,gf,3.895,mm,OK,--,4:00:05 PM,12/27/2025,
915,196.9,gf,3.895,mm,OK,--,4:00:05 PM,12/27/2025,
916,196.7,gf,3.895,mm,OK,--,4:00:05 PM,12/27/2025,
917,196.7,gf,3.895,mm,OK,--,4:00:05 PM,12/27/2025,
918,196.7,gf,3.895,mm,OK,--,4:00:06 PM,12/27/2025,
919,196.6,gf,3.895,mm,OK,--,4:00:06 PM,12/27/2025,
920,196.6,gf,3.895,mm,OK,--,4:00:06 PM,12/27/2025,
921,196.6,gf,3.895,mm,OK,--,4:00:06 PM,12/27/2025,
922,196.6,gf,3.895,mm,OK,--,4:00:06 PM,12/27/2025,
923,196.6,gf,3.895,mm,OK,--,4:00:06 PM,12/27/2025,
924,196.6,gf,3.895,mm,OK,--,4:00:06 PM,12/27/2025,
925,196.5,gf,3.895,mm,OK,--,4:00:06 PM,12/27/2025,
926,196.5,gf,3.895,mm,OK,--,4:00:06 PM,12/27/2025,
927,196.5,gf,3.895,mm,OK,--,4:00:06 PM,12/27/2025,
928,196.4,gf,3.895,mm,OK,--,4:00:07 PM,12/27/2025,
929,196.4,gf,3.895,mm,OK,--,4:00:07 PM,12/27/2025,
930,196.5,gf,3.895,mm,OK,--,4:00:07 PM,12/27/2025,
931,196.3,gf,3.895,mm,OK,--,4:00:07 PM,12/27/2025,
932,196.0,gf,3.895,mm,OK,--,4:00:07 PM,12/27/2025,
933,195.9,gf,3.895,mm,OK,--,4:00:07 PM,12/27/2025,
934,195.7,gf,3.895,mm,OK,--,4:00:07 PM,12/27/2025,
935,195.6,gf,3.895,mm,OK,--,4:00:07 PM,12/27/2025,
936,195.6,gf,3.895,mm,OK,--,4:00:07 PM,12/27/2025,
937,195.3,gf,3.895,mm,OK,--,4:00:07 PM,12/27/2025,
938,195.1,gf,3.895,mm,OK,--,4:00:08 PM,12/27/2025,
939,194.7,gf,3.895,mm,OK,--,4:00:08 PM,12/27/2025,
940,194.1,gf,3.895,mm,OK,--,4:00:08 PM,12/27/2025,
941,193.1,gf,3.890,mm,OK,--,4:00:08 PM,12/27/2025,
942,191.4,gf,3.890,mm,OK,--,4:00:08 PM,12/27/2025,
943,188.6,gf,3.890,mm,OK,--,4:00:08 PM,12/27/2025,
944,186.1,gf,3.885,mm,OK,--,4:00:08 PM,12/27/2025,
945,184.6,gf,3.885,mm,OK,--,4:00:08 PM,12/27/2025,
946,183.8,gf,3.885,mm,OK,--,4:00:08 PM,12/27/2025,
947,183.3,gf,3.885,mm,OK,--,4:00:08 PM,12/27/2025,
948,182.6,gf,3.880,mm,OK,--,4:00:09 PM,12/27/2025,
949,181.9,gf,3.880,mm,OK,--,4:00:09 PM,12/27/2025,
950,181.1,gf,3.880,mm,OK,--,4:00:09 PM,12/27/2025,
951,179.6,gf,3.880,mm,OK,--,4:00:09 PM,12/27/2025,
952,178.3,gf,3.880,mm,OK,--,4:00:09 PM,12/27/2025,
953,176.7,gf,3.875,mm,OK,--,4:00:09 PM,12/27/2025,
954,175.7,gf,3.875,mm,OK,--,4:00:09 PM,12/27/2025,
955,175.2,gf,3.875,mm,OK,--,4:00:09 PM,12/27/2025,
956,174.5,gf,3.875,mm,OK,--,4:00:09 PM,12/27/2025,
957,174.0,gf,3.875,mm,OK,--,4:00:09 PM,12/27/2025,
958,173.6,gf,3.875,mm,OK,--,4:00:10 PM,12/27/2025,
959,173.2,gf,3.875,mm,OK,--,4:00:10 PM,12/27/2025,
960,172.9,gf,3.875,mm,OK,--,4:00:10 PM,12/27/2025,
961,172.7,gf,3.875,mm,OK,--,4:00:10 PM,12/27/2025,
962,172.2,gf,3.875,mm,OK,--,4:00:10 PM,12/27/2025,
963,171.8,gf,3.875,mm,OK,--,4:00:10 PM,12/27/2025,
964,171.4,gf,3.870,mm,OK,--,4:00:10 PM,12/27/2025,
965,170.9,gf,3.870,mm,OK,--,4:00:10 PM,12/27/2025,
966,170.7,gf,3.870,mm,OK,--,4:00:10 PM,12/27/2025,
967,170.3,gf,3.870,mm,OK,--,4:00:10 PM,12/27/2025,
968,169.8,gf,3.870,mm,OK,--,4:00:11 PM,12/27/2025,
969,169.1,gf,3.870,mm,OK,--,4:00:11 PM,12/27/2025,
970,168.2,gf,3.870,mm,OK,--,4:00:11 PM,12/27/2025,
971,167.5,gf,3.870,mm,OK,--,4:00:11 PM,12/27/2025,
972,166.8,gf,3.870,mm,OK,--,4:00:11 PM,12/27/2025,
973,166.3,gf,3.870,mm,OK,--,4:00:11 PM,12/27/2025,
974,165.8,gf,3.865,mm,OK,--,4:00:11 PM,12/27/2025,
975,165.3,gf,3.865,mm,OK,--,4:00:11 PM,12/27/2025,
976,164.9,gf,3.865,mm,OK,--,4:00:11 PM,12/27/2025,
977,164.5,gf,3.865,mm,OK,--,4:00:11 PM,12/27/2025,
978,164.2,gf,3.865,mm,OK,--,4:00:12 PM,12/27/2025,
979,164.0,gf,3.865,mm,OK,--,4:00:12 PM,12/27/2025,
980,163.6,gf,3.865,mm,OK,--,4:00:12 PM,12/27/2025,
981,163.1,gf,3.865,mm,OK,--,4:00:12 PM,12/27/2025,
982,162.6,gf,3.865,mm,OK,--,4:00:12 PM,12/27/2025,
983,162.1,gf,3.865,mm,OK,--,4:00:12 PM,12/27/2025,
984,161.7,gf,3.865,mm,OK,--,4:00:12 PM,12/27/2025,
985,161.2,gf,3.865,mm,OK,--,4:00:12 PM,12/27/2025,
986,160.6,gf,3.865,mm,OK,--,4:00:12 PM,12/27/2025,
987,160.1,gf,3.860,mm,OK,--,4:00:12 PM,12/27/2025,
988,159.7,gf,3.860,mm,OK,--,4:00:13 PM,12/27/2025,
989,159.3,gf,3.860,mm,OK,--,4:00:13 PM,12/27/2025,
990,158.9,gf,3.860,mm,OK,--,4:00:13 PM,12/27/2025,
991,158.6,gf,3.860,mm,OK,--,4:00:13 PM,12/27/2025,
992,158.1,gf,3.860,mm,OK,--,4:00:13 PM,12/27/2025,
993,157.7,gf,3.860,mm,OK,--,4:00:13 PM,12/27/2025,
994,157.2,gf,3.860,mm,OK,--,4:00:13 PM,12/27/2025,
995,156.5,gf,3.860,mm,OK,--,4:00:13 PM,12/27/2025,
996,155.7,gf,3.860,mm,OK,--,4:00:13 PM,12/27/2025,
997,155.0,gf,3.855,mm,OK,--,4:00:13 PM,12/27/2025,
998,154.1,gf,3.855,mm,OK,--,4:00:14 PM,12/27/2025,
999,153.2,gf,3.855,mm,OK,--,4:00:14 PM,12/27/2025,
1000,152.3,gf,3.855,mm,OK,--,4:00:14 PM,12/27/2025,
1001,151.3,gf,3.855,mm,OK,--,4:00:14 PM,12/27/2025,
1002,150.2,gf,3.855,mm,OK,--,4:00:14 PM,12/27/2025,
1003,149.3,gf,3.850,mm,OK,--,4:00:14 PM,12/27/2025,
1004,148.4,gf,3.850,mm,OK,--,4:00:14 PM,12/27/2025,
1005,147.3,gf,3.850,mm,OK,--,4:00:14 PM,12/27/2025,
1006,146.4,gf,3.850,mm,OK,--,4:00:14 PM,12/27/2025,
1007,145.5,gf,3.850,mm,OK,--,4:00:14 PM,12/27/2025,
1008,144.7,gf,3.850,mm,OK,--,4:00:15 PM,12/27/2025,
1009,144.0,gf,3.845,mm,OK,--,4:00:15 PM,12/27/2025,
1010,143.3,gf,3.845,mm,OK,--,4:00:15 PM,12/27/2025,
1011,142.6,gf,3.845,mm,OK,--,4:00:15 PM,12/27/2025,
1012,142.0,gf,3.845,mm,OK,--,4:00:15 PM,12/27/2025,
1013,141.3,gf,3.845,mm,OK,--,4:00:15 PM,12/27/2025,
1014,140.5,gf,3.845,mm,OK,--,4:00:15 PM,12/27/2025,
1015,139.7,gf,3.845,mm,OK,--,4:00:15 PM,12/27/2025,
1016,139.1,gf,3.840,mm,OK,--,4:00:15 PM,12/27/2025,
1017,138.5,gf,3.840,mm,OK,--,4:00:15 PM,12/27/2025,
1018,137.8,gf,3.840,mm,OK,--,4:00:16 PM,12/27/2025,
1019,137.2,gf,3.840,mm,OK,--,4:00:16 PM,12/27/2025,
1020,136.5,gf,3.840,mm,OK,--,4:00:16 PM,12/27/2025,
1021,135.7,gf,3.840,mm,OK,--,4:00:16 PM,12/27/2025,
1022,134.9,gf,3.840,mm,OK,--,4:00:16 PM,12/27/2025,
1023,133.7,gf,3.835,mm,OK,--,4:00:16 PM,12/27/2025,
1024,132.0,gf,3.835,mm,OK,--,4:00:16 PM,12/27/2025,
1025,129.7,gf,3.835,mm,OK,--,4:00:16 PM,12/27/2025,
1026,127.1,gf,3.830,mm,OK,--,4:00:16 PM,12/27/2025,
1027,124.6,gf,3.830,mm,OK,--,4:00:16 PM,12/27/2025,
1028,122.4,gf,3.825,mm,OK,--,4:00:17 PM,12/27/2025,
1029,120.3,gf,3.825,mm,OK,--,4:00:17 PM,12/27/2025,
1030,118.9,gf,3.820,mm,OK,--,4:00:17 PM,12/27/2025,
1031,117.9,gf,3.820,mm,OK,--,4:00:17 PM,12/27/2025,
1032,116.8,gf,3.820,mm,OK,--,4:00:17 PM,12/27/2025,
1033,115.5,gf,3.820,mm,OK,--,4:00:17 PM,12/27/2025,
1034,114.2,gf,3.815,mm,OK,--,4:00:17 PM,12/27/2025,
1035,112.4,gf,3.815,mm,OK,--,4:00:17 PM,12/27/2025,
1036,110.4,gf,3.815,mm,OK,--,4:00:17 PM,12/27/2025,
1037,108.3,gf,3.810,mm,OK,--,4:00:17 PM,12/27/2025,
1038,106.5,gf,3.810,mm,OK,--,4:00:18 PM,12/27/2025,
1039,104.9,gf,3.810,mm,OK,--,4:00:18 PM,12/27/2025,
1040,103.1,gf,3.805,mm,OK,--,4:00:18 PM,12/27/2025,
1041,101.1,gf,3.805,mm,OK,--,4:00:18 PM,12/27/2025,
1042,98.8,gf,3.800,mm,OK,--,4:00:18 PM,12/27/2025,
1043,96.4,gf,3.800,mm,OK,--,4:00:18 PM,12/27/2025,
1044,94.0,gf,3.800,mm,OK,--,4:00:18 PM,12/27/2025,
1045,91.5,gf,3.795,mm,OK,--,4:00:18 PM,12/27/2025,
1046,89.1,gf,3.795,mm,OK,--,4:00:18 PM,12/27/2025,
1047,86.6,gf,3.790,mm,OK,--,4:00:18 PM,12/27/2025,
1048,82.9,gf,3.785,mm,OK,--,4:00:19 PM,12/27/2025,
1049,79.3,gf,3.785,mm,OK,--,4:00:19 PM,12/27/2025,
1050,76.3,gf,3.780,mm,OK,--,4:00:19 PM,12/27/2025,
1051,74.0,gf,3.775,mm,OK,--,4:00:19 PM,12/27/2025,
1052,72.1,gf,3.775,mm,OK,--,4:00:19 PM,12/27/2025,
1053,69.6,gf,3.770,mm,OK,--,4:00:19 PM,12/27/2025,
1054,66.8,gf,3.765,mm,OK,--,4:00:19 PM,12/27/2025,
1055,64.2,gf,3.765,mm,OK,--,4:00:19 PM,12/27/2025,
1056,62.6,gf,3.760,mm,OK,--,4:00:19 PM,12/27/2025,
1057,61.2,gf,3.760,mm,OK,--,4:00:19 PM,12/27/2025,
1058,60.0,gf,3.755,mm,OK,--,4:00:20 PM,12/27/2025,
1059,59.2,gf,3.755,mm,OK,--,4:00:20 PM,12/27/2025,
1060,58.9,gf,3.755,mm,OK,--,4:00:20 PM,12/27/2025,
1061,58.1,gf,3.750,mm,OK,--,4:00:20 PM,12/27/2025,
1062,57.1,gf,3.750,mm,OK,--,4:00:20 PM,12/27/2025,
1063,56.1,gf,3.745,mm,OK,--,4:00:20 PM,12/27/2025,
1064,55.4,gf,3.745,mm,OK,--,4:00:20 PM,12/27/2025,
1065,55.2,gf,3.740,mm,OK,--,4:00:20 PM,12/27/2025,
1066,55.1,gf,3.740,mm,OK,--,4:00:20 PM,12/27/2025,
1067,55.2,gf,3.740,mm,OK,--,4:00:20 PM,12/27/2025,
1068,55.1,gf,3.740,mm,OK,--,4:00:21 PM,12/27/2025,
1069,55.1,gf,3.735,mm,OK,--,4:00:21 PM,12/27/2025,
1070,55.0,gf,3.735,mm,OK,--,4:00:21 PM,12/27/2025,
1071,55.0,gf,3.735,mm,OK,--,4:00:21 PM,12/27/2025,
1072,55.0,gf,3.735,mm,OK,--,4:00:21 PM,12/27/2025,
1073,55.0,gf,3.730,mm,OK,--,4:00:21 PM,12/27/2025,
1074,54.9,gf,3.730,mm,OK,--,4:00:21 PM,12/27/2025,
1075,54.9,gf,3.730,mm,OK,--,4:00:21 PM,12/27/2025,
1076,54.9,gf,3.730,mm,OK,--,4:00:21 PM,12/27/2025,
1077,54.8,gf,3.730,mm,OK,--,4:00:21 PM,12/27/2025,
1078,54.8,gf,3.730,mm,OK,--,4:00:22 PM,12/27/2025,
1079,54.7,gf,3.725,mm,OK,--,4:00:22 PM,12/27/2025,
1080,54.8,gf,3.725,mm,OK,--,4:00:22 PM,12/27/2025,
1081,54.7,gf,3.720,mm,OK,--,4:00:22 PM,12/27/2025,
1082,54.7,gf,3.720,mm,OK,--,4:00:22 PM,12/27/2025,
1083,54.7,gf,3.715,mm,OK,--,4:00:22 PM,12/27/2025,
1084,54.7,gf,3.715,mm,OK,--,4:00:22 PM,12/27/2025,
1085,54.7,gf,3.710,mm,OK,--,4:00:22 PM,12/27/2025,
1086,54.7,gf,3.705,mm,OK,--,4:00:22 PM,12/27/2025,
1087,54.7,gf,3.705,mm,OK,--,4:00:22 PM,12/27/2025,
1088,54.7,gf,3.700,mm,OK,--,4:00:23 PM,12/27/2025,
1089,54.6,gf,3.695,mm,OK,--,4:00:23 PM,12/27/2025,
1090,54.8,gf,3.690,mm,OK,--,4:00:23 PM,12/27/2025,
1091,54.7,gf,3.690,mm,OK,--,4:00:23 PM,12/27/2025,
1092,54.7,gf,3.685,mm,OK,--,4:00:23 PM,12/27/2025,
1093,54.7,gf,3.685,mm,OK,--,4:00:23 PM,12/27/2025,
1094,54.7,gf,3.680,mm,OK,--,4:00:23 PM,12/27/2025,
1095,54.7,gf,3.680,mm,OK,--,4:00:23 PM,12/27/2025,
1096,54.6,gf,3.675,mm,OK,--,4:00:23 PM,12/27/2025,
1097,54.6,gf,3.670,mm,OK,--,4:00:23 PM,12/27/2025,
1098,54.6,gf,3.665,mm,OK,--,4:00:24 PM,12/27/2025,
1099,54.6,gf,3.660,mm,OK,--,4:00:24 PM,12/27/2025,
1100,54.6,gf,3.660,mm,OK,--,4:00:24 PM,12/27/2025,
1101,54.6,gf,3.655,mm,OK,--,4:00:24 PM,12/27/2025,
1102,54.6,gf,3.650,mm,OK,--,4:00:24 PM,12/27/2025,
1103,54.6,gf,3.650,mm,OK,--,4:00:24 PM,12/27/2025,
1104,54.5,gf,3.645,mm,OK,--,4:00:24 PM,12/27/2025,
1105,54.5,gf,3.640,mm,OK,--,4:00:24 PM,12/27/2025,
1106,54.5,gf,3.635,mm,OK,--,4:00:24 PM,12/27/2025,
1107,54.4,gf,3.630,mm,OK,--,4:00:24 PM,12/27/2025,
1108,54.4,gf,3.630,mm,OK,--,4:00:25 PM,12/27/2025,
1109,54.4,gf,3.625,mm,OK,--,4:00:25 PM,12/27/2025,
1110,54.4,gf,3.620,mm,OK,--,4:00:25 PM,12/27/2025,
1111,54.3,gf,3.615,mm,OK,--,4:00:25 PM,12/27/2025,
1112,54.2,gf,3.610,mm,OK,--,4:00:25 PM,12/27/2025,
1113,54.2,gf,3.605,mm,OK,--,4:00:25 PM,12/27/2025,
1114,54.1,gf,3.600,mm,OK,--,4:00:25 PM,12/27/2025,
1115,54.1,gf,3.595,mm,OK,--,4:00:25 PM,12/27/2025,
1116,54.0,gf,3.590,mm,OK,--,4:00:25 PM,12/27/2025,
1117,54.0,gf,3.580,mm,OK,--,4:00:25 PM,12/27/2025,
1118,54.0,gf,3.575,mm,OK,--,4:00:26 PM,12/27/2025,
1119,54.0,gf,3.565,mm,OK,--,4:00:26 PM,12/27/2025,
1120,53.9,gf,3.560,mm,OK,--,4:00:26 PM,12/27/2025,
1121,53.9,gf,3.545,mm,OK,--,4:00:26 PM,12/27/2025,
1122,53.8,gf,3.535,mm,OK,--,4:00:26 PM,12/27/2025,
1123,53.7,gf,3.530,mm,OK,--,4:00:26 PM,12/27/2025,
1124,53.7,gf,3.525,mm,OK,--,4:00:26 PM,12/27/2025,
1125,53.6,gf,3.515,mm,OK,--,4:00:26 PM,12/27/2025,
1126,53.6,gf,3.510,mm,OK,--,4:00:26 PM,12/27/2025,
1127,53.5,gf,3.505,mm,OK,--,4:00:26 PM,12/27/2025,
1128,53.5,gf,3.500,mm,OK,--,4:00:27 PM,12/27/2025,
1129,53.4,gf,3.495,mm,OK,--,4:00:27 PM,12/27/2025,
1130,53.5,gf,3.490,mm,OK,--,4:00:27 PM,12/27/2025,
1131,53.4,gf,3.490,mm,OK,--,4:00:27 PM,12/27/2025,
1132,53.4,gf,3.485,mm,OK,--,4:00:27 PM,12/27/2025,
1133,53.4,gf,3.480,mm,OK,--,4:00:27 PM,12/27/2025,
1134,53.4,gf,3.480,mm,OK,--,4:00:27 PM,12/27/2025,
1135,53.4,gf,3.475,mm,OK,--,4:00:27 PM,12/27/2025,
1136,53.4,gf,3.470,mm,OK,--,4:00:27 PM,12/27/2025,
1137,53.3,gf,3.470,mm,OK,--,4:00:27 PM,12/27/2025,
1138,53.3,gf,3.465,mm,OK,--,4:00:28 PM,12/27/2025,
1139,53.3,gf,3.460,mm,OK,--,4:00:28 PM,12/27/2025,
1140,53.3,gf,3.455,mm,OK,--,4:00:28 PM,12/27/2025,
1141,53.2,gf,3.450,mm,OK,--,4:00:28 PM,12/27/2025,
1142,53.2,gf,3.445,mm,OK,--,4:00:28 PM,12/27/2025,
1143,53.2,gf,3.440,mm,OK,--,4:00:28 PM,12/27/2025,
1144,53.2,gf,3.435,mm,OK,--,4:00:28 PM,12/27/2025,
1145,53.2,gf,3.430,mm,OK,--,4:00:28 PM,12/27/2025,
1146,53.1,gf,3.420,mm,OK,--,4:00:28 PM,12/27/2025,
1147,53.1,gf,3.415,mm,OK,--,4:00:28 PM,12/27/2025,
1148,53.1,gf,3.410,mm,OK,--,4:00:29 PM,12/27/2025,
1149,53.0,gf,3.405,mm,OK,--,4:00:29 PM,12/27/2025,
1150,53.0,gf,3.400,mm,OK,--,4:00:29 PM,12/27/2025,
1151,52.9,gf,3.395,mm,OK,--,4:00:29 PM,12/27/2025,
1152,52.9,gf,3.390,mm,OK,--,4:00:29 PM,12/27/2025,
1153,52.8,gf,3.385,mm,OK,--,4:00:29 PM,12/27/2025,
1154,52.8,gf,3.380,mm,OK,--,4:00:29 PM,12/27/2025,
1155,52.7,gf,3.375,mm,OK,--,4:00:29 PM,12/27/2025,
1156,52.7,gf,3.365,mm,OK,--,4:00:29 PM,12/27/2025,
1157,52.6,gf,3.360,mm,OK,--,4:00:29 PM,12/27/2025,
1158,52.5,gf,3.350,mm,OK,--,4:00:30 PM,12/27/2025,
1159,52.4,gf,3.345,mm,OK,--,4:00:30 PM,12/27/2025,
1160,52.4,gf,3.335,mm,OK,--,4:00:30 PM,12/27/2025,
1161,52.4,gf,3.325,mm,OK,--,4:00:30 PM,12/27/2025,
1162,52.4,gf,3.315,mm,OK,--,4:00:30 PM,12/27/2025,
1163,52.3,gf,3.305,mm,OK,--,4:00:30 PM,12/27/2025,
1164,52.2,gf,3.295,mm,OK,--,4:00:30 PM,12/27/2025,
1165,52.2,gf,3.285,mm,OK,--,4:00:30 PM,12/27/2025,
1166,52.1,gf,3.280,mm,OK,--,4:00:30 PM,12/27/2025,
1167,52.1,gf,3.270,mm,OK,--,4:00:30 PM,12/27/2025,
1168,52.0,gf,3.260,mm,OK,--,4:00:31 PM,12/27/2025,
1169,52.0,gf,3.255,mm,OK,--,4:00:31 PM,12/27/2025,
1170,51.9,gf,3.245,mm,OK,--,4:00:31 PM,12/27/2025,
1171,51.9,gf,3.235,mm,OK,--,4:00:31 PM,12/27/2025,
1172,51.9,gf,3.225,mm,OK,--,4:00:31 PM,12/27/2025,
1173,51.8,gf,3.215,mm,OK,--,4:00:31 PM,12/27/2025,
1174,51.7,gf,3.210,mm,OK,--,4:00:31 PM,12/27/2025,
1175,51.6,gf,3.200,mm,OK,--,4:00:31 PM,12/27/2025,
1176,51.6,gf,3.185,mm,OK,--,4:00:31 PM,12/27/2025,
1177,51.4,gf,3.175,mm,OK,--,4:00:31 PM,12/27/2025,
1178,51.4,gf,3.170,mm,OK,--,4:00:32 PM,12/27/2025,
1179,51.3,gf,3.160,mm,OK,--,4:00:32 PM,12/27/2025,
1180,51.3,gf,3.160,mm,OK,--,4:00:32 PM,12/27/2025,
1181,51.3,gf,3.155,mm,OK,--,4:00:32 PM,12/27/2025,
1182,51.2,gf,3.150,mm,OK,--,4:00:32 PM,12/27/2025,
1183,51.2,gf,3.145,mm,OK,--,4:00:32 PM,12/27/2025,
1184,51.2,gf,3.145,mm,OK,--,4:00:32 PM,12/27/2025,
1185,51.1,gf,3.140,mm,OK,--,4:00:32 PM,12/27/2025,
1186,51.1,gf,3.135,mm,OK,--,4:00:32 PM,12/27/2025,
1187,51.1,gf,3.130,mm,OK,--,4:00:32 PM,12/27/2025,
1188,51.1,gf,3.125,mm,OK,--,4:00:33 PM,12/27/2025,
1189,51.0,gf,3.120,mm,OK,--,4:00:33 PM,12/27/2025,
1190,50.9,gf,3.120,mm,OK,--,4:00:33 PM,12/27/2025,
1191,50.9,gf,3.115,mm,OK,--,4:00:33 PM,12/27/2025,
1192,50.9,gf,3.110,mm,OK,--,4:00:33 PM,12/27/2025,
1193,50.8,gf,3.105,mm,OK,--,4:00:33 PM,12/27/2025,
1194,50.8,gf,3.095,mm,OK,--,4:00:33 PM,12/27/2025,
1195,50.7,gf,3.085,mm,OK,--,4:00:33 PM,12/27/2025,
1196,50.5,gf,3.070,mm,OK,--,4:00:33 PM,12/27/2025,
1197,50.5,gf,3.060,mm,OK,--,4:00:33 PM,12/27/2025,
1198,50.4,gf,3.050,mm,OK,--,4:00:34 PM,12/27/2025,
1199,50.3,gf,3.035,mm,OK,--,4:00:34 PM,12/27/2025,
1200,50.1,gf,3.020,mm,OK,--,4:00:34 PM,12/27/2025,
1201,50.0,gf,3.000,mm,OK,--,4:00:34 PM,12/27/2025,
1202,50.0,gf,2.990,mm,OK,--,4:00:34 PM,12/27/2025,
1203,49.9,gf,2.975,mm,OK,--,4:00:34 PM,12/27/2025,
1204,49.9,gf,2.970,mm,OK,--,4:00:34 PM,12/27/2025,
1205,49.9,gf,2.965,mm,OK,--,4:00:34 PM,12/27/2025,
1206,49.9,gf,2.960,mm,OK,--,4:00:34 PM,12/27/2025,
1207,49.8,gf,2.955,mm,OK,--,4:00:34 PM,12/27/2025,
1208,49.8,gf,2.945,mm,OK,--,4:00:35 PM,12/27/2025,
1209,49.8,gf,2.940,mm,OK,--,4:00:35 PM,12/27/2025,
1210,49.7,gf,2.935,mm,OK,--,4:00:35 PM,12/27/2025,
1211,49.7,gf,2.930,mm,OK,--,4:00:35 PM,12/27/2025,
1212,49.7,gf,2.925,mm,OK,--,4:00:35 PM,12/27/2025,
1213,49.6,gf,2.920,mm,OK,--,4:00:35 PM,12/27/2025,
1214,49.6,gf,2.915,mm,OK,--,4:00:35 PM,12/27/2025,
1215,49.6,gf,2.905,mm,OK,--,4:00:35 PM,12/27/2025,
1216,49.5,gf,2.895,mm,OK,--,4:00:35 PM,12/27/2025,
1217,49.5,gf,2.885,mm,OK,--,4:00:35 PM,12/27/2025,
1218,49.5,gf,2.880,mm,OK,--,4:00:36 PM,12/27/2025,
1219,49.4,gf,2.870,mm,OK,--,4:00:36 PM,12/27/2025,
1220,49.4,gf,2.860,mm,OK,--,4:00:36 PM,12/27/2025,
1221,49.3,gf,2.855,mm,OK,--,4:00:36 PM,12/27/2025,
1222,49.3,gf,2.845,mm,OK,--,4:00:36 PM,12/27/2025,
1223,49.2,gf,2.840,mm,OK,--,4:00:36 PM,12/27/2025,
1224,49.2,gf,2.830,mm,OK,--,4:00:36 PM,12/27/2025,
1225,49.2,gf,2.820,mm,OK,--,4:00:36 PM,12/27/2025,
1226,49.2,gf,2.810,mm,OK,--,4:00:36 PM,12/27/2025,
1227,49.0,gf,2.800,mm,OK,--,4:00:36 PM,12/27/2025,
1228,48.9,gf,2.790,mm,OK,--,4:00:37 PM,12/27/2025,
1229,48.8,gf,2.780,mm,OK,--,4:00:37 PM,12/27/2025,
1230,48.7,gf,2.765,mm,OK,--,4:00:37 PM,12/27/2025,
1231,48.7,gf,2.750,mm,OK,--,4:00:37 PM,12/27/2025,
1232,48.6,gf,2.740,mm,OK,--,4:00:37 PM,12/27/2025,
1233,48.6,gf,2.730,mm,OK,--,4:00:37 PM,12/27/2025,
1234,48.6,gf,2.720,mm,OK,--,4:00:37 PM,12/27/2025,
1235,48.6,gf,2.710,mm,OK,--,4:00:37 PM,12/27/2025,
1236,48.5,gf,2.705,mm,OK,--,4:00:37 PM,12/27/2025,
1237,48.5,gf,2.700,mm,OK,--,4:00:37 PM,12/27/2025,
1238,48.5,gf,2.695,mm,OK,--,4:00:38 PM,12/27/2025,
1239,48.5,gf,2.690,mm,OK,--,4:00:38 PM,12/27/2025,
1240,48.5,gf,2.690,mm,OK,--,4:00:38 PM,12/27/2025,
1241,48.4,gf,2.690,mm,OK,--,4:00:38 PM,12/27/2025,
1242,48.4,gf,2.685,mm,OK,--,4:00:38 PM,12/27/2025,
1243,48.3,gf,2.680,mm,OK,--,4:00:38 PM,12/27/2025,
1244,48.3,gf,2.675,mm,OK,--,4:00:38 PM,12/27/2025,
1245,48.2,gf,2.665,mm,OK,--,4:00:38 PM,12/27/2025,
1246,48.2,gf,2.660,mm,OK,--,4:00:38 PM,12/27/2025,
1247,48.2,gf,2.650,mm,OK,--,4:00:38 PM,12/27/2025,
1248,48.1,gf,2.645,mm,OK,--,4:00:39 PM,12/27/2025,
1249,48.0,gf,2.635,mm,OK,--,4:00:39 PM,12/27/2025,
1250,48.0,gf,2.630,mm,OK,--,4:00:39 PM,12/27/2025,
1251,48.0,gf,2.625,mm,OK,--,4:00:39 PM,12/27/2025,
1252,47.9,gf,2.615,mm,OK,--,4:00:39 PM,12/27/2025,
1253,47.8,gf,2.610,mm,OK,--,4:00:39 PM,12/27/2025,
1254,47.8,gf,2.605,mm,OK,--,4:00:39 PM,12/27/2025,
1255,47.8,gf,2.600,mm,OK,--,4:00:39 PM,12/27/2025,
1256,47.8,gf,2.595,mm,OK,--,4:00:39 PM,12/27/2025,
1257,47.8,gf,2.590,mm,OK,--,4:00:39 PM,12/27/2025,
1258,47.7,gf,2.590,mm,OK,--,4:00:40 PM,12/27/2025,
1259,47.7,gf,2.580,mm,OK,--,4:00:40 PM,12/27/2025,
1260,47.7,gf,2.570,mm,OK,--,4:00:40 PM,12/27/2025,
1261,47.5,gf,2.560,mm,OK,--,4:00:40 PM,12/27/2025,
1262,47.4,gf,2.550,mm,OK,--,4:00:40 PM,12/27/2025,
1263,47.4,gf,2.540,mm,OK,--,4:00:40 PM,12/27/2025,
1264,47.4,gf,2.535,mm,OK,--,4:00:40 PM,12/27/2025,
1265,47.4,gf,2.530,mm,OK,--,4:00:40 PM,12/27/2025,
1266,47.4,gf,2.525,mm,OK,--,4:00:40 PM,12/27/2025,
1267,47.4,gf,2.520,mm,OK,--,4:00:40 PM,12/27/2025,
1268,47.4,gf,2.520,mm,OK,--,4:00:41 PM,12/27/2025,
1269,47.4,gf,2.515,mm,OK,--,4:00:41 PM,12/27/2025,
1270,47.3,gf,2.515,mm,OK,--,4:00:41 PM,12/27/2025,
1271,47.3,gf,2.510,mm,OK,--,4:00:41 PM,12/27/2025,
1272,47.3,gf,2.505,mm,OK,--,4:00:41 PM,12/27/2025,
1273,47.3,gf,2.500,mm,OK,--,4:00:41 PM,12/27/2025,
1274,47.3,gf,2.500,mm,OK,--,4:00:41 PM,12/27/2025,
1275,47.3,gf,2.495,mm,OK,--,4:00:41 PM,12/27/2025,
1276,47.2,gf,2.490,mm,OK,--,4:00:41 PM,12/27/2025,
1277,47.2,gf,2.490,mm,OK,--,4:00:41 PM,12/27/2025,
1278,47.2,gf,2.485,mm,OK,--,4:00:42 PM,12/27/2025,
1279,47.2,gf,2.485,mm,OK,--,4:00:42 PM,12/27/2025,
1280,47.2,gf,2.485,mm,OK,--,4:00:42 PM,12/27/2025,
1281,47.1,gf,2.480,mm,OK,--,4:00:42 PM,12/27/2025,
1282,47.1,gf,2.480,mm,OK,--,4:00:42 PM,12/27/2025,
1283,47.1,gf,2.475,mm,OK,--,4:00:42 PM,12/27/2025,
1284,47.1,gf,2.475,mm,OK,--,4:00:42 PM,12/27/2025,
1285,47.1,gf,2.475,mm,OK,--,4:00:42 PM,12/27/2025,
1286,47.1,gf,2.470,mm,OK,--,4:00:42 PM,12/27/2025,
1287,47.0,gf,2.470,mm,OK,--,4:00:42 PM,12/27/2025,
1288,47.0,gf,2.465,mm,OK,--,4:00:43 PM,12/27/2025,
1289,47.0,gf,2.460,mm,OK,--,4:00:43 PM,12/27/2025,
1290,47.0,gf,2.450,mm,OK,--,4:00:43 PM,12/27/2025,
1291,46.9,gf,2.445,mm,OK,--,4:00:43 PM,12/27/2025,
1292,46.9,gf,2.440,mm,OK,--,4:00:43 PM,12/27/2025,
1293,46.8,gf,2.435,mm,OK,--,4:00:43 PM,12/27/2025,
1294,46.8,gf,2.430,mm,OK,--,4:00:43 PM,12/27/2025,
1295,46.7,gf,2.420,mm,OK,--,4:00:43 PM,12/27/2025,
1296,46.5,gf,2.415,mm,OK,--,4:00:43 PM,12/27/2025,
1297,46.3,gf,2.410,mm,OK,--,4:00:43 PM,12/27/2025,
1298,46.2,gf,2.405,mm,OK,--,4:00:44 PM,12/27/2025,
1299,46.1,gf,2.400,mm,OK,--,4:00:44 PM,12/27/2025,
1300,46.1,gf,2.390,mm,OK,--,4:00:44 PM,12/27/2025,
1301,46.0,gf,2.380,mm,OK,--,4:00:44 PM,12/27/2025,
1302,46.0,gf,2.375,mm,OK,--,4:00:44 PM,12/27/2025,
1303,45.8,gf,2.370,mm,OK,--,4:00:44 PM,12/27/2025,
1304,45.5,gf,2.360,mm,OK,--,4:00:44 PM,12/27/2025,
1305,45.2,gf,2.355,mm,OK,--,4:00:44 PM,12/27/2025,
1306,44.9,gf,2.355,mm,OK,--,4:00:44 PM,12/27/2025,
1307,44.6,gf,2.350,mm,OK,--,4:00:44 PM,12/27/2025,
1308,44.4,gf,2.345,mm,OK,--,4:00:45 PM,12/27/2025,
1309,44.2,gf,2.340,mm,OK,--,4:00:45 PM,12/27/2025,
1310,44.1,gf,2.335,mm,OK,--,4:00:45 PM,12/27/2025,
1311,44.0,gf,2.335,mm,OK,--,4:00:45 PM,12/27/2025,
1312,43.9,gf,2.335,mm,OK,--,4:00:45 PM,12/27/2025,
1313,43.8,gf,2.330,mm,OK,--,4:00:45 PM,12/27/2025,
1314,43.9,gf,2.330,mm,OK,--,4:00:45 PM,12/27/2025,
1315,43.7,gf,2.330,mm,OK,--,4:00:45 PM,12/27/2025,
1316,43.7,gf,2.325,mm,OK,--,4:00:45 PM,12/27/2025,
1317,43.7,gf,2.325,mm,OK,--,4:00:45 PM,12/27/2025,
1318,43.6,gf,2.320,mm,OK,--,4:00:46 PM,12/27/2025,
1319,43.5,gf,2.320,mm,OK,--,4:00:46 PM,12/27/2025,
1320,43.4,gf,2.315,mm,OK,--,4:00:46 PM,12/27/2025,
1321,43.3,gf,2.315,mm,OK,--,4:00:46 PM,12/27/2025,
1322,43.1,gf,2.310,mm,OK,--,4:00:46 PM,12/27/2025,
1323,43.0,gf,2.310,mm,OK,--,4:00:46 PM,12/27/2025,
1324,42.9,gf,2.305,mm,OK,--,4:00:46 PM,12/27/2025,
1325,42.7,gf,2.300,mm,OK,--,4:00:46 PM,12/27/2025,
1326,42.5,gf,2.300,mm,OK,--,4:00:46 PM,12/27/2025,
1327,42.3,gf,2.295,mm,OK,--,4:00:46 PM,12/27/2025,
1328,42.1,gf,2.290,mm,OK,--,4:00:47 PM,12/27/2025,
1329,41.9,gf,2.285,mm,OK,--,4:00:47 PM,12/27/2025,
1330,41.8,gf,2.285,mm,OK,--,4:00:47 PM,12/27/2025,
1331,41.5,gf,2.280,mm,OK,--,4:00:47 PM,12/27/2025,
1332,41.0,gf,2.275,mm,OK,--,4:00:47 PM,12/27/2025,
1333,40.6,gf,2.275,mm,OK,--,4:00:47 PM,12/27/2025,
1334,40.1,gf,2.265,mm,OK,--,4:00:47 PM,12/27/2025,
1335,39.6,gf,2.260,mm,OK,--,4:00:47 PM,12/27/2025,
1336,39.6,gf,2.250,mm,OK,--,4:00:47 PM,12/27/2025,
1337,39.5,gf,2.245,mm,OK,--,4:00:47 PM,12/27/2025,
1338,39.4,gf,2.240,mm,OK,--,4:00:48 PM,12/27/2025,
1339,39.4,gf,2.235,mm,OK,--,4:00:48 PM,12/27/2025,
1340,39.4,gf,2.230,mm,OK,--,4:00:48 PM,12/27/2025,
1341,39.3,gf,2.225,mm,OK,--,4:00:48 PM,12/27/2025,
1342,39.2,gf,2.225,mm,OK,--,4:00:48 PM,12/27/2025,
1343,39.0,gf,2.220,mm,OK,--,4:00:48 PM,12/27/2025,
1344,38.7,gf,2.210,mm,OK,--,4:00:48 PM,12/27/2025,
1345,38.7,gf,2.200,mm,OK,--,4:00:48 PM,12/27/2025,
1346,38.7,gf,2.190,mm,OK,--,4:00:48 PM,12/27/2025,
1347,38.6,gf,2.185,mm,OK,--,4:00:48 PM,12/27/2025,
1348,38.5,gf,2.180,mm,OK,--,4:00:49 PM,12/27/2025,
1349,38.4,gf,2.175,mm,OK,--,4:00:49 PM,12/27/2025,
1350,38.3,gf,2.170,mm,OK,--,4:00:49 PM,12/27/2025,
1351,38.2,gf,2.160,mm,OK,--,4:00:49 PM,12/27/2025,
1352,38.1,gf,2.155,mm,OK,--,4:00:49 PM,12/27/2025,
1353,38.0,gf,2.145,mm,OK,--,4:00:49 PM,12/27/2025,
1354,37.9,gf,2.135,mm,OK,--,4:00:49 PM,12/27/2025,
1355,37.8,gf,2.135,mm,OK,--,4:00:49 PM,12/27/2025,
1356,37.7,gf,2.130,mm,OK,--,4:00:49 PM,12/27/2025,
1357,37.9,gf,2.125,mm,OK,--,4:00:49 PM,12/27/2025,
1358,38.5,gf,2.120,mm,OK,--,4:00:50 PM,12/27/2025,
1359,38.6,gf,2.115,mm,OK,--,4:00:50 PM,12/27/2025,
1360,38.7,gf,2.110,mm,OK,--,4:00:50 PM,12/27/2025,
1361,38.7,gf,2.110,mm,OK,--,4:00:50 PM,12/27/2025,
1362,38.7,gf,2.105,mm,OK,--,4:00:50 PM,12/27/2025,
1363,38.7,gf,2.100,mm,OK,--,4:00:50 PM,12/27/2025,
1364,38.7,gf,2.100,mm,OK,--,4:00:50 PM,12/27/2025,
1365,38.7,gf,2.095,mm,OK,--,4:00:50 PM,12/27/2025,
1366,38.5,gf,2.090,mm,OK,--,4:00:50 PM,12/27/2025,
1367,38.4,gf,2.085,mm,OK,--,4:00:50 PM,12/27/2025,
1368,38.4,gf,2.080,mm,OK,--,4:00:51 PM,12/27/2025,
1369,38.4,gf,2.075,mm,OK,--,4:00:51 PM,12/27/2025,
1370,38.2,gf,2.070,mm,OK,--,4:00:51 PM,12/27/2025,
1371,38.1,gf,2.060,mm,OK,--,4:00:51 PM,12/27/2025,
1372,37.9,gf,2.055,mm,OK,--,4:00:51 PM,12/27/2025,
1373,37.7,gf,2.040,mm,OK,--,4:00:51 PM,12/27/2025,
1374,37.5,gf,2.030,mm,OK,--,4:00:51 PM,12/27/2025,
1375,37.3,gf,2.015,mm,OK,--,4:00:51 PM,12/27/2025,
1376,37.1,gf,2.000,mm,OK,--,4:00:51 PM,12/27/2025,
1377,36.9,gf,1.990,mm,OK,--,4:00:51 PM,12/27/2025,
1378,36.9,gf,1.980,mm,OK,--,4:00:52 PM,12/27/2025,
1379,36.7,gf,1.975,mm,OK,--,4:00:52 PM,12/27/2025,
1380,36.5,gf,1.965,mm,OK,--,4:00:52 PM,12/27/2025,
1381,36.5,gf,1.960,mm,OK,--,4:00:52 PM,12/27/2025,
1382,36.3,gf,1.955,mm,OK,--,4:00:52 PM,12/27/2025,
1383,36.2,gf,1.945,mm,OK,--,4:00:52 PM,12/27/2025,
1384,36.1,gf,1.940,mm,OK,--,4:00:52 PM,12/27/2025,
1385,36.0,gf,1.930,mm,OK,--,4:00:52 PM,12/27/2025,
1386,35.9,gf,1.925,mm,OK,--,4:00:52 PM,12/27/2025,
1387,35.9,gf,1.920,mm,OK,--,4:00:52 PM,12/27/2025,
1388,35.8,gf,1.915,mm,OK,--,4:00:53 PM,12/27/2025,
1389,35.7,gf,1.910,mm,OK,--,4:00:53 PM,12/27/2025,
1390,35.6,gf,1.905,mm,OK,--,4:00:53 PM,12/27/2025,
1391,35.5,gf,1.900,mm,OK,--,4:00:53 PM,12/27/2025,
1392,35.6,gf,1.895,mm,OK,--,4:00:53 PM,12/27/2025,
1393,35.6,gf,1.890,mm,OK,--,4:00:53 PM,12/27/2025,
1394,35.5,gf,1.890,mm,OK,--,4:00:53 PM,12/27/2025,
1395,35.5,gf,1.885,mm,OK,--,4:00:53 PM,12/27/2025,
1396,35.3,gf,1.880,mm,OK,--,4:00:53 PM,12/27/2025,
1397,35.3,gf,1.875,mm,OK,--,4:00:53 PM,12/27/2025,
1398,35.2,gf,1.875,mm,OK,--,4:00:54 PM,12/27/2025,
1399,35.4,gf,1.865,mm,OK,--,4:00:54 PM,12/27/2025,
1400,35.3,gf,1.860,mm,OK,--,4:00:54 PM,12/27/2025,
1401,35.1,gf,1.850,mm,OK,--,4:00:54 PM,12/27/2025,
1402,35.1,gf,1.845,mm,OK,--,4:00:54 PM,12/27/2025,
1403,35.0,gf,1.840,mm,OK,--,4:00:54 PM,12/27/2025,
1404,34.9,gf,1.835,mm,OK,--,4:00:54 PM,12/27/2025,
1405,34.9,gf,1.830,mm,OK,--,4:00:54 PM,12/27/2025,
1406,34.8,gf,1.820,mm,OK,--,4:00:54 PM,12/27/2025,
1407,34.6,gf,1.815,mm,OK,--,4:00:54 PM,12/27/2025,
1408,34.4,gf,1.805,mm,OK,--,4:00:55 PM,12/27/2025,
1409,34.3,gf,1.795,mm,OK,--,4:00:55 PM,12/27/2025,
1410,34.2,gf,1.785,mm,OK,--,4:00:55 PM,12/27/2025,
1411,34.0,gf,1.780,mm,OK,--,4:00:55 PM,12/27/2025,
1412,34.0,gf,1.770,mm,OK,--,4:00:55 PM,12/27/2025,
1413,34.0,gf,1.765,mm,OK,--,4:00:55 PM,12/27/2025,
1414,34.0,gf,1.755,mm,OK,--,4:00:55 PM,12/27/2025,
1415,33.9,gf,1.750,mm,OK,--,4:00:55 PM,12/27/2025,
1416,33.7,gf,1.745,mm,OK,--,4:00:55 PM,12/27/2025,
1417,33.6,gf,1.740,mm,OK,--,4:00:55 PM,12/27/2025,
1418,33.6,gf,1.730,mm,OK,--,4:00:56 PM,12/27/2025,
1419,33.5,gf,1.725,mm,OK,--,4:00:56 PM,12/27/2025,
1420,33.6,gf,1.720,mm,OK,--,4:00:56 PM,12/27/2025,
1421,33.6,gf,1.715,mm,OK,--,4:00:56 PM,12/27/2025,
1422,33.6,gf,1.710,mm,OK,--,4:00:56 PM,12/27/2025,
1423,33.6,gf,1.705,mm,OK,--,4:00:56 PM,12/27/2025,
1424,33.7,gf,1.705,mm,OK,--,4:00:56 PM,12/27/2025,
1425,33.6,gf,1.700,mm,OK,--,4:00:56 PM,12/27/2025,
1426,33.5,gf,1.695,mm,OK,--,4:00:56 PM,12/27/2025,
1427,33.6,gf,1.690,mm,OK,--,4:00:56 PM,12/27/2025,
1428,33.5,gf,1.685,mm,OK,--,4:00:57 PM,12/27/2025,
1429,33.3,gf,1.680,mm,OK,--,4:00:57 PM,12/27/2025,
1430,33.1,gf,1.675,mm,OK,--,4:00:57 PM,12/27/2025,
1431,33.1,gf,1.670,mm,OK,--,4:00:57 PM,12/27/2025,
1432,33.1,gf,1.665,mm,OK,--,4:00:57 PM,12/27/2025,
1433,33.0,gf,1.660,mm,OK,--,4:00:57 PM,12/27/2025,
1434,33.0,gf,1.655,mm,OK,--,4:00:57 PM,12/27/2025,
1435,32.9,gf,1.650,mm,OK,--,4:00:57 PM,12/27/2025,
1436,32.9,gf,1.640,mm,OK,--,4:00:57 PM,12/27/2025,
1437,32.9,gf,1.630,mm,OK,--,4:00:57 PM,12/27/2025,
1438,32.9,gf,1.625,mm,OK,--,4:00:58 PM,12/27/2025,
1439,32.8,gf,1.620,mm,OK,--,4:00:58 PM,12/27/2025,
1440,32.7,gf,1.610,mm,OK,--,4:00:58 PM,12/27/2025,
1441,32.7,gf,1.605,mm,OK,--,4:00:58 PM,12/27/2025,
1442,32.6,gf,1.600,mm,OK,--,4:00:58 PM,12/27/2025,
1443,32.5,gf,1.590,mm,OK,--,4:00:58 PM,12/27/2025,
1444,32.5,gf,1.585,mm,OK,--,4:00:58 PM,12/27/2025,
1445,32.4,gf,1.580,mm,OK,--,4:00:58 PM,12/27/2025,
1446,32.4,gf,1.570,mm,OK,--,4:00:58 PM,12/27/2025,
1447,32.3,gf,1.560,mm,OK,--,4:00:58 PM,12/27/2025,
1448,32.1,gf,1.555,mm,OK,--,4:00:59 PM,12/27/2025,
1449,32.0,gf,1.545,mm,OK,--,4:00:59 PM,12/27/2025,
1450,32.0,gf,1.540,mm,OK,--,4:00:59 PM,12/27/2025,
1451,32.0,gf,1.535,mm,OK,--,4:00:59 PM,12/27/2025,
1452,32.0,gf,1.530,mm,OK,--,4:00:59 PM,12/27/2025,
1453,32.0,gf,1.525,mm,OK,--,4:00:59 PM,12/27/2025,
1454,32.1,gf,1.520,mm,OK,--,4:00:59 PM,12/27/2025,
1455,32.0,gf,1.520,mm,OK,--,4:00:59 PM,12/27/2025,
1456,32.0,gf,1.515,mm,OK,--,4:00:59 PM,12/27/2025,
1457,31.8,gf,1.515,mm,OK,--,4:00:59 PM,12/27/2025,
1458,31.9,gf,1.510,mm,OK,--,4:01:00 PM,12/27/2025,
1459,31.7,gf,1.505,mm,OK,--,4:01:00 PM,12/27/2025,
1460,31.6,gf,1.500,mm,OK,--,4:01:00 PM,12/27/2025,
1461,31.5,gf,1.495,mm,OK,--,4:01:00 PM,12/27/2025,
1462,31.4,gf,1.490,mm,OK,--,4:01:00 PM,12/27/2025,
1463,31.3,gf,1.485,mm,OK,--,4:01:00 PM,12/27/2025,
1464,31.1,gf,1.475,mm,OK,--,4:01:00 PM,12/27/2025,
1465,31.1,gf,1.465,mm,OK,--,4:01:00 PM,12/27/2025,
1466,31.0,gf,1.455,mm,OK,--,4:01:00 PM,12/27/2025,
1467,31.0,gf,1.450,mm,OK,--,4:01:00 PM,12/27/2025,
1468,31.0,gf,1.445,mm,OK,--,4:01:01 PM,12/27/2025,
1469,31.0,gf,1.435,mm,OK,--,4:01:01 PM,12/27/2025,
1470,30.9,gf,1.430,mm,OK,--,4:01:01 PM,12/27/2025,
1471,30.8,gf,1.425,mm,OK,--,4:01:01 PM,12/27/2025,
1472,30.6,gf,1.415,mm,OK,--,4:01:01 PM,12/27/2025,
1473,30.5,gf,1.405,mm,OK,--,4:01:01 PM,12/27/2025,
1474,30.3,gf,1.400,mm,OK,--,4:01:01 PM,12/27/2025,
1475,30.0,gf,1.390,mm,OK,--,4:01:01 PM,12/27/2025,
1476,30.2,gf,1.380,mm,OK,--,4:01:01 PM,12/27/2025,
1477,30.3,gf,1.370,mm,OK,--,4:01:01 PM,12/27/2025,
1478,30.1,gf,1.365,mm,OK,--,4:01:02 PM,12/27/2025,
1479,29.9,gf,1.355,mm,OK,--,4:01:02 PM,12/27/2025,
1480,29.8,gf,1.350,mm,OK,--,4:01:02 PM,12/27/2025,
1481,29.7,gf,1.340,mm,OK,--,4:01:02 PM,12/27/2025,
1482,29.8,gf,1.335,mm,OK,--,4:01:02 PM,12/27/2025,
1483,29.8,gf,1.330,mm,OK,--,4:01:02 PM,12/27/2025,
1484,29.6,gf,1.325,mm,OK,--,4:01:02 PM,12/27/2025,
1485,29.5,gf,1.315,mm,OK,--,4:01:02 PM,12/27/2025,
1486,29.6,gf,1.310,mm,OK,--,4:01:02 PM,12/27/2025,
1487,29.5,gf,1.305,mm,OK,--,4:01:02 PM,12/27/2025,
1488,29.5,gf,1.305,mm,OK,--,4:01:03 PM,12/27/2025,
1489,29.5,gf,1.300,mm,OK,--,4:01:03 PM,12/27/2025,
1490,29.5,gf,1.300,mm,OK,--,4:01:03 PM,12/27/2025,
1491,29.3,gf,1.295,mm,OK,--,4:01:03 PM,12/27/2025,
1492,29.2,gf,1.290,mm,OK,--,4:01:03 PM,12/27/2025,
1493,29.2,gf,1.290,mm,OK,--,4:01:03 PM,12/27/2025,
1494,29.3,gf,1.285,mm,OK,--,4:01:03 PM,12/27/2025,
1495,29.4,gf,1.280,mm,OK,--,4:01:03 PM,12/27/2025,
1496,29.3,gf,1.280,mm,OK,--,4:01:03 PM,12/27/2025,
1497,29.3,gf,1.275,mm,OK,--,4:01:03 PM,12/27/2025,
1498,29.3,gf,1.270,mm,OK,--,4:01:04 PM,12/27/2025,
1499,29.4,gf,1.270,mm,OK,--,4:01:04 PM,12/27/2025,
1500,29.3,gf,1.265,mm,OK,--,4:01:04 PM,12/27/2025,
1501,29.1,gf,1.265,mm,OK,--,4:01:04 PM,12/27/2025,
1502,29.0,gf,1.260,mm,OK,--,4:01:04 PM,12/27/2025,
1503,29.0,gf,1.255,mm,OK,--,4:01:04 PM,12/27/2025,
1504,28.8,gf,1.250,mm,OK,--,4:01:04 PM,12/27/2025,
1505,28.7,gf,1.240,mm,OK,--,4:01:04 PM,12/27/2025,
1506,28.9,gf,1.235,mm,OK,--,4:01:04 PM,12/27/2025,
1507,29.0,gf,1.230,mm,OK,--,4:01:04 PM,12/27/2025,
1508,29.1,gf,1.230,mm,OK,--,4:01:05 PM,12/27/2025,
1509,29.0,gf,1.225,mm,OK,--,4:01:05 PM,12/27/2025,
1510,28.9,gf,1.220,mm,OK,--,4:01:05 PM,12/27/2025,
1511,28.9,gf,1.215,mm,OK,--,4:01:05 PM,12/27/2025,
1512,29.0,gf,1.210,mm,OK,--,4:01:05 PM,12/27/2025,
1513,28.9,gf,1.205,mm,OK,--,4:01:05 PM,12/27/2025,
1514,28.9,gf,1.200,mm,OK,--,4:01:05 PM,12/27/2025,
1515,28.8,gf,1.200,mm,OK,--,4:01:05 PM,12/27/2025,
1516,28.6,gf,1.195,mm,OK,--,4:01:05 PM,12/27/2025,
1517,28.6,gf,1.190,mm,OK,--,4:01:05 PM,12/27/2025,
1518,28.4,gf,1.185,mm,OK,--,4:01:06 PM,12/27/2025,
1519,28.2,gf,1.180,mm,OK,--,4:01:06 PM,12/27/2025,
1520,28.2,gf,1.170,mm,OK,--,4:01:06 PM,12/27/2025,
1521,28.1,gf,1.160,mm,OK,--,4:01:06 PM,12/27/2025,
1522,28.1,gf,1.155,mm,OK,--,4:01:06 PM,12/27/2025,
1523,28.0,gf,1.150,mm,OK,--,4:01:06 PM,12/27/2025,
1524,27.8,gf,1.145,mm,OK,--,4:01:06 PM,12/27/2025,
1525,27.8,gf,1.135,mm,OK,--,4:01:06 PM,12/27/2025,
1526,27.7,gf,1.130,mm,OK,--,4:01:06 PM,12/27/2025,
1527,27.8,gf,1.125,mm,OK,--,4:01:06 PM,12/27/2025,
1528,27.6,gf,1.115,mm,OK,--,4:01:07 PM,12/27/2025,
1529,27.6,gf,1.110,mm,OK,--,4:01:07 PM,12/27/2025,
1530,27.7,gf,1.110,mm,OK,--,4:01:07 PM,12/27/2025,
1531,27.6,gf,1.105,mm,OK,--,4:01:07 PM,12/27/2025,
1532,27.5,gf,1.105,mm,OK,--,4:01:07 PM,12/27/2025,
1533,27.5,gf,1.100,mm,OK,--,4:01:07 PM,12/27/2025,
1534,27.4,gf,1.100,mm,OK,--,4:01:07 PM,12/27/2025,
1535,27.4,gf,1.095,mm,OK,--,4:01:07 PM,12/27/2025,
1536,27.3,gf,1.095,mm,OK,--,4:01:07 PM,12/27/2025,
1537,27.2,gf,1.090,mm,OK,--,4:01:07 PM,12/27/2025,
1538,27.5,gf,1.085,mm,OK,--,4:01:08 PM,12/27/2025,
1539,27.6,gf,1.080,mm,OK,--,4:01:08 PM,12/27/2025,
1540,27.6,gf,1.070,mm,OK,--,4:01:08 PM,12/27/2025,
1541,27.6,gf,1.065,mm,OK,--,4:01:08 PM,12/27/2025,
1542,27.6,gf,1.065,mm,OK,--,4:01:08 PM,12/27/2025,
1543,27.6,gf,1.060,mm,OK,--,4:01:08 PM,12/27/2025,
1544,27.6,gf,1.060,mm,OK,--,4:01:08 PM,12/27/2025,
1545,27.5,gf,1.055,mm,OK,--,4:01:08 PM,12/27/2025,
1546,27.2,gf,1.050,mm,OK,--,4:01:08 PM,12/27/2025,
1547,27.6,gf,1.035,mm,OK,--,4:01:08 PM,12/27/2025,
1548,27.6,gf,1.030,mm,OK,--,4:01:09 PM,12/27/2025,
1549,27.7,gf,1.020,mm,OK,--,4:01:09 PM,12/27/2025,
1550,27.8,gf,1.015,mm,OK,--,4:01:09 PM,12/27/2025,
1551,27.9,gf,1.010,mm,OK,--,4:01:09 PM,12/27/2025,
1552,28.2,gf,1.005,mm,OK,--,4:01:09 PM,12/27/2025,
1553,28.3,gf,1.005,mm,OK,--,4:01:09 PM,12/27/2025,
1554,28.6,gf,1.000,mm,OK,--,4:01:09 PM,12/27/2025,
1555,28.9,gf,0.995,mm,OK,--,4:01:09 PM,12/27/2025,
1556,29.2,gf,0.990,mm,OK,--,4:01:09 PM,12/27/2025,
1557,29.5,gf,0.985,mm,OK,--,4:01:09 PM,12/27/2025,
1558,29.7,gf,0.980,mm,OK,--,4:01:10 PM,12/27/2025,
1559,29.9,gf,0.980,mm,OK,--,4:01:10 PM,12/27/2025,
1560,30.0,gf,0.980,mm,OK,--,4:01:10 PM,12/27/2025,
1561,30.2,gf,0.975,mm,OK,--,4:01:10 PM,12/27/2025,
1562,30.3,gf,0.975,mm,OK,--,4:01:10 PM,12/27/2025,
1563,30.4,gf,0.970,mm,OK,--,4:01:10 PM,12/27/2025,
1564,30.6,gf,0.965,mm,OK,--,4:01:10 PM,12/27/2025,
1565,30.8,gf,0.960,mm,OK,--,4:01:10 PM,12/27/2025,
1566,31.1,gf,0.955,mm,OK,--,4:01:10 PM,12/27/2025,
1567,31.5,gf,0.945,mm,OK,--,4:01:10 PM,12/27/2025,
1568,31.7,gf,0.940,mm,OK,--,4:01:11 PM,12/27/2025,
1569,32.0,gf,0.930,mm,OK,--,4:01:11 PM,12/27/2025,
1570,32.3,gf,0.925,mm,OK,--,4:01:11 PM,12/27/2025,
1571,32.8,gf,0.915,mm,OK,--,4:01:11 PM,12/27/2025,
1572,33.4,gf,0.905,mm,OK,--,4:01:11 PM,12/27/2025,
1573,33.7,gf,0.895,mm,OK,--,4:01:11 PM,12/27/2025,
1574,33.6,gf,0.885,mm,OK,--,4:01:11 PM,12/27/2025,
1575,33.4,gf,0.875,mm,OK,--,4:01:11 PM,12/27/2025,
1576,33.2,gf,0.865,mm,OK,--,4:01:11 PM,12/27/2025,
1577,32.8,gf,0.860,mm,OK,--,4:01:11 PM,12/27/2025,
1578,32.8,gf,0.850,mm,OK,--,4:01:12 PM,12/27/2025,
1579,33.0,gf,0.840,mm,OK,--,4:01:12 PM,12/27/2025,
1580,33.1,gf,0.830,mm,OK,--,4:01:12 PM,12/27/2025,
1581,33.3,gf,0.820,mm,OK,--,4:01:12 PM,12/27/2025,
1582,33.6,gf,0.810,mm,OK,--,4:01:12 PM,12/27/2025,
1583,33.9,gf,0.800,mm,OK,--,4:01:12 PM,12/27/2025,
1584,34.2,gf,0.795,mm,OK,--,4:01:12 PM,12/27/2025,
1585,34.6,gf,0.785,mm,OK,--,4:01:12 PM,12/27/2025,
1586,34.9,gf,0.775,mm,OK,--,4:01:12 PM,12/27/2025,
1587,35.0,gf,0.770,mm,OK,--,4:01:12 PM,12/27/2025,
1588,35.0,gf,0.765,mm,OK,--,4:01:13 PM,12/27/2025,
1589,35.0,gf,0.760,mm,OK,--,4:01:13 PM,12/27/2025,
1590,34.9,gf,0.755,mm,OK,--,4:01:13 PM,12/27/2025,
1591,34.9,gf,0.750,mm,OK,--,4:01:13 PM,12/27/2025,
1592,35.0,gf,0.745,mm,OK,--,4:01:13 PM,12/27/2025,
1593,35.2,gf,0.735,mm,OK,--,4:01:13 PM,12/27/2025,
1594,35.3,gf,0.730,mm,OK,--,4:01:13 PM,12/27/2025,
1595,38.4,gf,0.720,mm,OK,--,4:01:13 PM,12/27/2025,
1596,37.9,gf,0.710,mm,OK,--,4:01:13 PM,12/27/2025,
1597,37.7,gf,0.705,mm,OK,--,4:01:13 PM,12/27/2025,
1598,37.9,gf,0.700,mm,OK,--,4:01:14 PM,12/27/2025,
1599,38.2,gf,0.695,mm,OK,--,4:01:14 PM,12/27/2025,
1600,38.2,gf,0.695,mm,OK,--,4:01:14 PM,12/27/2025,
1601,38.1,gf,0.690,mm,OK,--,4:01:14 PM,12/27/2025,
1602,37.8,gf,0.690,mm,OK,--,4:01:14 PM,12/27/2025,
1603,37.5,gf,0.685,mm,OK,--,4:01:14 PM,12/27/2025,
1604,37.5,gf,0.685,mm,OK,--,4:01:14 PM,12/27/2025,
1605,37.5,gf,0.680,mm,OK,--,4:01:14 PM,12/27/2025,
1606,37.4,gf,0.680,mm,OK,--,4:01:14 PM,12/27/2025,
1607,37.3,gf,0.675,mm,OK,--,4:01:14 PM,12/27/2025,
1608,37.2,gf,0.675,mm,OK,--,4:01:15 PM,12/27/2025,
1609,37.0,gf,0.665,mm,OK,--,4:01:15 PM,12/27/2025,
1610,36.7,gf,0.660,mm,OK,--,4:01:15 PM,12/27/2025,
1611,36.3,gf,0.650,mm,OK,--,4:01:15 PM,12/27/2025,
1612,35.9,gf,0.640,mm,OK,--,4:01:15 PM,12/27/2025,
1613,35.7,gf,0.630,mm,OK,--,4:01:15 PM,12/27/2025,
1614,35.5,gf,0.615,mm,OK,--,4:01:15 PM,12/27/2025,
1615,35.4,gf,0.605,mm,OK,--,4:01:15 PM,12/27/2025,
1616,35.4,gf,0.590,mm,OK,--,4:01:15 PM,12/27/2025,
1617,35.4,gf,0.580,mm,OK,--,4:01:15 PM,12/27/2025,
1618,35.3,gf,0.570,mm,OK,--,4:01:16 PM,12/27/2025,
1619,35.2,gf,0.555,mm,OK,--,4:01:16 PM,12/27/2025,
1620,35.1,gf,0.545,mm,OK,--,4:01:16 PM,12/27/2025,
1621,35.1,gf,0.535,mm,OK,--,4:01:16 PM,12/27/2025,
1622,35.0,gf,0.530,mm,OK,--,4:01:16 PM,12/27/2025,
1623,35.0,gf,0.520,mm,OK,--,4:01:16 PM,12/27/2025,
1624,34.9,gf,0.515,mm,OK,--,4:01:16 PM,12/27/2025,
1625,34.9,gf,0.505,mm,OK,--,4:01:16 PM,12/27/2025,
1626,34.8,gf,0.495,mm,OK,--,4:01:16 PM,12/27/2025,
1627,34.7,gf,0.495,mm,OK,--,4:01:16 PM,12/27/2025,
1628,34.7,gf,0.490,mm,OK,--,4:01:17 PM,12/27/2025,
1629,34.7,gf,0.485,mm,OK,--,4:01:17 PM,12/27/2025,
1630,34.7,gf,0.480,mm,OK,--,4:01:17 PM,12/27/2025,
1631,34.6,gf,0.475,mm,OK,--,4:01:17 PM,12/27/2025,
1632,34.6,gf,0.470,mm,OK,--,4:01:17 PM,12/27/2025,
1633,34.6,gf,0.465,mm,OK,--,4:01:17 PM,12/27/2025,
1634,34.6,gf,0.465,mm,OK,--,4:01:17 PM,12/27/2025,
1635,34.6,gf,0.460,mm,OK,--,4:01:17 PM,12/27/2025,
1636,34.4,gf,0.455,mm,OK,--,4:01:17 PM,12/27/2025,
1637,34.4,gf,0.445,mm,OK,--,4:01:17 PM,12/27/2025,
1638,34.4,gf,0.430,mm,OK,--,4:01:18 PM,12/27/2025,
1639,34.3,gf,0.415,mm,OK,--,4:01:18 PM,12/27/2025,
1640,34.3,gf,0.405,mm,OK,--,4:01:18 PM,12/27/2025,
1641,34.1,gf,0.395,mm,OK,--,4:01:18 PM,12/27/2025,
1642,34.1,gf,0.390,mm,OK,--,4:01:18 PM,12/27/2025,
1643,34.1,gf,0.385,mm,OK,--,4:01:18 PM,12/27/2025,
1644,34.1,gf,0.380,mm,OK,--,4:01:18 PM,12/27/2025,
1645,34.0,gf,0.375,mm,OK,--,4:01:18 PM,12/27/2025,
1646,34.0,gf,0.370,mm,OK,--,4:01:18 PM,12/27/2025,
1647,34.0,gf,0.360,mm,OK,--,4:01:18 PM,12/27/2025,
1648,33.9,gf,0.355,mm,OK,--,4:01:19 PM,12/27/2025,
1649,33.9,gf,0.350,mm,OK,--,4:01:19 PM,12/27/2025,
1650,33.9,gf,0.350,mm,OK,--,4:01:19 PM,12/27/2025,
1651,33.8,gf,0.345,mm,OK,--,4:01:19 PM,12/27/2025,
1652,33.8,gf,0.345,mm,OK,--,4:01:19 PM,12/27/2025,
1653,33.8,gf,0.340,mm,OK,--,4:01:19 PM,12/27/2025,
1654,33.8,gf,0.335,mm,OK,--,4:01:19 PM,12/27/2025,
1655,33.8,gf,0.335,mm,OK,--,4:01:19 PM,12/27/2025,
1656,33.8,gf,0.330,mm,OK,--,4:01:19 PM,12/27/2025,
1657,33.7,gf,0.330,mm,OK,--,4:01:19 PM,12/27/2025,
1658,33.7,gf,0.325,mm,OK,--,4:01:20 PM,12/27/2025,
1659,33.7,gf,0.325,mm,OK,--,4:01:20 PM,12/27/2025,
1660,33.7,gf,0.320,mm,OK,--,4:01:20 PM,12/27/2025,
1661,33.7,gf,0.315,mm,OK,--,4:01:20 PM,12/27/2025,
1662,33.7,gf,0.310,mm,OK,--,4:01:20 PM,12/27/2025,
1663,33.7,gf,0.310,mm,OK,--,4:01:20 PM,12/27/2025,
1664,33.7,gf,0.310,mm,OK,--,4:01:20 PM,12/27/2025,
1665,33.7,gf,0.305,mm,OK,--,4:01:20 PM,12/27/2025,
1666,33.6,gf,0.305,mm,OK,--,4:01:20 PM,12/27/2025,
1667,33.6,gf,0.305,mm,OK,--,4:01:20 PM,12/27/2025,
1668,33.6,gf,0.300,mm,OK,--,4:01:21 PM,12/27/2025,
1669,33.6,gf,0.300,mm,OK,--,4:01:21 PM,12/27/2025,
1670,33.6,gf,0.295,mm,OK,--,4:01:21 PM,12/27/2025,
1671,33.6,gf,0.295,mm,OK,--,4:01:21 PM,12/27/2025,
1672,33.6,gf,0.290,mm,OK,--,4:01:21 PM,12/27/2025,
1673,33.6,gf,0.285,mm,OK,--,4:01:21 PM,12/27/2025,
1674,33.6,gf,0.280,mm,OK,--,4:01:21 PM,12/27/2025,
1675,33.5,gf,0.275,mm,OK,--,4:01:21 PM,12/27/2025,
1676,33.5,gf,0.275,mm,OK,--,4:01:21 PM,12/27/2025,
1677,33.5,gf,0.270,mm,OK,--,4:01:21 PM,12/27/2025,
1678,33.5,gf,0.270,mm,OK,--,4:01:22 PM,12/27/2025,
1679,33.5,gf,0.265,mm,OK,--,4:01:22 PM,12/27/2025,
1680,33.5,gf,0.260,mm,OK,--,4:01:22 PM,12/27/2025,
1681,33.4,gf,0.255,mm,OK,--,4:01:22 PM,12/27/2025,
1682,33.4,gf,0.255,mm,OK,--,4:01:22 PM,12/27/2025,
1683,33.4,gf,0.250,mm,OK,--,4:01:22 PM,12/27/2025,
1684,33.4,gf,0.245,mm,OK,--,4:01:22 PM,12/27/2025,
1685,33.3,gf,0.245,mm,OK,--,4:01:22 PM,12/27/2025,
1686,33.3,gf,0.240,mm,OK,--,4:01:22 PM,12/27/2025,
1687,33.3,gf,0.240,mm,OK,--,4:01:22 PM,12/27/2025,
1688,33.3,gf,0.235,mm,OK,--,4:01:23 PM,12/27/2025,
1689,33.3,gf,0.235,mm,OK,--,4:01:23 PM,12/27/2025,
1690,33.2,gf,0.230,mm,OK,--,4:01:23 PM,12/27/2025,
1691,33.2,gf,0.230,mm,OK,--,4:01:23 PM,12/27/2025,
1692,33.2,gf,0.225,mm,OK,--,4:01:23 PM,12/27/2025,
1693,33.2,gf,0.225,mm,OK,--,4:01:23 PM,12/27/2025,
1694,33.2,gf,0.225,mm,OK,--,4:01:23 PM,12/27/2025,
1695,33.1,gf,0.220,mm,OK,--,4:01:23 PM,12/27/2025,
1696,33.1,gf,0.220,mm,OK,--,4:01:23 PM,12/27/2025,
1697,33.1,gf,0.215,mm,OK,--,4:01:23 PM,12/27/2025,
1698,33.1,gf,0.215,mm,OK,--,4:01:24 PM,12/27/2025,
1699,33.1,gf,0.210,mm,OK,--,4:01:24 PM,12/27/2025,
1700,33.1,gf,0.205,mm,OK,--,4:01:24 PM,12/27/2025,
1701,33.0,gf,0.205,mm,OK,--,4:01:24 PM,12/27/2025,
1702,33.0,gf,0.205,mm,OK,--,4:01:24 PM,12/27/2025,
1703,33.0,gf,0.200,mm,OK,--,4:01:24 PM,12/27/2025,
1704,33.0,gf,0.200,mm,OK,--,4:01:24 PM,12/27/2025,
1705,33.0,gf,0.195,mm,OK,--,4:01:24 PM,12/27/2025,
1706,33.0,gf,0.195,mm,OK,--,4:01:24 PM,12/27/2025,
1707,33.0,gf,0.190,mm,OK,--,4:01:24 PM,12/27/2025,
1708,32.9,gf,0.190,mm,OK,--,4:01:25 PM,12/27/2025,
1709,32.9,gf,0.185,mm,OK,--,4:01:25 PM,12/27/2025,
1710,32.9,gf,0.185,mm,OK,--,4:01:25 PM,12/27/2025,
1711,32.9,gf,0.180,mm,OK,--,4:01:25 PM,12/27/2025,
1712,32.9,gf,0.175,mm,OK,--,4:01:25 PM,12/27/2025,
1713,32.9,gf,0.175,mm,OK,--,4:01:25 PM,12/27/2025,
1714,32.9,gf,0.175,mm,OK,--,4:01:25 PM,12/27/2025,
1715,32.8,gf,0.170,mm,OK,--,4:01:25 PM,12/27/2025,
1716,32.8,gf,0.165,mm,OK,--,4:01:25 PM,12/27/2025,
1717,32.8,gf,0.165,mm,OK,--,4:01:25 PM,12/27/2025,
1718,32.8,gf,0.155,mm,OK,--,4:01:26 PM,12/27/2025,
1719,32.8,gf,0.150,mm,OK,--,4:01:26 PM,12/27/2025,
1720,32.7,gf,0.145,mm,OK,--,4:01:26 PM,12/27/2025,
1721,32.7,gf,0.140,mm,OK,--,4:01:26 PM,12/27/2025,
1722,32.7,gf,0.135,mm,OK,--,4:01:26 PM,12/27/2025,
1723,32.7,gf,0.135,mm,OK,--,4:01:26 PM,12/27/2025,
1724,32.6,gf,0.130,mm,OK,--,4:01:26 PM,12/27/2025,
1725,32.6,gf,0.125,mm,OK,--,4:01:26 PM,12/27/2025,
1726,32.6,gf,0.120,mm,OK,--,4:01:26 PM,12/27/2025,
1727,32.6,gf,0.120,mm,OK,--,4:01:26 PM,12/27/2025,
1728,32.5,gf,0.115,mm,OK,--,4:01:27 PM,12/27/2025,
1729,32.5,gf,0.115,mm,OK,--,4:01:27 PM,12/27/2025,
1730,32.4,gf,0.115,mm,OK,--,4:01:27 PM,12/27/2025,
1731,32.1,gf,0.110,mm,OK,--,4:01:27 PM,12/27/2025,
1732,31.8,gf,0.100,mm,OK,--,4:01:27 PM,12/27/2025,
1733,28.2,gf,0.090,mm,OK,--,4:01:27 PM,12/27/2025,
1734,22.4,gf,0.075,mm,OK,--,4:01:27 PM,12/27/2025,
1735,13.4,gf,0.065,mm,OK,--,4:01:27 PM,12/27/2025,
1736,8.5,gf,0.060,mm,OK,--,4:01:27 PM,12/27/2025,
1737,5.3,gf,0.055,mm,OK,--,4:01:27 PM,12/27/2025,
1738,-0.1,gf,0.050,mm,OK,--,4:01:28 PM,12/27/2025,
1739,0.0,gf,0.035,mm,OK,--,4:01:28 PM,12/27/2025,
1740,0.1,gf,0.025,mm,OK,--,4:01:28 PM,12/27/2025,
1741,0.0,gf,0.010,mm,OK,--,4:01:28 PM,12/27/2025,
1742,0.0,gf,-0.005,mm,OK,--,4:01:28 PM,12/27/2025,
1743,0.0,gf,-0.020,mm,OK,--,4:01:28 PM,12/27/2025,
1744,0.0,gf,-0.020,mm,OK,--,4:01:28 PM,12/27/2025,
1745,0.1,gf,-0.025,mm,OK,--,4:01:28 PM,12/27/2025,
1746,0.1,gf,-0.025,mm,OK,--,4:01:28 PM,12/27/2025,
1747,0.0,gf,-0.025,mm,OK,--,4:01:28 PM,12/27/2025,
1748,0.1,gf,-0.025,mm,OK,--,4:01:29 PM,12/27/2025,
1749,0.0,gf,-0.025,mm,OK,--,4:01:29 PM,12/27/2025,
1750,0.0,gf,-0.025,mm,OK,--,4:01:29 PM,12/27/2025,
1751,-0.1,gf,-0.025,mm,OK,--,4:01:29 PM,12/27/2025,
1752,-0.1,gf,-0.025,mm,OK,--,4:01:29 PM,12/27/2025,
1753,0.0,gf,-0.025,mm,OK,--,4:01:29 PM,12/27/2025,
1754,-0.2,gf,-0.025,mm,OK,--,4:01:29 PM,12/27/2025,
1755,-0.4,gf,-0.025,mm,OK,--,4:01:29 PM,12/27/2025,
1756,-0.2,gf,-0.020,mm,OK,--,4:01:29 PM,12/27/2025,
1757,0.1,gf,-0.020,mm,OK,--,4:01:29 PM,12/27/2025,
1758,0.1,gf,-0.020,mm,OK,--,4:01:30 PM,12/27/2025,
1759,0.0,gf,-0.020,mm,OK,--,4:01:30 PM,12/27/2025,
1760,0.0,gf,-0.020,mm,OK,--,4:01:30 PM,12/27/2025,
1761,0.0,gf,-0.020,mm,OK,--,4:01:30 PM,12/27/2025,
1762,0.0,gf,-0.020,mm,OK,--,4:01:30 PM,12/27/2025,
1763,-0.2,gf,-0.020,mm,OK,--,4:01:30 PM,12/27/2025,
1764,0.0,gf,-0.020,mm,OK,--,4:01:30 PM,12/27/2025,
1765,0.0,gf,-0.020,mm,OK,--,4:01:30 PM,12/27/2025,
1766,0.0,gf,-0.020,mm,OK,--,4:01:30 PM,12/27/2025,
1767,-0.1,gf,-0.020,mm,OK,--,4:01:30 PM,12/27/2025,
1768,0.0,gf,-0.020,mm,OK,--,4:01:31 PM,12/27/2025,
1769,0.0,gf,-0.020,mm,OK,--,4:01:31 PM,12/27/2025,
1770,0.0,gf,-0.020,mm,OK,--,4:01:31 PM,12/27/2025,
1771,0.1,gf,-0.020,mm,OK,--,4:01:31 PM,12/27/2025,
