Maximum,191.4,@,No.952,,,,,,
Minimum,-0.4,@,No.1753,,,,,,
Average,55.08,,,,,,,,
Data Quantity,1767,,,,,,,,
Number of NG,0,,,,,,,,
No.,Force,Unit,Displacement,Unit,Judge,Position,Time,Date,
1,-0.1,gf,0.000,mm,OK,--,9:49:25 AM,1/10/2026,
2,-0.1,gf,0.000,mm,OK,--,9:49:25 AM,1/10/2026,
3,0.1,gf,0.000,mm,OK,--,9:49:25 AM,1/10/2026,
4,0.0,gf,0.000,mm,OK,--,9:49:25 AM,1/10/2026,
5,0.1,gf,0.000,mm,OK,--,9:49:26 AM,1/10/2026,
6,0.0,gf,0.000,mm,OK,--,9:49:26 AM,1/10/2026,
7,0.0,gf,0.000,mm,OK,--,9:49:26 AM,1/10/2026,
8,0.0,gf,0.000,mm,OK,--,9:49:26 AM,1/10/2026,
9,0.0,gf,0.000,mm,OK,--,9:49:26 AM,1/10/2026,
10,0.0,gf,0.000,mm,OK,--,9:49:26 AM,1/10/2026,
11,0.0,gf,0.000,mm,OK,--,9:49:26 AM,1/10/2026,
12,0.0,gf,0.000,mm,OK,--,9:49:26 AM,1/10/2026,
13,0.0,gf,0.000,mm,OK,--,9:49:26 AM,1/10/2026,
14,0.0,gf,0.000,mm,OK,--,9:49:26 AM,1/10/2026,
15,0.0,gf,0.000,mm,OK,--,9:49:27 AM,1/10/2026,
16,0.0,gf,0.000,mm,OK,--,9:49:27 AM,1/10/2026,
17,-0.1,gf,0.000,mm,OK,--,9:49:27 AM,1/10/2026,
18,0.0,gf,0.000,mm,OK,--,9:49:27 AM,1/10/2026,
19,0.0,gf,0.000,mm,OK,--,9:49:27 AM,1/10/2026,
20,-0.1,gf,0.000,mm,OK,--,9:49:27 AM,1/10/2026,
21,-0.1,gf,0.005,mm,OK,--,9:49:27 AM,1/10/2026,
22,0.0,gf,0.005,mm,OK,--,9:49:27 AM,1/10/2026,
23,0.0,gf,0.005,mm,OK,--,9:49:27 AM,1/10/2026,
24,0.0,gf,0.005,mm,OK,--,9:49:27 AM,1/10/2026,
25,0.0,gf,0.005,mm,OK,--,9:49:28 AM,1/10/2026,
26,-0.1,gf,0.005,mm,OK,--,9:49:28 AM,1/10/2026,
27,0.0,gf,0.010,mm,OK,--,9:49:28 AM,1/10/2026,
28,0.0,gf,0.010,mm,OK,--,9:49:28 AM,1/10/2026,
29,0.0,gf,0.010,mm,OK,--,9:49:28 AM,1/10/2026,
30,0.0,gf,0.015,mm,OK,--,9:49:28 AM,1/10/2026,
31,0.0,gf,0.015,mm,OK,--,9:49:28 AM,1/10/2026,
32,0.0,gf,0.020,mm,OK,--,9:49:28 AM,1/10/2026,
33,-0.1,gf,0.020,mm,OK,--,9:49:28 AM,1/10/2026,
34,-0.1,gf,0.030,mm,OK,--,9:49:28 AM,1/10/2026,
35,0.0,gf,0.035,mm,OK,--,9:49:29 AM,1/10/2026,
36,0.0,gf,0.040,mm,OK,--,9:49:29 AM,1/10/2026,
37,0.0,gf,0.050,mm,OK,--,9:49:29 AM,1/10/2026,
38,0.0,gf,0.065,mm,OK,--,9:49:29 AM,1/10/2026,
39,0.1,gf,0.080,mm,OK,--,9:49:29 AM,1/10/2026,
40,0.0,gf,0.095,mm,OK,--,9:49:29 AM,1/10/2026,
41,0.0,gf,0.110,mm,OK,--,9:49:29 AM,1/10/2026,
42,0.0,gf,0.120,mm,OK,--,9:49:29 AM,1/10/2026,
43,0.0,gf,0.130,mm,OK,--,9:49:29 AM,1/10/2026,
44,0.0,gf,0.140,mm,OK,--,9:49:29 AM,1/10/2026,
45,0.0,gf,0.145,mm,OK,--,9:49:30 AM,1/10/2026,
46,0.0,gf,0.155,mm,OK,--,9:49:30 AM,1/10/2026,
47,0.0,gf,0.165,mm,OK,--,9:49:30 AM,1/10/2026,
48,0.0,gf,0.175,mm,OK,--,9:49:30 AM,1/10/2026,
49,0.0,gf,0.185,mm,OK,--,9:49:30 AM,1/10/2026,
50,0.0,gf,0.195,mm,OK,--,9:49:30 AM,1/10/2026,
51,0.0,gf,0.205,mm,OK,--,9:49:30 AM,1/10/2026,
52,0.0,gf,0.215,mm,OK,--,9:49:30 AM,1/10/2026,
53,-0.1,gf,0.225,mm,OK,--,9:49:30 AM,1/10/2026,
54,0.0,gf,0.235,mm,OK,--,9:49:30 AM,1/10/2026,
55,0.0,gf,0.245,mm,OK,--,9:49:31 AM,1/10/2026,
56,0.0,gf,0.255,mm,OK,--,9:49:31 AM,1/10/2026,
57,0.0,gf,0.265,mm,OK,--,9:49:31 AM,1/10/2026,
58,0.0,gf,0.275,mm,OK,--,9:49:31 AM,1/10/2026,
59,0.0,gf,0.285,mm,OK,--,9:49:31 AM,1/10/2026,
60,-0.1,gf,0.295,mm,OK,--,9:49:31 AM,1/10/2026,
61,0.0,gf,0.300,mm,OK,--,9:49:31 AM,1/10/2026,
62,0.0,gf,0.310,mm,OK,--,9:49:31 AM,1/10/2026,
63,0.0,gf,0.320,mm,OK,--,9:49:31 AM,1/10/2026,
64,0.0,gf,0.325,mm,OK,--,9:49:31 AM,1/10/2026,
65,-0.1,gf,0.335,mm,OK,--,9:49:32 AM,1/10/2026,
66,0.0,gf,0.340,mm,OK,--,9:49:32 AM,1/10/2026,
67,0.0,gf,0.345,mm,OK,--,9:49:32 AM,1/10/2026,
68,-0.1,gf,0.355,mm,OK,--,9:49:32 AM,1/10/2026,
69,1.8,gf,0.360,mm,OK,--,9:49:32 AM,1/10/2026,
70,7.9,gf,0.365,mm,OK,--,9:49:32 AM,1/10/2026,
71,13.7,gf,0.370,mm,OK,--,9:49:32 AM,1/10/2026,
72,19.0,gf,0.375,mm,OK,--,9:49:32 AM,1/10/2026,
73,23.7,gf,0.380,mm,OK,--,9:49:32 AM,1/10/2026,
74,28.1,gf,0.385,mm,OK,--,9:49:32 AM,1/10/2026,
75,32.2,gf,0.390,mm,OK,--,9:49:33 AM,1/10/2026,
76,35.3,gf,0.395,mm,OK,--,9:49:33 AM,1/10/2026,
77,37.2,gf,0.400,mm,OK,--,9:49:33 AM,1/10/2026,
78,38.8,gf,0.400,mm,OK,--,9:49:33 AM,1/10/2026,
79,40.4,gf,0.405,mm,OK,--,9:49:33 AM,1/10/2026,
80,40.0,gf,0.410,mm,OK,--,9:49:33 AM,1/10/2026,
81,39.0,gf,0.415,mm,OK,--,9:49:33 AM,1/10/2026,
82,39.7,gf,0.420,mm,OK,--,9:49:33 AM,1/10/2026,
83,40.5,gf,0.425,mm,OK,--,9:49:33 AM,1/10/2026,
84,40.6,gf,0.430,mm,OK,--,9:49:33 AM,1/10/2026,
85,40.5,gf,0.435,mm,OK,--,9:49:34 AM,1/10/2026,
86,40.6,gf,0.440,mm,OK,--,9:49:34 AM,1/10/2026,
87,40.5,gf,0.445,mm,OK,--,9:49:34 AM,1/10/2026,
88,40.6,gf,0.450,mm,OK,--,9:49:34 AM,1/10/2026,
89,40.5,gf,0.455,mm,OK,--,9:49:34 AM,1/10/2026,
90,40.4,gf,0.460,mm,OK,--,9:49:34 AM,1/10/2026,
91,40.2,gf,0.465,mm,OK,--,9:49:34 AM,1/10/2026,
92,40.0,gf,0.470,mm,OK,--,9:49:34 AM,1/10/2026,
93,40.1,gf,0.475,mm,OK,--,9:49:34 AM,1/10/2026,
94,40.0,gf,0.480,mm,OK,--,9:49:34 AM,1/10/2026,
95,40.1,gf,0.485,mm,OK,--,9:49:35 AM,1/10/2026,
96,40.2,gf,0.490,mm,OK,--,9:49:35 AM,1/10/2026,
97,40.4,gf,0.495,mm,OK,--,9:49:35 AM,1/10/2026,
98,40.3,gf,0.500,mm,OK,--,9:49:35 AM,1/10/2026,
99,40.4,gf,0.505,mm,OK,--,9:49:35 AM,1/10/2026,
100,40.5,gf,0.510,mm,OK,--,9:49:35 AM,1/10/2026,
101,40.5,gf,0.520,mm,OK,--,9:49:35 AM,1/10/2026,
102,40.4,gf,0.525,mm,OK,--,9:49:35 AM,1/10/2026,
103,40.4,gf,0.525,mm,OK,--,9:49:35 AM,1/10/2026,
104,40.2,gf,0.530,mm,OK,--,9:49:35 AM,1/10/2026,
105,40.2,gf,0.535,mm,OK,--,9:49:36 AM,1/10/2026,
106,40.4,gf,0.545,mm,OK,--,9:49:36 AM,1/10/2026,
107,40.4,gf,0.550,mm,OK,--,9:49:36 AM,1/10/2026,
108,40.3,gf,0.555,mm,OK,--,9:49:36 AM,1/10/2026,
109,40.2,gf,0.560,mm,OK,--,9:49:36 AM,1/10/2026,
110,40.1,gf,0.565,mm,OK,--,9:49:36 AM,1/10/2026,
111,39.9,gf,0.570,mm,OK,--,9:49:36 AM,1/10/2026,
112,39.7,gf,0.580,mm,OK,--,9:49:36 AM,1/10/2026,
113,39.7,gf,0.585,mm,OK,--,9:49:36 AM,1/10/2026,
114,39.5,gf,0.595,mm,OK,--,9:49:36 AM,1/10/2026,
115,39.5,gf,0.600,mm,OK,--,9:49:37 AM,1/10/2026,
116,39.4,gf,0.605,mm,OK,--,9:49:37 AM,1/10/2026,
117,39.2,gf,0.610,mm,OK,--,9:49:37 AM,1/10/2026,
118,39.1,gf,0.615,mm,OK,--,9:49:37 AM,1/10/2026,
119,39.3,gf,0.625,mm,OK,--,9:49:37 AM,1/10/2026,
120,39.3,gf,0.630,mm,OK,--,9:49:37 AM,1/10/2026,
121,39.1,gf,0.640,mm,OK,--,9:49:37 AM,1/10/2026,
122,39.0,gf,0.645,mm,OK,--,9:49:37 AM,1/10/2026,
123,39.3,gf,0.655,mm,OK,--,9:49:37 AM,1/10/2026,
124,39.3,gf,0.665,mm,OK,--,9:49:37 AM,1/10/2026,
125,39.4,gf,0.670,mm,OK,--,9:49:38 AM,1/10/2026,
126,39.4,gf,0.675,mm,OK,--,9:49:38 AM,1/10/2026,
127,39.4,gf,0.685,mm,OK,--,9:49:38 AM,1/10/2026,
128,39.4,gf,0.695,mm,OK,--,9:49:38 AM,1/10/2026,
129,39.4,gf,0.705,mm,OK,--,9:49:38 AM,1/10/2026,
130,39.3,gf,0.710,mm,OK,--,9:49:38 AM,1/10/2026,
131,39.4,gf,0.720,mm,OK,--,9:49:38 AM,1/10/2026,
132,39.2,gf,0.730,mm,OK,--,9:49:38 AM,1/10/2026,
133,39.4,gf,0.740,mm,OK,--,9:49:38 AM,1/10/2026,
134,39.7,gf,0.750,mm,OK,--,9:49:38 AM,1/10/2026,
135,39.6,gf,0.760,mm,OK,--,9:49:39 AM,1/10/2026,
136,39.6,gf,0.770,mm,OK,--,9:49:39 AM,1/10/2026,
137,39.6,gf,0.775,mm,OK,--,9:49:39 AM,1/10/2026,
138,39.8,gf,0.785,mm,OK,--,9:49:39 AM,1/10/2026,
139,39.9,gf,0.790,mm,OK,--,9:49:39 AM,1/10/2026,
140,40.0,gf,0.800,mm,OK,--,9:49:39 AM,1/10/2026,
141,40.1,gf,0.805,mm,OK,--,9:49:39 AM,1/10/2026,
142,40.1,gf,0.815,mm,OK,--,9:49:39 AM,1/10/2026,
143,40.1,gf,0.825,mm,OK,--,9:49:39 AM,1/10/2026,
144,40.2,gf,0.830,mm,OK,--,9:49:39 AM,1/10/2026,
145,40.1,gf,0.840,mm,OK,--,9:49:40 AM,1/10/2026,
146,40.1,gf,0.845,mm,OK,--,9:49:40 AM,1/10/2026,
147,40.1,gf,0.850,mm,OK,--,9:49:40 AM,1/10/2026,
148,40.0,gf,0.860,mm,OK,--,9:49:40 AM,1/10/2026,
149,40.0,gf,0.865,mm,OK,--,9:49:40 AM,1/10/2026,
150,40.2,gf,0.870,mm,OK,--,9:49:40 AM,1/10/2026,
151,40.5,gf,0.880,mm,OK,--,9:49:40 AM,1/10/2026,
152,40.6,gf,0.885,mm,OK,--,9:49:40 AM,1/10/2026,
153,40.6,gf,0.890,mm,OK,--,9:49:40 AM,1/10/2026,
154,40.7,gf,0.900,mm,OK,--,9:49:40 AM,1/10/2026,
155,40.6,gf,0.905,mm,OK,--,9:49:41 AM,1/10/2026,
156,40.7,gf,0.910,mm,OK,--,9:49:41 AM,1/10/2026,
157,40.8,gf,0.915,mm,OK,--,9:49:41 AM,1/10/2026,
158,40.8,gf,0.920,mm,OK,--,9:49:41 AM,1/10/2026,
159,40.9,gf,0.930,mm,OK,--,9:49:41 AM,1/10/2026,
160,41.0,gf,0.935,mm,OK,--,9:49:41 AM,1/10/2026,
161,41.2,gf,0.940,mm,OK,--,9:49:41 AM,1/10/2026,
162,41.3,gf,0.945,mm,OK,--,9:49:41 AM,1/10/2026,
163,41.4,gf,0.950,mm,OK,--,9:49:41 AM,1/10/2026,
164,41.4,gf,0.955,mm,OK,--,9:49:41 AM,1/10/2026,
165,41.5,gf,0.960,mm,OK,--,9:49:42 AM,1/10/2026,
166,41.3,gf,0.965,mm,OK,--,9:49:42 AM,1/10/2026,
167,41.3,gf,0.975,mm,OK,--,9:49:42 AM,1/10/2026,
168,41.3,gf,0.980,mm,OK,--,9:49:42 AM,1/10/2026,
169,41.3,gf,0.985,mm,OK,--,9:49:42 AM,1/10/2026,
170,41.4,gf,0.995,mm,OK,--,9:49:42 AM,1/10/2026,
171,41.4,gf,1.005,mm,OK,--,9:49:42 AM,1/10/2026,
172,41.5,gf,1.010,mm,OK,--,9:49:42 AM,1/10/2026,
173,41.7,gf,1.020,mm,OK,--,9:49:42 AM,1/10/2026,
174,41.7,gf,1.030,mm,OK,--,9:49:42 AM,1/10/2026,
175,41.8,gf,1.045,mm,OK,--,9:49:43 AM,1/10/2026,
176,41.9,gf,1.060,mm,OK,--,9:49:43 AM,1/10/2026,
177,41.9,gf,1.075,mm,OK,--,9:49:43 AM,1/10/2026,
178,42.2,gf,1.085,mm,OK,--,9:49:43 AM,1/10/2026,
179,42.3,gf,1.100,mm,OK,--,9:49:43 AM,1/10/2026,
180,42.4,gf,1.115,mm,OK,--,9:49:43 AM,1/10/2026,
181,42.6,gf,1.130,mm,OK,--,9:49:43 AM,1/10/2026,
182,42.7,gf,1.145,mm,OK,--,9:49:43 AM,1/10/2026,
183,42.9,gf,1.160,mm,OK,--,9:49:43 AM,1/10/2026,
184,42.8,gf,1.175,mm,OK,--,9:49:43 AM,1/10/2026,
185,42.9,gf,1.185,mm,OK,--,9:49:44 AM,1/10/2026,
186,43.3,gf,1.195,mm,OK,--,9:49:44 AM,1/10/2026,
187,43.1,gf,1.205,mm,OK,--,9:49:44 AM,1/10/2026,
188,43.2,gf,1.220,mm,OK,--,9:49:44 AM,1/10/2026,
189,43.3,gf,1.230,mm,OK,--,9:49:44 AM,1/10/2026,
190,43.6,gf,1.245,mm,OK,--,9:49:44 AM,1/10/2026,
191,43.7,gf,1.255,mm,OK,--,9:49:44 AM,1/10/2026,
192,43.8,gf,1.270,mm,OK,--,9:49:44 AM,1/10/2026,
193,43.8,gf,1.280,mm,OK,--,9:49:44 AM,1/10/2026,
194,43.9,gf,1.290,mm,OK,--,9:49:44 AM,1/10/2026,
195,44.0,gf,1.305,mm,OK,--,9:49:45 AM,1/10/2026,
196,43.9,gf,1.320,mm,OK,--,9:49:45 AM,1/10/2026,
197,43.9,gf,1.335,mm,OK,--,9:49:45 AM,1/10/2026,
198,44.2,gf,1.345,mm,OK,--,9:49:45 AM,1/10/2026,
199,44.2,gf,1.360,mm,OK,--,9:49:45 AM,1/10/2026,
200,44.1,gf,1.365,mm,OK,--,9:49:45 AM,1/10/2026,
201,44.3,gf,1.375,mm,OK,--,9:49:45 AM,1/10/2026,
202,44.4,gf,1.380,mm,OK,--,9:49:45 AM,1/10/2026,
203,44.5,gf,1.390,mm,OK,--,9:49:45 AM,1/10/2026,
204,44.5,gf,1.400,mm,OK,--,9:49:45 AM,1/10/2026,
205,44.5,gf,1.405,mm,OK,--,9:49:46 AM,1/10/2026,
206,44.5,gf,1.415,mm,OK,--,9:49:46 AM,1/10/2026,
207,44.7,gf,1.420,mm,OK,--,9:49:46 AM,1/10/2026,
208,44.8,gf,1.430,mm,OK,--,9:49:46 AM,1/10/2026,
209,44.8,gf,1.435,mm,OK,--,9:49:46 AM,1/10/2026,
210,45.0,gf,1.445,mm,OK,--,9:49:46 AM,1/10/2026,
211,44.7,gf,1.455,mm,OK,--,9:49:46 AM,1/10/2026,
212,45.0,gf,1.465,mm,OK,--,9:49:46 AM,1/10/2026,
213,45.0,gf,1.470,mm,OK,--,9:49:46 AM,1/10/2026,
214,44.9,gf,1.480,mm,OK,--,9:49:46 AM,1/10/2026,
215,45.0,gf,1.485,mm,OK,--,9:49:47 AM,1/10/2026,
216,45.0,gf,1.495,mm,OK,--,9:49:47 AM,1/10/2026,
217,45.1,gf,1.505,mm,OK,--,9:49:47 AM,1/10/2026,
218,45.2,gf,1.515,mm,OK,--,9:49:47 AM,1/10/2026,
219,45.3,gf,1.525,mm,OK,--,9:49:47 AM,1/10/2026,
220,45.5,gf,1.540,mm,OK,--,9:49:47 AM,1/10/2026,
221,45.6,gf,1.555,mm,OK,--,9:49:47 AM,1/10/2026,
222,45.9,gf,1.565,mm,OK,--,9:49:47 AM,1/10/2026,
223,45.5,gf,1.580,mm,OK,--,9:49:47 AM,1/10/2026,
224,45.4,gf,1.590,mm,OK,--,9:49:47 AM,1/10/2026,
225,45.6,gf,1.605,mm,OK,--,9:49:48 AM,1/10/2026,
226,45.6,gf,1.620,mm,OK,--,9:49:48 AM,1/10/2026,
227,45.6,gf,1.630,mm,OK,--,9:49:48 AM,1/10/2026,
228,45.7,gf,1.640,mm,OK,--,9:49:48 AM,1/10/2026,
229,45.8,gf,1.650,mm,OK,--,9:49:48 AM,1/10/2026,
230,45.9,gf,1.665,mm,OK,--,9:49:48 AM,1/10/2026,
231,46.0,gf,1.680,mm,OK,--,9:49:48 AM,1/10/2026,
232,46.1,gf,1.695,mm,OK,--,9:49:48 AM,1/10/2026,
233,46.1,gf,1.705,mm,OK,--,9:49:48 AM,1/10/2026,
234,46.3,gf,1.720,mm,OK,--,9:49:48 AM,1/10/2026,
235,46.4,gf,1.730,mm,OK,--,9:49:49 AM,1/10/2026,
236,46.4,gf,1.740,mm,OK,--,9:49:49 AM,1/10/2026,
237,46.5,gf,1.745,mm,OK,--,9:49:49 AM,1/10/2026,
238,46.5,gf,1.755,mm,OK,--,9:49:49 AM,1/10/2026,
239,46.6,gf,1.760,mm,OK,--,9:49:49 AM,1/10/2026,
240,46.7,gf,1.765,mm,OK,--,9:49:49 AM,1/10/2026,
241,46.7,gf,1.775,mm,OK,--,9:49:49 AM,1/10/2026,
242,46.9,gf,1.790,mm,OK,--,9:49:49 AM,1/10/2026,
243,47.1,gf,1.805,mm,OK,--,9:49:49 AM,1/10/2026,
244,47.3,gf,1.815,mm,OK,--,9:49:49 AM,1/10/2026,
245,47.4,gf,1.820,mm,OK,--,9:49:50 AM,1/10/2026,
246,47.5,gf,1.830,mm,OK,--,9:49:50 AM,1/10/2026,
247,47.5,gf,1.835,mm,OK,--,9:49:50 AM,1/10/2026,
248,47.6,gf,1.840,mm,OK,--,9:49:50 AM,1/10/2026,
249,47.6,gf,1.845,mm,OK,--,9:49:50 AM,1/10/2026,
250,47.8,gf,1.850,mm,OK,--,9:49:50 AM,1/10/2026,
251,47.8,gf,1.850,mm,OK,--,9:49:50 AM,1/10/2026,
252,47.7,gf,1.855,mm,OK,--,9:49:50 AM,1/10/2026,
253,47.7,gf,1.860,mm,OK,--,9:49:50 AM,1/10/2026,
254,47.7,gf,1.860,mm,OK,--,9:49:50 AM,1/10/2026,
255,47.8,gf,1.865,mm,OK,--,9:49:51 AM,1/10/2026,
256,47.7,gf,1.865,mm,OK,--,9:49:51 AM,1/10/2026,
257,47.9,gf,1.865,mm,OK,--,9:49:51 AM,1/10/2026,
258,47.7,gf,1.865,mm,OK,--,9:49:51 AM,1/10/2026,
259,48.0,gf,1.870,mm,OK,--,9:49:51 AM,1/10/2026,
260,48.0,gf,1.870,mm,OK,--,9:49:51 AM,1/10/2026,
261,48.0,gf,1.875,mm,OK,--,9:49:51 AM,1/10/2026,
262,48.0,gf,1.880,mm,OK,--,9:49:51 AM,1/10/2026,
263,47.9,gf,1.880,mm,OK,--,9:49:51 AM,1/10/2026,
264,47.9,gf,1.880,mm,OK,--,9:49:51 AM,1/10/2026,
265,48.1,gf,1.885,mm,OK,--,9:49:52 AM,1/10/2026,
266,48.0,gf,1.890,mm,OK,--,9:49:52 AM,1/10/2026,
267,48.0,gf,1.890,mm,OK,--,9:49:52 AM,1/10/2026,
268,48.1,gf,1.890,mm,OK,--,9:49:52 AM,1/10/2026,
269,48.2,gf,1.895,mm,OK,--,9:49:52 AM,1/10/2026,
270,48.1,gf,1.895,mm,OK,--,9:49:52 AM,1/10/2026,
271,48.1,gf,1.895,mm,OK,--,9:49:52 AM,1/10/2026,
272,48.2,gf,1.900,mm,OK,--,9:49:52 AM,1/10/2026,
273,48.1,gf,1.900,mm,OK,--,9:49:52 AM,1/10/2026,
274,48.1,gf,1.905,mm,OK,--,9:49:52 AM,1/10/2026,
275,48.1,gf,1.905,mm,OK,--,9:49:53 AM,1/10/2026,
276,48.2,gf,1.905,mm,OK,--,9:49:53 AM,1/10/2026,
277,48.1,gf,1.905,mm,OK,--,9:49:53 AM,1/10/2026,
278,48.2,gf,1.905,mm,OK,--,9:49:53 AM,1/10/2026,
279,48.2,gf,1.905,mm,OK,--,9:49:53 AM,1/10/2026,
280,48.4,gf,1.910,mm,OK,--,9:49:53 AM,1/10/2026,
281,48.3,gf,1.910,mm,OK,--,9:49:53 AM,1/10/2026,
282,48.3,gf,1.910,mm,OK,--,9:49:53 AM,1/10/2026,
283,48.3,gf,1.910,mm,OK,--,9:49:53 AM,1/10/2026,
284,48.4,gf,1.910,mm,OK,--,9:49:53 AM,1/10/2026,
285,48.4,gf,1.915,mm,OK,--,9:49:54 AM,1/10/2026,
286,48.6,gf,1.915,mm,OK,--,9:49:54 AM,1/10/2026,
287,48.6,gf,1.915,mm,OK,--,9:49:54 AM,1/10/2026,
288,48.4,gf,1.920,mm,OK,--,9:49:54 AM,1/10/2026,
289,48.3,gf,1.920,mm,OK,--,9:49:54 AM,1/10/2026,
290,48.4,gf,1.925,mm,OK,--,9:49:54 AM,1/10/2026,
291,48.4,gf,1.930,mm,OK,--,9:49:54 AM,1/10/2026,
292,48.4,gf,1.935,mm,OK,--,9:49:54 AM,1/10/2026,
293,48.5,gf,1.940,mm,OK,--,9:49:54 AM,1/10/2026,
294,48.5,gf,1.945,mm,OK,--,9:49:54 AM,1/10/2026,
295,48.6,gf,1.945,mm,OK,--,9:49:55 AM,1/10/2026,
296,48.7,gf,1.950,mm,OK,--,9:49:55 AM,1/10/2026,
297,48.7,gf,1.955,mm,OK,--,9:49:55 AM,1/10/2026,
298,48.7,gf,1.960,mm,OK,--,9:49:55 AM,1/10/2026,
299,48.7,gf,1.965,mm,OK,--,9:49:55 AM,1/10/2026,
300,48.6,gf,1.970,mm,OK,--,9:49:55 AM,1/10/2026,
301,48.6,gf,1.975,mm,OK,--,9:49:55 AM,1/10/2026,
302,48.5,gf,1.980,mm,OK,--,9:49:55 AM,1/10/2026,
303,48.5,gf,1.985,mm,OK,--,9:49:55 AM,1/10/2026,
304,48.7,gf,1.995,mm,OK,--,9:49:55 AM,1/10/2026,
305,49.0,gf,2.000,mm,OK,--,9:49:56 AM,1/10/2026,
306,49.5,gf,2.010,mm,OK,--,9:49:56 AM,1/10/2026,
307,49.5,gf,2.020,mm,OK,--,9:49:56 AM,1/10/2026,
308,49.7,gf,2.030,mm,OK,--,9:49:56 AM,1/10/2026,
309,49.7,gf,2.045,mm,OK,--,9:49:56 AM,1/10/2026,
310,49.8,gf,2.055,mm,OK,--,9:49:56 AM,1/10/2026,
311,49.8,gf,2.070,mm,OK,--,9:49:56 AM,1/10/2026,
312,49.7,gf,2.080,mm,OK,--,9:49:56 AM,1/10/2026,
313,49.6,gf,2.090,mm,OK,--,9:49:56 AM,1/10/2026,
314,49.7,gf,2.100,mm,OK,--,9:49:56 AM,1/10/2026,
315,49.7,gf,2.115,mm,OK,--,9:49:57 AM,1/10/2026,
316,49.7,gf,2.125,mm,OK,--,9:49:57 AM,1/10/2026,
317,49.8,gf,2.140,mm,OK,--,9:49:57 AM,1/10/2026,
318,49.8,gf,2.150,mm,OK,--,9:49:57 AM,1/10/2026,
319,49.8,gf,2.160,mm,OK,--,9:49:57 AM,1/10/2026,
320,49.9,gf,2.170,mm,OK,--,9:49:57 AM,1/10/2026,
321,50.2,gf,2.185,mm,OK,--,9:49:57 AM,1/10/2026,
322,50.2,gf,2.200,mm,OK,--,9:49:57 AM,1/10/2026,
323,50.1,gf,2.210,mm,OK,--,9:49:57 AM,1/10/2026,
324,50.2,gf,2.220,mm,OK,--,9:49:57 AM,1/10/2026,
325,50.1,gf,2.230,mm,OK,--,9:49:58 AM,1/10/2026,
326,50.0,gf,2.235,mm,OK,--,9:49:58 AM,1/10/2026,
327,49.9,gf,2.245,mm,OK,--,9:49:58 AM,1/10/2026,
328,49.9,gf,2.255,mm,OK,--,9:49:58 AM,1/10/2026,
329,49.8,gf,2.260,mm,OK,--,9:49:58 AM,1/10/2026,
330,49.8,gf,2.265,mm,OK,--,9:49:58 AM,1/10/2026,
331,49.8,gf,2.270,mm,OK,--,9:49:58 AM,1/10/2026,
332,49.8,gf,2.275,mm,OK,--,9:49:58 AM,1/10/2026,
333,49.8,gf,2.280,mm,OK,--,9:49:58 AM,1/10/2026,
334,49.8,gf,2.285,mm,OK,--,9:49:58 AM,1/10/2026,
335,49.7,gf,2.285,mm,OK,--,9:49:59 AM,1/10/2026,
336,49.7,gf,2.290,mm,OK,--,9:49:59 AM,1/10/2026,
337,49.6,gf,2.295,mm,OK,--,9:49:59 AM,1/10/2026,
338,49.7,gf,2.300,mm,OK,--,9:49:59 AM,1/10/2026,
339,49.7,gf,2.300,mm,OK,--,9:49:59 AM,1/10/2026,
340,49.6,gf,2.305,mm,OK,--,9:49:59 AM,1/10/2026,
341,49.6,gf,2.310,mm,OK,--,9:49:59 AM,1/10/2026,
342,49.6,gf,2.315,mm,OK,--,9:49:59 AM,1/10/2026,
343,49.6,gf,2.320,mm,OK,--,9:49:59 AM,1/10/2026,
344,49.6,gf,2.330,mm,OK,--,9:49:59 AM,1/10/2026,
345,49.5,gf,2.335,mm,OK,--,9:50:00 AM,1/10/2026,
346,49.5,gf,2.345,mm,OK,--,9:50:00 AM,1/10/2026,
347,49.4,gf,2.355,mm,OK,--,9:50:00 AM,1/10/2026,
348,49.5,gf,2.360,mm,OK,--,9:50:00 AM,1/10/2026,
349,49.5,gf,2.370,mm,OK,--,9:50:00 AM,1/10/2026,
350,49.5,gf,2.380,mm,OK,--,9:50:00 AM,1/10/2026,
351,49.5,gf,2.385,mm,OK,--,9:50:00 AM,1/10/2026,
352,49.6,gf,2.395,mm,OK,--,9:50:00 AM,1/10/2026,
353,49.7,gf,2.400,mm,OK,--,9:50:00 AM,1/10/2026,
354,49.7,gf,2.410,mm,OK,--,9:50:00 AM,1/10/2026,
355,49.7,gf,2.415,mm,OK,--,9:50:01 AM,1/10/2026,
356,49.8,gf,2.420,mm,OK,--,9:50:01 AM,1/10/2026,
357,49.8,gf,2.425,mm,OK,--,9:50:01 AM,1/10/2026,
358,49.9,gf,2.430,mm,OK,--,9:50:01 AM,1/10/2026,
359,49.9,gf,2.440,mm,OK,--,9:50:01 AM,1/10/2026,
360,49.9,gf,2.445,mm,OK,--,9:50:01 AM,1/10/2026,
361,49.9,gf,2.450,mm,OK,--,9:50:01 AM,1/10/2026,
362,50.0,gf,2.450,mm,OK,--,9:50:01 AM,1/10/2026,
363,50.0,gf,2.455,mm,OK,--,9:50:01 AM,1/10/2026,
364,50.0,gf,2.460,mm,OK,--,9:50:01 AM,1/10/2026,
365,50.0,gf,2.465,mm,OK,--,9:50:02 AM,1/10/2026,
366,50.1,gf,2.470,mm,OK,--,9:50:02 AM,1/10/2026,
367,50.1,gf,2.475,mm,OK,--,9:50:02 AM,1/10/2026,
368,50.2,gf,2.480,mm,OK,--,9:50:02 AM,1/10/2026,
369,50.2,gf,2.485,mm,OK,--,9:50:02 AM,1/10/2026,
370,50.2,gf,2.490,mm,OK,--,9:50:02 AM,1/10/2026,
371,50.3,gf,2.495,mm,OK,--,9:50:02 AM,1/10/2026,
372,50.3,gf,2.500,mm,OK,--,9:50:02 AM,1/10/2026,
373,50.3,gf,2.505,mm,OK,--,9:50:02 AM,1/10/2026,
374,50.4,gf,2.510,mm,OK,--,9:50:02 AM,1/10/2026,
375,50.3,gf,2.515,mm,OK,--,9:50:03 AM,1/10/2026,
376,50.4,gf,2.515,mm,OK,--,9:50:03 AM,1/10/2026,
377,50.4,gf,2.520,mm,OK,--,9:50:03 AM,1/10/2026,
378,50.5,gf,2.525,mm,OK,--,9:50:03 AM,1/10/2026,
379,50.5,gf,2.530,mm,OK,--,9:50:03 AM,1/10/2026,
380,50.5,gf,2.535,mm,OK,--,9:50:03 AM,1/10/2026,
381,50.6,gf,2.540,mm,OK,--,9:50:03 AM,1/10/2026,
382,50.6,gf,2.545,mm,OK,--,9:50:03 AM,1/10/2026,
383,50.6,gf,2.550,mm,OK,--,9:50:03 AM,1/10/2026,
384,50.7,gf,2.555,mm,OK,--,9:50:03 AM,1/10/2026,
385,50.7,gf,2.560,mm,OK,--,9:50:04 AM,1/10/2026,
386,50.8,gf,2.560,mm,OK,--,9:50:04 AM,1/10/2026,
387,50.7,gf,2.565,mm,OK,--,9:50:04 AM,1/10/2026,
388,50.8,gf,2.570,mm,OK,--,9:50:04 AM,1/10/2026,
389,50.8,gf,2.575,mm,OK,--,9:50:04 AM,1/10/2026,
390,50.8,gf,2.580,mm,OK,--,9:50:04 AM,1/10/2026,
391,50.8,gf,2.585,mm,OK,--,9:50:04 AM,1/10/2026,
392,50.9,gf,2.590,mm,OK,--,9:50:04 AM,1/10/2026,
393,50.9,gf,2.595,mm,OK,--,9:50:04 AM,1/10/2026,
394,50.9,gf,2.600,mm,OK,--,9:50:04 AM,1/10/2026,
395,50.9,gf,2.605,mm,OK,--,9:50:05 AM,1/10/2026,
396,51.1,gf,2.610,mm,OK,--,9:50:05 AM,1/10/2026,
397,51.0,gf,2.615,mm,OK,--,9:50:05 AM,1/10/2026,
398,51.1,gf,2.620,mm,OK,--,9:50:05 AM,1/10/2026,
399,51.1,gf,2.625,mm,OK,--,9:50:05 AM,1/10/2026,
400,51.1,gf,2.625,mm,OK,--,9:50:05 AM,1/10/2026,
401,51.1,gf,2.630,mm,OK,--,9:50:05 AM,1/10/2026,
402,51.2,gf,2.635,mm,OK,--,9:50:05 AM,1/10/2026,
403,51.2,gf,2.640,mm,OK,--,9:50:05 AM,1/10/2026,
404,51.2,gf,2.645,mm,OK,--,9:50:05 AM,1/10/2026,
405,51.3,gf,2.650,mm,OK,--,9:50:06 AM,1/10/2026,
406,51.3,gf,2.655,mm,OK,--,9:50:06 AM,1/10/2026,
407,51.3,gf,2.655,mm,OK,--,9:50:06 AM,1/10/2026,
408,51.3,gf,2.660,mm,OK,--,9:50:06 AM,1/10/2026,
409,51.4,gf,2.660,mm,OK,--,9:50:06 AM,1/10/2026,
410,51.4,gf,2.665,mm,OK,--,9:50:06 AM,1/10/2026,
411,51.3,gf,2.670,mm,OK,--,9:50:06 AM,1/10/2026,
412,51.4,gf,2.670,mm,OK,--,9:50:06 AM,1/10/2026,
413,51.5,gf,2.675,mm,OK,--,9:50:06 AM,1/10/2026,
414,51.5,gf,2.680,mm,OK,--,9:50:06 AM,1/10/2026,
415,51.5,gf,2.685,mm,OK,--,9:50:07 AM,1/10/2026,
416,51.6,gf,2.690,mm,OK,--,9:50:07 AM,1/10/2026,
417,51.5,gf,2.695,mm,OK,--,9:50:07 AM,1/10/2026,
418,51.6,gf,2.705,mm,OK,--,9:50:07 AM,1/10/2026,
419,51.7,gf,2.715,mm,OK,--,9:50:07 AM,1/10/2026,
420,51.8,gf,2.725,mm,OK,--,9:50:07 AM,1/10/2026,
421,51.8,gf,2.740,mm,OK,--,9:50:07 AM,1/10/2026,
422,51.9,gf,2.745,mm,OK,--,9:50:07 AM,1/10/2026,
423,52.0,gf,2.755,mm,OK,--,9:50:07 AM,1/10/2026,
424,52.0,gf,2.760,mm,OK,--,9:50:07 AM,1/10/2026,
425,52.0,gf,2.760,mm,OK,--,9:50:08 AM,1/10/2026,
426,52.1,gf,2.765,mm,OK,--,9:50:08 AM,1/10/2026,
427,52.1,gf,2.770,mm,OK,--,9:50:08 AM,1/10/2026,
428,52.1,gf,2.775,mm,OK,--,9:50:08 AM,1/10/2026,
429,52.2,gf,2.780,mm,OK,--,9:50:08 AM,1/10/2026,
430,52.2,gf,2.785,mm,OK,--,9:50:08 AM,1/10/2026,
431,52.2,gf,2.790,mm,OK,--,9:50:08 AM,1/10/2026,
432,52.3,gf,2.795,mm,OK,--,9:50:08 AM,1/10/2026,
433,52.3,gf,2.800,mm,OK,--,9:50:08 AM,1/10/2026,
434,52.3,gf,2.805,mm,OK,--,9:50:08 AM,1/10/2026,
435,52.4,gf,2.815,mm,OK,--,9:50:09 AM,1/10/2026,
436,52.4,gf,2.820,mm,OK,--,9:50:09 AM,1/10/2026,
437,52.4,gf,2.825,mm,OK,--,9:50:09 AM,1/10/2026,
438,52.5,gf,2.830,mm,OK,--,9:50:09 AM,1/10/2026,
439,52.5,gf,2.835,mm,OK,--,9:50:09 AM,1/10/2026,
440,52.5,gf,2.840,mm,OK,--,9:50:09 AM,1/10/2026,
441,52.6,gf,2.845,mm,OK,--,9:50:09 AM,1/10/2026,
442,52.6,gf,2.850,mm,OK,--,9:50:09 AM,1/10/2026,
443,52.6,gf,2.855,mm,OK,--,9:50:09 AM,1/10/2026,
444,52.6,gf,2.860,mm,OK,--,9:50:09 AM,1/10/2026,
445,52.7,gf,2.865,mm,OK,--,9:50:10 AM,1/10/2026,
446,52.7,gf,2.870,mm,OK,--,9:50:10 AM,1/10/2026,
447,52.8,gf,2.875,mm,OK,--,9:50:10 AM,1/10/2026,
448,52.8,gf,2.880,mm,OK,--,9:50:10 AM,1/10/2026,
449,52.8,gf,2.880,mm,OK,--,9:50:10 AM,1/10/2026,
450,52.8,gf,2.885,mm,OK,--,9:50:10 AM,1/10/2026,
451,52.8,gf,2.890,mm,OK,--,9:50:10 AM,1/10/2026,
452,52.8,gf,2.895,mm,OK,--,9:50:10 AM,1/10/2026,
453,52.9,gf,2.900,mm,OK,--,9:50:10 AM,1/10/2026,
454,53.0,gf,2.905,mm,OK,--,9:50:10 AM,1/10/2026,
455,53.0,gf,2.905,mm,OK,--,9:50:11 AM,1/10/2026,
456,53.0,gf,2.910,mm,OK,--,9:50:11 AM,1/10/2026,
457,53.0,gf,2.915,mm,OK,--,9:50:11 AM,1/10/2026,
458,53.1,gf,2.920,mm,OK,--,9:50:11 AM,1/10/2026,
459,53.1,gf,2.925,mm,OK,--,9:50:11 AM,1/10/2026,
460,53.1,gf,2.930,mm,OK,--,9:50:11 AM,1/10/2026,
461,53.2,gf,2.940,mm,OK,--,9:50:11 AM,1/10/2026,
462,53.2,gf,2.945,mm,OK,--,9:50:11 AM,1/10/2026,
463,53.3,gf,2.955,mm,OK,--,9:50:11 AM,1/10/2026,
464,53.3,gf,2.960,mm,OK,--,9:50:11 AM,1/10/2026,
465,53.4,gf,2.970,mm,OK,--,9:50:12 AM,1/10/2026,
466,53.4,gf,2.975,mm,OK,--,9:50:12 AM,1/10/2026,
467,53.5,gf,2.985,mm,OK,--,9:50:12 AM,1/10/2026,
468,53.6,gf,2.990,mm,OK,--,9:50:12 AM,1/10/2026,
469,53.5,gf,2.995,mm,OK,--,9:50:12 AM,1/10/2026,
470,53.6,gf,3.000,mm,OK,--,9:50:12 AM,1/10/2026,
471,53.7,gf,3.005,mm,OK,--,9:50:12 AM,1/10/2026,
472,53.7,gf,3.010,mm,OK,--,9:50:12 AM,1/10/2026,
473,53.7,gf,3.010,mm,OK,--,9:50:12 AM,1/10/2026,
474,53.7,gf,3.020,mm,OK,--,9:50:12 AM,1/10/2026,
475,53.8,gf,3.035,mm,OK,--,9:50:13 AM,1/10/2026,
476,53.9,gf,3.045,mm,OK,--,9:50:13 AM,1/10/2026,
477,54.0,gf,3.050,mm,OK,--,9:50:13 AM,1/10/2026,
478,54.0,gf,3.060,mm,OK,--,9:50:13 AM,1/10/2026,
479,54.0,gf,3.065,mm,OK,--,9:50:13 AM,1/10/2026,
480,54.1,gf,3.070,mm,OK,--,9:50:13 AM,1/10/2026,
481,54.1,gf,3.070,mm,OK,--,9:50:13 AM,1/10/2026,
482,54.1,gf,3.080,mm,OK,--,9:50:13 AM,1/10/2026,
483,54.3,gf,3.095,mm,OK,--,9:50:13 AM,1/10/2026,
484,54.4,gf,3.120,mm,OK,--,9:50:13 AM,1/10/2026,
485,54.5,gf,3.140,mm,OK,--,9:50:14 AM,1/10/2026,
486,54.6,gf,3.150,mm,OK,--,9:50:14 AM,1/10/2026,
487,54.8,gf,3.160,mm,OK,--,9:50:14 AM,1/10/2026,
488,54.7,gf,3.170,mm,OK,--,9:50:14 AM,1/10/2026,
489,54.7,gf,3.175,mm,OK,--,9:50:14 AM,1/10/2026,
490,54.8,gf,3.180,mm,OK,--,9:50:14 AM,1/10/2026,
491,54.9,gf,3.185,mm,OK,--,9:50:14 AM,1/10/2026,
492,55.0,gf,3.190,mm,OK,--,9:50:14 AM,1/10/2026,
493,55.0,gf,3.195,mm,OK,--,9:50:14 AM,1/10/2026,
494,55.0,gf,3.200,mm,OK,--,9:50:14 AM,1/10/2026,
495,55.0,gf,3.205,mm,OK,--,9:50:15 AM,1/10/2026,
496,55.0,gf,3.210,mm,OK,--,9:50:15 AM,1/10/2026,
497,55.1,gf,3.215,mm,OK,--,9:50:15 AM,1/10/2026,
498,55.1,gf,3.220,mm,OK,--,9:50:15 AM,1/10/2026,
499,55.2,gf,3.225,mm,OK,--,9:50:15 AM,1/10/2026,
500,55.1,gf,3.230,mm,OK,--,9:50:15 AM,1/10/2026,
501,55.2,gf,3.230,mm,OK,--,9:50:15 AM,1/10/2026,
502,55.2,gf,3.235,mm,OK,--,9:50:15 AM,1/10/2026,
503,55.2,gf,3.235,mm,OK,--,9:50:15 AM,1/10/2026,
504,55.2,gf,3.240,mm,OK,--,9:50:15 AM,1/10/2026,
505,55.4,gf,3.245,mm,OK,--,9:50:16 AM,1/10/2026,
506,55.4,gf,3.250,mm,OK,--,9:50:16 AM,1/10/2026,
507,55.3,gf,3.255,mm,OK,--,9:50:16 AM,1/10/2026,
508,55.4,gf,3.260,mm,OK,--,9:50:16 AM,1/10/2026,
509,55.4,gf,3.265,mm,OK,--,9:50:16 AM,1/10/2026,
510,55.4,gf,3.265,mm,OK,--,9:50:16 AM,1/10/2026,
511,55.4,gf,3.270,mm,OK,--,9:50:16 AM,1/10/2026,
512,55.5,gf,3.275,mm,OK,--,9:50:16 AM,1/10/2026,
513,55.5,gf,3.280,mm,OK,--,9:50:16 AM,1/10/2026,
514,55.6,gf,3.285,mm,OK,--,9:50:16 AM,1/10/2026,
515,55.6,gf,3.285,mm,OK,--,9:50:17 AM,1/10/2026,
516,55.7,gf,3.290,mm,OK,--,9:50:17 AM,1/10/2026,
517,55.6,gf,3.295,mm,OK,--,9:50:17 AM,1/10/2026,
518,55.6,gf,3.295,mm,OK,--,9:50:17 AM,1/10/2026,
519,55.7,gf,3.300,mm,OK,--,9:50:17 AM,1/10/2026,
520,55.7,gf,3.300,mm,OK,--,9:50:17 AM,1/10/2026,
521,55.7,gf,3.305,mm,OK,--,9:50:17 AM,1/10/2026,
522,55.7,gf,3.305,mm,OK,--,9:50:17 AM,1/10/2026,
523,55.8,gf,3.310,mm,OK,--,9:50:17 AM,1/10/2026,
524,55.7,gf,3.310,mm,OK,--,9:50:17 AM,1/10/2026,
525,55.8,gf,3.315,mm,OK,--,9:50:18 AM,1/10/2026,
526,55.8,gf,3.315,mm,OK,--,9:50:18 AM,1/10/2026,
527,55.8,gf,3.320,mm,OK,--,9:50:18 AM,1/10/2026,
528,55.8,gf,3.320,mm,OK,--,9:50:18 AM,1/10/2026,
529,55.8,gf,3.320,mm,OK,--,9:50:18 AM,1/10/2026,
530,55.8,gf,3.325,mm,OK,--,9:50:18 AM,1/10/2026,
531,55.9,gf,3.325,mm,OK,--,9:50:18 AM,1/10/2026,
532,55.8,gf,3.325,mm,OK,--,9:50:18 AM,1/10/2026,
533,55.9,gf,3.330,mm,OK,--,9:50:18 AM,1/10/2026,
534,55.9,gf,3.330,mm,OK,--,9:50:18 AM,1/10/2026,
535,55.9,gf,3.330,mm,OK,--,9:50:19 AM,1/10/2026,
536,55.9,gf,3.335,mm,OK,--,9:50:19 AM,1/10/2026,
537,55.9,gf,3.335,mm,OK,--,9:50:19 AM,1/10/2026,
538,55.9,gf,3.335,mm,OK,--,9:50:19 AM,1/10/2026,
539,55.9,gf,3.340,mm,OK,--,9:50:19 AM,1/10/2026,
540,55.9,gf,3.340,mm,OK,--,9:50:19 AM,1/10/2026,
541,55.9,gf,3.345,mm,OK,--,9:50:19 AM,1/10/2026,
542,55.9,gf,3.345,mm,OK,--,9:50:19 AM,1/10/2026,
543,55.9,gf,3.350,mm,OK,--,9:50:19 AM,1/10/2026,
544,56.0,gf,3.350,mm,OK,--,9:50:19 AM,1/10/2026,
545,56.0,gf,3.355,mm,OK,--,9:50:20 AM,1/10/2026,
546,56.0,gf,3.355,mm,OK,--,9:50:20 AM,1/10/2026,
547,56.0,gf,3.360,mm,OK,--,9:50:20 AM,1/10/2026,
548,56.1,gf,3.365,mm,OK,--,9:50:20 AM,1/10/2026,
549,56.1,gf,3.365,mm,OK,--,9:50:20 AM,1/10/2026,
550,56.1,gf,3.370,mm,OK,--,9:50:20 AM,1/10/2026,
551,56.1,gf,3.370,mm,OK,--,9:50:20 AM,1/10/2026,
552,56.1,gf,3.375,mm,OK,--,9:50:20 AM,1/10/2026,
553,56.2,gf,3.380,mm,OK,--,9:50:20 AM,1/10/2026,
554,56.2,gf,3.380,mm,OK,--,9:50:20 AM,1/10/2026,
555,56.2,gf,3.385,mm,OK,--,9:50:21 AM,1/10/2026,
556,56.2,gf,3.385,mm,OK,--,9:50:21 AM,1/10/2026,
557,56.2,gf,3.390,mm,OK,--,9:50:21 AM,1/10/2026,
558,56.2,gf,3.390,mm,OK,--,9:50:21 AM,1/10/2026,
559,56.3,gf,3.390,mm,OK,--,9:50:21 AM,1/10/2026,
560,56.3,gf,3.395,mm,OK,--,9:50:21 AM,1/10/2026,
561,56.3,gf,3.400,mm,OK,--,9:50:21 AM,1/10/2026,
562,56.4,gf,3.400,mm,OK,--,9:50:21 AM,1/10/2026,
563,56.4,gf,3.405,mm,OK,--,9:50:21 AM,1/10/2026,
564,56.4,gf,3.405,mm,OK,--,9:50:21 AM,1/10/2026,
565,56.4,gf,3.410,mm,OK,--,9:50:22 AM,1/10/2026,
566,56.4,gf,3.410,mm,OK,--,9:50:22 AM,1/10/2026,
567,56.4,gf,3.415,mm,OK,--,9:50:22 AM,1/10/2026,
568,56.5,gf,3.415,mm,OK,--,9:50:22 AM,1/10/2026,
569,56.4,gf,3.415,mm,OK,--,9:50:22 AM,1/10/2026,
570,56.5,gf,3.415,mm,OK,--,9:50:22 AM,1/10/2026,
571,56.5,gf,3.420,mm,OK,--,9:50:22 AM,1/10/2026,
572,56.5,gf,3.420,mm,OK,--,9:50:22 AM,1/10/2026,
573,56.5,gf,3.420,mm,OK,--,9:50:22 AM,1/10/2026,
574,56.5,gf,3.425,mm,OK,--,9:50:22 AM,1/10/2026,
575,56.5,gf,3.425,mm,OK,--,9:50:23 AM,1/10/2026,
576,56.6,gf,3.430,mm,OK,--,9:50:23 AM,1/10/2026,
577,56.5,gf,3.430,mm,OK,--,9:50:23 AM,1/10/2026,
578,56.5,gf,3.435,mm,OK,--,9:50:23 AM,1/10/2026,
579,56.5,gf,3.435,mm,OK,--,9:50:23 AM,1/10/2026,
580,56.6,gf,3.435,mm,OK,--,9:50:23 AM,1/10/2026,
581,56.6,gf,3.440,mm,OK,--,9:50:23 AM,1/10/2026,
582,56.6,gf,3.440,mm,OK,--,9:50:23 AM,1/10/2026,
583,56.6,gf,3.440,mm,OK,--,9:50:23 AM,1/10/2026,
584,56.7,gf,3.445,mm,OK,--,9:50:23 AM,1/10/2026,
585,56.7,gf,3.445,mm,OK,--,9:50:24 AM,1/10/2026,
586,56.7,gf,3.450,mm,OK,--,9:50:24 AM,1/10/2026,
587,56.7,gf,3.450,mm,OK,--,9:50:24 AM,1/10/2026,
588,56.7,gf,3.455,mm,OK,--,9:50:24 AM,1/10/2026,
589,56.7,gf,3.460,mm,OK,--,9:50:24 AM,1/10/2026,
590,56.7,gf,3.460,mm,OK,--,9:50:24 AM,1/10/2026,
591,56.8,gf,3.465,mm,OK,--,9:50:24 AM,1/10/2026,
592,56.9,gf,3.470,mm,OK,--,9:50:24 AM,1/10/2026,
593,56.9,gf,3.475,mm,OK,--,9:50:24 AM,1/10/2026,
594,56.9,gf,3.480,mm,OK,--,9:50:24 AM,1/10/2026,
595,57.0,gf,3.485,mm,OK,--,9:50:25 AM,1/10/2026,
596,57.0,gf,3.495,mm,OK,--,9:50:25 AM,1/10/2026,
597,57.1,gf,3.500,mm,OK,--,9:50:25 AM,1/10/2026,
598,57.1,gf,3.510,mm,OK,--,9:50:25 AM,1/10/2026,
599,57.2,gf,3.515,mm,OK,--,9:50:25 AM,1/10/2026,
600,57.3,gf,3.520,mm,OK,--,9:50:25 AM,1/10/2026,
601,57.3,gf,3.530,mm,OK,--,9:50:25 AM,1/10/2026,
602,57.4,gf,3.535,mm,OK,--,9:50:25 AM,1/10/2026,
603,57.5,gf,3.545,mm,OK,--,9:50:25 AM,1/10/2026,
604,57.5,gf,3.550,mm,OK,--,9:50:25 AM,1/10/2026,
605,57.5,gf,3.555,mm,OK,--,9:50:26 AM,1/10/2026,
606,57.6,gf,3.555,mm,OK,--,9:50:26 AM,1/10/2026,
607,57.6,gf,3.560,mm,OK,--,9:50:26 AM,1/10/2026,
608,57.6,gf,3.565,mm,OK,--,9:50:26 AM,1/10/2026,
609,57.7,gf,3.575,mm,OK,--,9:50:26 AM,1/10/2026,
610,57.8,gf,3.580,mm,OK,--,9:50:26 AM,1/10/2026,
611,57.8,gf,3.585,mm,OK,--,9:50:26 AM,1/10/2026,
612,57.6,gf,3.590,mm,OK,--,9:50:26 AM,1/10/2026,
613,57.8,gf,3.590,mm,OK,--,9:50:26 AM,1/10/2026,
614,57.8,gf,3.595,mm,OK,--,9:50:26 AM,1/10/2026,
615,57.9,gf,3.600,mm,OK,--,9:50:27 AM,1/10/2026,
616,57.9,gf,3.600,mm,OK,--,9:50:27 AM,1/10/2026,
617,57.9,gf,3.605,mm,OK,--,9:50:27 AM,1/10/2026,
618,58.0,gf,3.610,mm,OK,--,9:50:27 AM,1/10/2026,
619,58.0,gf,3.610,mm,OK,--,9:50:27 AM,1/10/2026,
620,58.0,gf,3.610,mm,OK,--,9:50:27 AM,1/10/2026,
621,58.0,gf,3.615,mm,OK,--,9:50:27 AM,1/10/2026,
622,58.1,gf,3.615,mm,OK,--,9:50:27 AM,1/10/2026,
623,58.0,gf,3.615,mm,OK,--,9:50:27 AM,1/10/2026,
624,58.0,gf,3.615,mm,OK,--,9:50:27 AM,1/10/2026,
625,58.1,gf,3.620,mm,OK,--,9:50:28 AM,1/10/2026,
626,58.1,gf,3.620,mm,OK,--,9:50:28 AM,1/10/2026,
627,58.1,gf,3.620,mm,OK,--,9:50:28 AM,1/10/2026,
628,58.1,gf,3.620,mm,OK,--,9:50:28 AM,1/10/2026,
629,58.1,gf,3.620,mm,OK,--,9:50:28 AM,1/10/2026,
630,58.1,gf,3.620,mm,OK,--,9:50:28 AM,1/10/2026,
631,58.1,gf,3.625,mm,OK,--,9:50:28 AM,1/10/2026,
632,58.1,gf,3.625,mm,OK,--,9:50:28 AM,1/10/2026,
633,58.1,gf,3.625,mm,OK,--,9:50:28 AM,1/10/2026,
634,58.1,gf,3.625,mm,OK,--,9:50:28 AM,1/10/2026,
635,58.1,gf,3.625,mm,OK,--,9:50:29 AM,1/10/2026,
636,58.1,gf,3.625,mm,OK,--,9:50:29 AM,1/10/2026,
637,58.2,gf,3.630,mm,OK,--,9:50:29 AM,1/10/2026,
638,58.2,gf,3.630,mm,OK,--,9:50:29 AM,1/10/2026,
639,58.2,gf,3.630,mm,OK,--,9:50:29 AM,1/10/2026,
640,58.2,gf,3.630,mm,OK,--,9:50:29 AM,1/10/2026,
641,58.2,gf,3.630,mm,OK,--,9:50:29 AM,1/10/2026,
642,58.2,gf,3.635,mm,OK,--,9:50:29 AM,1/10/2026,
643,58.2,gf,3.635,mm,OK,--,9:50:29 AM,1/10/2026,
644,58.2,gf,3.635,mm,OK,--,9:50:29 AM,1/10/2026,
645,58.2,gf,3.635,mm,OK,--,9:50:30 AM,1/10/2026,
646,58.2,gf,3.640,mm,OK,--,9:50:30 AM,1/10/2026,
647,58.2,gf,3.640,mm,OK,--,9:50:30 AM,1/10/2026,
648,58.3,gf,3.640,mm,OK,--,9:50:30 AM,1/10/2026,
649,58.3,gf,3.645,mm,OK,--,9:50:30 AM,1/10/2026,
650,58.3,gf,3.645,mm,OK,--,9:50:30 AM,1/10/2026,
651,58.3,gf,3.650,mm,OK,--,9:50:30 AM,1/10/2026,
652,58.3,gf,3.650,mm,OK,--,9:50:30 AM,1/10/2026,
653,58.3,gf,3.650,mm,OK,--,9:50:30 AM,1/10/2026,
654,58.3,gf,3.655,mm,OK,--,9:50:30 AM,1/10/2026,
655,58.4,gf,3.655,mm,OK,--,9:50:31 AM,1/10/2026,
656,58.4,gf,3.655,mm,OK,--,9:50:31 AM,1/10/2026,
657,58.4,gf,3.660,mm,OK,--,9:50:31 AM,1/10/2026,
658,58.4,gf,3.660,mm,OK,--,9:50:31 AM,1/10/2026,
659,58.4,gf,3.660,mm,OK,--,9:50:31 AM,1/10/2026,
660,58.4,gf,3.665,mm,OK,--,9:50:31 AM,1/10/2026,
661,58.4,gf,3.665,mm,OK,--,9:50:31 AM,1/10/2026,
662,58.5,gf,3.665,mm,OK,--,9:50:31 AM,1/10/2026,
663,58.5,gf,3.670,mm,OK,--,9:50:31 AM,1/10/2026,
664,58.5,gf,3.670,mm,OK,--,9:50:31 AM,1/10/2026,
665,58.5,gf,3.675,mm,OK,--,9:50:32 AM,1/10/2026,
666,58.6,gf,3.675,mm,OK,--,9:50:32 AM,1/10/2026,
667,58.6,gf,3.680,mm,OK,--,9:50:32 AM,1/10/2026,
668,58.6,gf,3.680,mm,OK,--,9:50:32 AM,1/10/2026,
669,58.6,gf,3.685,mm,OK,--,9:50:32 AM,1/10/2026,
670,58.6,gf,3.690,mm,OK,--,9:50:32 AM,1/10/2026,
671,58.6,gf,3.690,mm,OK,--,9:50:32 AM,1/10/2026,
672,58.7,gf,3.695,mm,OK,--,9:50:32 AM,1/10/2026,
673,58.7,gf,3.700,mm,OK,--,9:50:32 AM,1/10/2026,
674,58.7,gf,3.705,mm,OK,--,9:50:32 AM,1/10/2026,
675,58.6,gf,3.705,mm,OK,--,9:50:33 AM,1/10/2026,
676,58.6,gf,3.710,mm,OK,--,9:50:33 AM,1/10/2026,
677,58.6,gf,3.710,mm,OK,--,9:50:33 AM,1/10/2026,
678,58.7,gf,3.715,mm,OK,--,9:50:33 AM,1/10/2026,
679,58.8,gf,3.720,mm,OK,--,9:50:33 AM,1/10/2026,
680,58.9,gf,3.725,mm,OK,--,9:50:33 AM,1/10/2026,
681,58.9,gf,3.735,mm,OK,--,9:50:33 AM,1/10/2026,
682,59.0,gf,3.740,mm,OK,--,9:50:33 AM,1/10/2026,
683,59.0,gf,3.745,mm,OK,--,9:50:33 AM,1/10/2026,
684,59.1,gf,3.755,mm,OK,--,9:50:33 AM,1/10/2026,
685,58.8,gf,3.765,mm,OK,--,9:50:34 AM,1/10/2026,
686,59.0,gf,3.770,mm,OK,--,9:50:34 AM,1/10/2026,
687,59.1,gf,3.780,mm,OK,--,9:50:34 AM,1/10/2026,
688,59.2,gf,3.785,mm,OK,--,9:50:34 AM,1/10/2026,
689,59.3,gf,3.790,mm,OK,--,9:50:34 AM,1/10/2026,
690,59.4,gf,3.800,mm,OK,--,9:50:34 AM,1/10/2026,
691,59.4,gf,3.805,mm,OK,--,9:50:34 AM,1/10/2026,
692,59.5,gf,3.810,mm,OK,--,9:50:34 AM,1/10/2026,
693,59.6,gf,3.815,mm,OK,--,9:50:34 AM,1/10/2026,
694,59.6,gf,3.820,mm,OK,--,9:50:34 AM,1/10/2026,
695,59.6,gf,3.820,mm,OK,--,9:50:35 AM,1/10/2026,
696,59.8,gf,3.825,mm,OK,--,9:50:35 AM,1/10/2026,
697,59.8,gf,3.830,mm,OK,--,9:50:35 AM,1/10/2026,
698,59.8,gf,3.835,mm,OK,--,9:50:35 AM,1/10/2026,
699,59.8,gf,3.835,mm,OK,--,9:50:35 AM,1/10/2026,
700,59.9,gf,3.840,mm,OK,--,9:50:35 AM,1/10/2026,
701,59.4,gf,3.845,mm,OK,--,9:50:35 AM,1/10/2026,
702,59.5,gf,3.845,mm,OK,--,9:50:35 AM,1/10/2026,
703,59.5,gf,3.850,mm,OK,--,9:50:35 AM,1/10/2026,
704,59.5,gf,3.850,mm,OK,--,9:50:35 AM,1/10/2026,
705,59.6,gf,3.855,mm,OK,--,9:50:36 AM,1/10/2026,
706,59.6,gf,3.855,mm,OK,--,9:50:36 AM,1/10/2026,
707,59.6,gf,3.860,mm,OK,--,9:50:36 AM,1/10/2026,
708,59.7,gf,3.860,mm,OK,--,9:50:36 AM,1/10/2026,
709,59.7,gf,3.865,mm,OK,--,9:50:36 AM,1/10/2026,
710,59.7,gf,3.865,mm,OK,--,9:50:36 AM,1/10/2026,
711,59.8,gf,3.870,mm,OK,--,9:50:36 AM,1/10/2026,
712,59.8,gf,3.870,mm,OK,--,9:50:36 AM,1/10/2026,
713,59.8,gf,3.875,mm,OK,--,9:50:36 AM,1/10/2026,
714,59.9,gf,3.880,mm,OK,--,9:50:36 AM,1/10/2026,
715,59.9,gf,3.880,mm,OK,--,9:50:37 AM,1/10/2026,
716,59.9,gf,3.880,mm,OK,--,9:50:37 AM,1/10/2026,
717,60.0,gf,3.885,mm,OK,--,9:50:37 AM,1/10/2026,
718,60.0,gf,3.885,mm,OK,--,9:50:37 AM,1/10/2026,
719,60.1,gf,3.890,mm,OK,--,9:50:37 AM,1/10/2026,
720,60.1,gf,3.890,mm,OK,--,9:50:37 AM,1/10/2026,
721,60.1,gf,3.895,mm,OK,--,9:50:37 AM,1/10/2026,
722,60.2,gf,3.895,mm,OK,--,9:50:37 AM,1/10/2026,
723,60.2,gf,3.900,mm,OK,--,9:50:37 AM,1/10/2026,
724,60.2,gf,3.905,mm,OK,--,9:50:37 AM,1/10/2026,
725,60.2,gf,3.905,mm,OK,--,9:50:38 AM,1/10/2026,
726,60.3,gf,3.905,mm,OK,--,9:50:38 AM,1/10/2026,
727,60.3,gf,3.910,mm,OK,--,9:50:38 AM,1/10/2026,
728,60.3,gf,3.910,mm,OK,--,9:50:38 AM,1/10/2026,
729,60.3,gf,3.910,mm,OK,--,9:50:38 AM,1/10/2026,
730,60.3,gf,3.915,mm,OK,--,9:50:38 AM,1/10/2026,
731,60.4,gf,3.915,mm,OK,--,9:50:38 AM,1/10/2026,
732,60.4,gf,3.915,mm,OK,--,9:50:38 AM,1/10/2026,
733,60.4,gf,3.920,mm,OK,--,9:50:38 AM,1/10/2026,
734,60.5,gf,3.920,mm,OK,--,9:50:38 AM,1/10/2026,
735,60.4,gf,3.920,mm,OK,--,9:50:39 AM,1/10/2026,
736,60.5,gf,3.925,mm,OK,--,9:50:39 AM,1/10/2026,
737,60.5,gf,3.925,mm,OK,--,9:50:39 AM,1/10/2026,
738,60.5,gf,3.925,mm,OK,--,9:50:39 AM,1/10/2026,
739,60.1,gf,3.930,mm,OK,--,9:50:39 AM,1/10/2026,
740,60.1,gf,3.930,mm,OK,--,9:50:39 AM,1/10/2026,
741,60.1,gf,3.930,mm,OK,--,9:50:39 AM,1/10/2026,
742,60.1,gf,3.935,mm,OK,--,9:50:39 AM,1/10/2026,
743,60.2,gf,3.935,mm,OK,--,9:50:39 AM,1/10/2026,
744,60.2,gf,3.935,mm,OK,--,9:50:39 AM,1/10/2026,
745,60.2,gf,3.940,mm,OK,--,9:50:40 AM,1/10/2026,
746,60.2,gf,3.940,mm,OK,--,9:50:40 AM,1/10/2026,
747,60.3,gf,3.940,mm,OK,--,9:50:40 AM,1/10/2026,
748,60.3,gf,3.945,mm,OK,--,9:50:40 AM,1/10/2026,
749,60.3,gf,3.945,mm,OK,--,9:50:40 AM,1/10/2026,
750,60.4,gf,3.950,mm,OK,--,9:50:40 AM,1/10/2026,
751,60.4,gf,3.950,mm,OK,--,9:50:40 AM,1/10/2026,
752,60.4,gf,3.955,mm,OK,--,9:50:40 AM,1/10/2026,
753,60.4,gf,3.955,mm,OK,--,9:50:40 AM,1/10/2026,
754,60.5,gf,3.960,mm,OK,--,9:50:40 AM,1/10/2026,
755,60.5,gf,3.960,mm,OK,--,9:50:41 AM,1/10/2026,
756,60.5,gf,3.960,mm,OK,--,9:50:41 AM,1/10/2026,
757,60.5,gf,3.965,mm,OK,--,9:50:41 AM,1/10/2026,
758,60.5,gf,3.965,mm,OK,--,9:50:41 AM,1/10/2026,
759,60.6,gf,3.965,mm,OK,--,9:50:41 AM,1/10/2026,
760,60.6,gf,3.970,mm,OK,--,9:50:41 AM,1/10/2026,
761,60.6,gf,3.970,mm,OK,--,9:50:41 AM,1/10/2026,
762,60.7,gf,3.975,mm,OK,--,9:50:41 AM,1/10/2026,
763,60.7,gf,3.975,mm,OK,--,9:50:41 AM,1/10/2026,
764,60.8,gf,3.980,mm,OK,--,9:50:41 AM,1/10/2026,
765,60.8,gf,3.985,mm,OK,--,9:50:42 AM,1/10/2026,
766,60.9,gf,3.985,mm,OK,--,9:50:42 AM,1/10/2026,
767,60.9,gf,3.990,mm,OK,--,9:50:42 AM,1/10/2026,
768,61.0,gf,3.995,mm,OK,--,9:50:42 AM,1/10/2026,
769,61.0,gf,3.995,mm,OK,--,9:50:42 AM,1/10/2026,
770,61.1,gf,4.000,mm,OK,--,9:50:42 AM,1/10/2026,
771,60.8,gf,4.005,mm,OK,--,9:50:42 AM,1/10/2026,
772,60.9,gf,4.010,mm,OK,--,9:50:42 AM,1/10/2026,
773,60.9,gf,4.010,mm,OK,--,9:50:42 AM,1/10/2026,
774,60.9,gf,4.015,mm,OK,--,9:50:42 AM,1/10/2026,
775,61.0,gf,4.015,mm,OK,--,9:50:43 AM,1/10/2026,
776,61.0,gf,4.020,mm,OK,--,9:50:43 AM,1/10/2026,
777,61.1,gf,4.025,mm,OK,--,9:50:43 AM,1/10/2026,
778,61.1,gf,4.025,mm,OK,--,9:50:43 AM,1/10/2026,
779,61.1,gf,4.030,mm,OK,--,9:50:43 AM,1/10/2026,
780,61.2,gf,4.030,mm,OK,--,9:50:43 AM,1/10/2026,
781,61.2,gf,4.035,mm,OK,--,9:50:43 AM,1/10/2026,
782,61.2,gf,4.035,mm,OK,--,9:50:43 AM,1/10/2026,
783,61.2,gf,4.040,mm,OK,--,9:50:43 AM,1/10/2026,
784,61.3,gf,4.040,mm,OK,--,9:50:43 AM,1/10/2026,
785,61.4,gf,4.045,mm,OK,--,9:50:44 AM,1/10/2026,
786,61.5,gf,4.050,mm,OK,--,9:50:44 AM,1/10/2026,
787,61.5,gf,4.055,mm,OK,--,9:50:44 AM,1/10/2026,
788,61.6,gf,4.060,mm,OK,--,9:50:44 AM,1/10/2026,
789,61.7,gf,4.065,mm,OK,--,9:50:44 AM,1/10/2026,
790,61.5,gf,4.065,mm,OK,--,9:50:44 AM,1/10/2026,
791,61.5,gf,4.070,mm,OK,--,9:50:44 AM,1/10/2026,
792,61.7,gf,4.075,mm,OK,--,9:50:44 AM,1/10/2026,
793,61.7,gf,4.080,mm,OK,--,9:50:44 AM,1/10/2026,
794,61.7,gf,4.085,mm,OK,--,9:50:44 AM,1/10/2026,
795,61.9,gf,4.085,mm,OK,--,9:50:45 AM,1/10/2026,
796,61.9,gf,4.090,mm,OK,--,9:50:45 AM,1/10/2026,
797,62.0,gf,4.095,mm,OK,--,9:50:45 AM,1/10/2026,
798,62.0,gf,4.095,mm,OK,--,9:50:45 AM,1/10/2026,
799,62.1,gf,4.100,mm,OK,--,9:50:45 AM,1/10/2026,
800,61.8,gf,4.105,mm,OK,--,9:50:45 AM,1/10/2026,
801,61.8,gf,4.105,mm,OK,--,9:50:45 AM,1/10/2026,
802,61.9,gf,4.110,mm,OK,--,9:50:45 AM,1/10/2026,
803,61.9,gf,4.110,mm,OK,--,9:50:45 AM,1/10/2026,
804,61.9,gf,4.115,mm,OK,--,9:50:45 AM,1/10/2026,
805,62.0,gf,4.115,mm,OK,--,9:50:46 AM,1/10/2026,
806,62.0,gf,4.120,mm,OK,--,9:50:46 AM,1/10/2026,
807,62.1,gf,4.120,mm,OK,--,9:50:46 AM,1/10/2026,
808,62.1,gf,4.125,mm,OK,--,9:50:46 AM,1/10/2026,
809,62.2,gf,4.125,mm,OK,--,9:50:46 AM,1/10/2026,
810,62.3,gf,4.130,mm,OK,--,9:50:46 AM,1/10/2026,
811,62.3,gf,4.135,mm,OK,--,9:50:46 AM,1/10/2026,
812,62.4,gf,4.140,mm,OK,--,9:50:46 AM,1/10/2026,
813,62.5,gf,4.145,mm,OK,--,9:50:46 AM,1/10/2026,
814,62.5,gf,4.150,mm,OK,--,9:50:46 AM,1/10/2026,
815,62.5,gf,4.150,mm,OK,--,9:50:47 AM,1/10/2026,
816,62.6,gf,4.155,mm,OK,--,9:50:47 AM,1/10/2026,
817,62.7,gf,4.160,mm,OK,--,9:50:47 AM,1/10/2026,
818,62.7,gf,4.160,mm,OK,--,9:50:47 AM,1/10/2026,
819,62.7,gf,4.165,mm,OK,--,9:50:47 AM,1/10/2026,
820,62.8,gf,4.165,mm,OK,--,9:50:47 AM,1/10/2026,
821,62.8,gf,4.165,mm,OK,--,9:50:47 AM,1/10/2026,
822,62.8,gf,4.165,mm,OK,--,9:50:47 AM,1/10/2026,
823,62.8,gf,4.165,mm,OK,--,9:50:47 AM,1/10/2026,
824,62.8,gf,4.170,mm,OK,--,9:50:47 AM,1/10/2026,
825,62.8,gf,4.170,mm,OK,--,9:50:48 AM,1/10/2026,
826,62.9,gf,4.175,mm,OK,--,9:50:48 AM,1/10/2026,
827,62.9,gf,4.175,mm,OK,--,9:50:48 AM,1/10/2026,
828,62.9,gf,4.180,mm,OK,--,9:50:48 AM,1/10/2026,
829,62.9,gf,4.180,mm,OK,--,9:50:48 AM,1/10/2026,
830,63.0,gf,4.185,mm,OK,--,9:50:48 AM,1/10/2026,
831,63.0,gf,4.185,mm,OK,--,9:50:48 AM,1/10/2026,
832,62.7,gf,4.190,mm,OK,--,9:50:48 AM,1/10/2026,
833,62.7,gf,4.190,mm,OK,--,9:50:48 AM,1/10/2026,
834,62.7,gf,4.195,mm,OK,--,9:50:48 AM,1/10/2026,
835,62.8,gf,4.195,mm,OK,--,9:50:49 AM,1/10/2026,
836,62.8,gf,4.200,mm,OK,--,9:50:49 AM,1/10/2026,
837,62.9,gf,4.205,mm,OK,--,9:50:49 AM,1/10/2026,
838,62.9,gf,4.205,mm,OK,--,9:50:49 AM,1/10/2026,
839,63.0,gf,4.210,mm,OK,--,9:50:49 AM,1/10/2026,
840,63.0,gf,4.215,mm,OK,--,9:50:49 AM,1/10/2026,
841,63.0,gf,4.215,mm,OK,--,9:50:49 AM,1/10/2026,
842,63.1,gf,4.220,mm,OK,--,9:50:49 AM,1/10/2026,
843,63.1,gf,4.220,mm,OK,--,9:50:49 AM,1/10/2026,
844,63.2,gf,4.220,mm,OK,--,9:50:49 AM,1/10/2026,
845,63.2,gf,4.225,mm,OK,--,9:50:50 AM,1/10/2026,
846,63.2,gf,4.225,mm,OK,--,9:50:50 AM,1/10/2026,
847,63.3,gf,4.230,mm,OK,--,9:50:50 AM,1/10/2026,
848,63.3,gf,4.235,mm,OK,--,9:50:50 AM,1/10/2026,
849,63.3,gf,4.240,mm,OK,--,9:50:50 AM,1/10/2026,
850,63.4,gf,4.240,mm,OK,--,9:50:50 AM,1/10/2026,
851,63.4,gf,4.245,mm,OK,--,9:50:50 AM,1/10/2026,
852,63.5,gf,4.250,mm,OK,--,9:50:50 AM,1/10/2026,
853,63.5,gf,4.255,mm,OK,--,9:50:50 AM,1/10/2026,
854,63.5,gf,4.255,mm,OK,--,9:50:50 AM,1/10/2026,
855,63.6,gf,4.260,mm,OK,--,9:50:51 AM,1/10/2026,
856,63.3,gf,4.265,mm,OK,--,9:50:51 AM,1/10/2026,
857,63.4,gf,4.270,mm,OK,--,9:50:51 AM,1/10/2026,
858,63.5,gf,4.275,mm,OK,--,9:50:51 AM,1/10/2026,
859,63.7,gf,4.280,mm,OK,--,9:50:51 AM,1/10/2026,
860,64.8,gf,4.285,mm,OK,--,9:50:51 AM,1/10/2026,
861,65.5,gf,4.290,mm,OK,--,9:50:51 AM,1/10/2026,
862,66.4,gf,4.295,mm,OK,--,9:50:51 AM,1/10/2026,
863,67.3,gf,4.300,mm,OK,--,9:50:51 AM,1/10/2026,
864,68.5,gf,4.305,mm,OK,--,9:50:51 AM,1/10/2026,
865,70.3,gf,4.305,mm,OK,--,9:50:52 AM,1/10/2026,
866,72.1,gf,4.310,mm,OK,--,9:50:52 AM,1/10/2026,
867,73.7,gf,4.315,mm,OK,--,9:50:52 AM,1/10/2026,
868,75.3,gf,4.315,mm,OK,--,9:50:52 AM,1/10/2026,
869,76.6,gf,4.320,mm,OK,--,9:50:52 AM,1/10/2026,
870,77.6,gf,4.320,mm,OK,--,9:50:52 AM,1/10/2026,
871,78.4,gf,4.320,mm,OK,--,9:50:52 AM,1/10/2026,
872,79.3,gf,4.325,mm,OK,--,9:50:52 AM,1/10/2026,
873,80.2,gf,4.325,mm,OK,--,9:50:52 AM,1/10/2026,
874,81.1,gf,4.325,mm,OK,--,9:50:52 AM,1/10/2026,
875,82.3,gf,4.330,mm,OK,--,9:50:53 AM,1/10/2026,
876,83.5,gf,4.330,mm,OK,--,9:50:53 AM,1/10/2026,
877,85.0,gf,4.330,mm,OK,--,9:50:53 AM,1/10/2026,
878,86.4,gf,4.335,mm,OK,--,9:50:53 AM,1/10/2026,
879,87.9,gf,4.335,mm,OK,--,9:50:53 AM,1/10/2026,
880,89.3,gf,4.335,mm,OK,--,9:50:53 AM,1/10/2026,
881,90.8,gf,4.340,mm,OK,--,9:50:53 AM,1/10/2026,
882,92.3,gf,4.340,mm,OK,--,9:50:53 AM,1/10/2026,
883,93.5,gf,4.340,mm,OK,--,9:50:53 AM,1/10/2026,
884,94.7,gf,4.345,mm,OK,--,9:50:53 AM,1/10/2026,
885,96.0,gf,4.345,mm,OK,--,9:50:54 AM,1/10/2026,
886,97.6,gf,4.345,mm,OK,--,9:50:54 AM,1/10/2026,
887,99.1,gf,4.350,mm,OK,--,9:50:54 AM,1/10/2026,
888,100.2,gf,4.350,mm,OK,--,9:50:54 AM,1/10/2026,
889,101.1,gf,4.350,mm,OK,--,9:50:54 AM,1/10/2026,
890,101.9,gf,4.350,mm,OK,--,9:50:54 AM,1/10/2026,
891,102.6,gf,4.350,mm,OK,--,9:50:54 AM,1/10/2026,
892,103.3,gf,4.355,mm,OK,--,9:50:54 AM,1/10/2026,
893,104.0,gf,4.355,mm,OK,--,9:50:54 AM,1/10/2026,
894,104.9,gf,4.355,mm,OK,--,9:50:54 AM,1/10/2026,
895,105.9,gf,4.355,mm,OK,--,9:50:55 AM,1/10/2026,
896,106.9,gf,4.355,mm,OK,--,9:50:55 AM,1/10/2026,
897,108.2,gf,4.360,mm,OK,--,9:50:55 AM,1/10/2026,
898,109.8,gf,4.360,mm,OK,--,9:50:55 AM,1/10/2026,
899,111.4,gf,4.360,mm,OK,--,9:50:55 AM,1/10/2026,
900,112.9,gf,4.365,mm,OK,--,9:50:55 AM,1/10/2026,
901,114.5,gf,4.365,mm,OK,--,9:50:55 AM,1/10/2026,
902,116.1,gf,4.365,mm,OK,--,9:50:55 AM,1/10/2026,
903,117.8,gf,4.370,mm,OK,--,9:50:55 AM,1/10/2026,
904,119.4,gf,4.370,mm,OK,--,9:50:55 AM,1/10/2026,
905,121.0,gf,4.370,mm,OK,--,9:50:56 AM,1/10/2026,
906,122.4,gf,4.375,mm,OK,--,9:50:56 AM,1/10/2026,
907,123.9,gf,4.375,mm,OK,--,9:50:56 AM,1/10/2026,
908,125.4,gf,4.375,mm,OK,--,9:50:56 AM,1/10/2026,
909,126.7,gf,4.375,mm,OK,--,9:50:56 AM,1/10/2026,
910,128.0,gf,4.380,mm,OK,--,9:50:56 AM,1/10/2026,
911,129.3,gf,4.380,mm,OK,--,9:50:56 AM,1/10/2026,
912,130.8,gf,4.380,mm,OK,--,9:50:56 AM,1/10/2026,
913,132.4,gf,4.380,mm,OK,--,9:50:56 AM,1/10/2026,
914,133.9,gf,4.385,mm,OK,--,9:50:56 AM,1/10/2026,
915,135.7,gf,4.385,mm,OK,--,9:50:57 AM,1/10/2026,
916,137.6,gf,4.385,mm,OK,--,9:50:57 AM,1/10/2026,
917,139.5,gf,4.390,mm,OK,--,9:50:57 AM,1/10/2026,
918,141.0,gf,4.390,mm,OK,--,9:50:57 AM,1/10/2026,
919,142.2,gf,4.390,mm,OK,--,9:50:57 AM,1/10/2026,
920,143.4,gf,4.390,mm,OK,--,9:50:57 AM,1/10/2026,
921,144.7,gf,4.395,mm,OK,--,9:50:57 AM,1/10/2026,
922,146.0,gf,4.395,mm,OK,--,9:50:57 AM,1/10/2026,
923,147.2,gf,4.395,mm,OK,--,9:50:57 AM,1/10/2026,
924,148.0,gf,4.395,mm,OK,--,9:50:57 AM,1/10/2026,
925,148.8,gf,4.400,mm,OK,--,9:50:58 AM,1/10/2026,
926,149.7,gf,4.400,mm,OK,--,9:50:58 AM,1/10/2026,
927,150.3,gf,4.400,mm,OK,--,9:50:58 AM,1/10/2026,
928,151.4,gf,4.400,mm,OK,--,9:50:58 AM,1/10/2026,
929,152.6,gf,4.400,mm,OK,--,9:50:58 AM,1/10/2026,
930,153.8,gf,4.400,mm,OK,--,9:50:58 AM,1/10/2026,
931,154.9,gf,4.405,mm,OK,--,9:50:58 AM,1/10/2026,
932,156.0,gf,4.405,mm,OK,--,9:50:58 AM,1/10/2026,
933,157.4,gf,4.405,mm,OK,--,9:50:58 AM,1/10/2026,
934,159.1,gf,4.405,mm,OK,--,9:50:58 AM,1/10/2026,
935,160.9,gf,4.410,mm,OK,--,9:50:59 AM,1/10/2026,
936,162.6,gf,4.410,mm,OK,--,9:50:59 AM,1/10/2026,
937,164.7,gf,4.415,mm,OK,--,9:50:59 AM,1/10/2026,
938,166.8,gf,4.415,mm,OK,--,9:50:59 AM,1/10/2026,
939,168.9,gf,4.415,mm,OK,--,9:50:59 AM,1/10/2026,
940,171.5,gf,4.420,mm,OK,--,9:50:59 AM,1/10/2026,
941,174.1,gf,4.420,mm,OK,--,9:50:59 AM,1/10/2026,
942,176.6,gf,4.425,mm,OK,--,9:50:59 AM,1/10/2026,
943,179.1,gf,4.425,mm,OK,--,9:50:59 AM,1/10/2026,
944,181.7,gf,4.430,mm,OK,--,9:50:59 AM,1/10/2026,
945,183.9,gf,4.430,mm,OK,--,9:51:00 AM,1/10/2026,
946,186.0,gf,4.435,mm,OK,--,9:51:00 AM,1/10/2026,
947,188.2,gf,4.435,mm,OK,--,9:51:00 AM,1/10/2026,
948,190.0,gf,4.435,mm,OK,--,9:51:00 AM,1/10/2026,
949,190.9,gf,4.440,mm,OK,--,9:51:00 AM,1/10/2026,
950,191.3,gf,4.440,mm,OK,--,9:51:00 AM,1/10/2026,
951,191.3,gf,4.440,mm,OK,--,9:51:00 AM,1/10/2026,
952,191.4,gf,4.440,mm,OK,--,9:51:00 AM,1/10/2026,
953,191.3,gf,4.440,mm,OK,--,9:51:00 AM,1/10/2026,
954,191.1,gf,4.440,mm,OK,--,9:51:00 AM,1/10/2026,
955,191.0,gf,4.440,mm,OK,--,9:51:01 AM,1/10/2026,
956,191.0,gf,4.440,mm,OK,--,9:51:01 AM,1/10/2026,
957,191.0,gf,4.440,mm,OK,--,9:51:01 AM,1/10/2026,
958,191.0,gf,4.440,mm,OK,--,9:51:01 AM,1/10/2026,
959,190.9,gf,4.440,mm,OK,--,9:51:01 AM,1/10/2026,
960,190.9,gf,4.440,mm,OK,--,9:51:01 AM,1/10/2026,
961,190.9,gf,4.440,mm,OK,--,9:51:01 AM,1/10/2026,
962,190.9,gf,4.440,mm,OK,--,9:51:01 AM,1/10/2026,
963,190.9,gf,4.440,mm,OK,--,9:51:01 AM,1/10/2026,
964,190.9,gf,4.440,mm,OK,--,9:51:01 AM,1/10/2026,
965,190.8,gf,4.440,mm,OK,--,9:51:02 AM,1/10/2026,
966,190.6,gf,4.440,mm,OK,--,9:51:02 AM,1/10/2026,
967,190.5,gf,4.440,mm,OK,--,9:51:02 AM,1/10/2026,
968,190.4,gf,4.440,mm,OK,--,9:51:02 AM,1/10/2026,
969,190.2,gf,4.440,mm,OK,--,9:51:02 AM,1/10/2026,
970,190.1,gf,4.440,mm,OK,--,9:51:02 AM,1/10/2026,
971,189.8,gf,4.440,mm,OK,--,9:51:02 AM,1/10/2026,
972,189.9,gf,4.440,mm,OK,--,9:51:02 AM,1/10/2026,
973,189.8,gf,4.440,mm,OK,--,9:51:02 AM,1/10/2026,
974,189.8,gf,4.440,mm,OK,--,9:51:02 AM,1/10/2026,
975,189.7,gf,4.440,mm,OK,--,9:51:03 AM,1/10/2026,
976,189.2,gf,4.440,mm,OK,--,9:51:03 AM,1/10/2026,
977,188.7,gf,4.440,mm,OK,--,9:51:03 AM,1/10/2026,
978,188.4,gf,4.440,mm,OK,--,9:51:03 AM,1/10/2026,
979,188.0,gf,4.440,mm,OK,--,9:51:03 AM,1/10/2026,
980,187.5,gf,4.435,mm,OK,--,9:51:03 AM,1/10/2026,
981,186.6,gf,4.435,mm,OK,--,9:51:03 AM,1/10/2026,
982,185.7,gf,4.435,mm,OK,--,9:51:03 AM,1/10/2026,
983,185.0,gf,4.435,mm,OK,--,9:51:03 AM,1/10/2026,
984,184.5,gf,4.435,mm,OK,--,9:51:03 AM,1/10/2026,
985,184.1,gf,4.435,mm,OK,--,9:51:04 AM,1/10/2026,
986,183.5,gf,4.435,mm,OK,--,9:51:04 AM,1/10/2026,
987,182.8,gf,4.435,mm,OK,--,9:51:04 AM,1/10/2026,
988,181.2,gf,4.430,mm,OK,--,9:51:04 AM,1/10/2026,
989,179.2,gf,4.430,mm,OK,--,9:51:04 AM,1/10/2026,
990,176.9,gf,4.425,mm,OK,--,9:51:04 AM,1/10/2026,
991,172.1,gf,4.425,mm,OK,--,9:51:04 AM,1/10/2026,
992,169.9,gf,4.420,mm,OK,--,9:51:04 AM,1/10/2026,
993,169.0,gf,4.420,mm,OK,--,9:51:04 AM,1/10/2026,
994,168.3,gf,4.420,mm,OK,--,9:51:04 AM,1/10/2026,
995,167.8,gf,4.420,mm,OK,--,9:51:05 AM,1/10/2026,
996,167.0,gf,4.420,mm,OK,--,9:51:05 AM,1/10/2026,
997,166.2,gf,4.420,mm,OK,--,9:51:05 AM,1/10/2026,
998,165.2,gf,4.415,mm,OK,--,9:51:05 AM,1/10/2026,
999,164.0,gf,4.415,mm,OK,--,9:51:05 AM,1/10/2026,
1000,162.4,gf,4.415,mm,OK,--,9:51:05 AM,1/10/2026,
1001,160.7,gf,4.410,mm,OK,--,9:51:05 AM,1/10/2026,
1002,159.1,gf,4.410,mm,OK,--,9:51:05 AM,1/10/2026,
1003,157.5,gf,4.410,mm,OK,--,9:51:05 AM,1/10/2026,
1004,155.4,gf,4.405,mm,OK,--,9:51:05 AM,1/10/2026,
1005,153.1,gf,4.405,mm,OK,--,9:51:06 AM,1/10/2026,
1006,149.4,gf,4.400,mm,OK,--,9:51:06 AM,1/10/2026,
1007,144.6,gf,4.395,mm,OK,--,9:51:06 AM,1/10/2026,
1008,139.3,gf,4.390,mm,OK,--,9:51:06 AM,1/10/2026,
1009,134.7,gf,4.390,mm,OK,--,9:51:06 AM,1/10/2026,
1010,130.5,gf,4.385,mm,OK,--,9:51:06 AM,1/10/2026,
1011,126.7,gf,4.380,mm,OK,--,9:51:06 AM,1/10/2026,
1012,123.0,gf,4.375,mm,OK,--,9:51:06 AM,1/10/2026,
1013,119.8,gf,4.375,mm,OK,--,9:51:06 AM,1/10/2026,
1014,116.8,gf,4.370,mm,OK,--,9:51:06 AM,1/10/2026,
1015,113.4,gf,4.370,mm,OK,--,9:51:07 AM,1/10/2026,
1016,110.2,gf,4.365,mm,OK,--,9:51:07 AM,1/10/2026,
1017,107.3,gf,4.360,mm,OK,--,9:51:07 AM,1/10/2026,
1018,104.3,gf,4.360,mm,OK,--,9:51:07 AM,1/10/2026,
1019,101.5,gf,4.355,mm,OK,--,9:51:07 AM,1/10/2026,
1020,98.8,gf,4.355,mm,OK,--,9:51:07 AM,1/10/2026,
1021,96.3,gf,4.350,mm,OK,--,9:51:07 AM,1/10/2026,
1022,94.0,gf,4.350,mm,OK,--,9:51:07 AM,1/10/2026,
1023,91.6,gf,4.345,mm,OK,--,9:51:07 AM,1/10/2026,
1024,89.3,gf,4.345,mm,OK,--,9:51:07 AM,1/10/2026,
1025,87.0,gf,4.340,mm,OK,--,9:51:08 AM,1/10/2026,
1026,84.6,gf,4.340,mm,OK,--,9:51:08 AM,1/10/2026,
1027,82.5,gf,4.335,mm,OK,--,9:51:08 AM,1/10/2026,
1028,80.6,gf,4.335,mm,OK,--,9:51:08 AM,1/10/2026,
1029,78.6,gf,4.335,mm,OK,--,9:51:08 AM,1/10/2026,
1030,77.0,gf,4.330,mm,OK,--,9:51:08 AM,1/10/2026,
1031,75.5,gf,4.330,mm,OK,--,9:51:08 AM,1/10/2026,
1032,74.2,gf,4.330,mm,OK,--,9:51:08 AM,1/10/2026,
1033,73.2,gf,4.325,mm,OK,--,9:51:08 AM,1/10/2026,
1034,72.4,gf,4.325,mm,OK,--,9:51:08 AM,1/10/2026,
1035,71.5,gf,4.325,mm,OK,--,9:51:09 AM,1/10/2026,
1036,70.6,gf,4.325,mm,OK,--,9:51:09 AM,1/10/2026,
1037,69.9,gf,4.320,mm,OK,--,9:51:09 AM,1/10/2026,
1038,69.6,gf,4.320,mm,OK,--,9:51:09 AM,1/10/2026,
1039,69.2,gf,4.320,mm,OK,--,9:51:09 AM,1/10/2026,
1040,68.7,gf,4.320,mm,OK,--,9:51:09 AM,1/10/2026,
1041,68.3,gf,4.320,mm,OK,--,9:51:09 AM,1/10/2026,
1042,67.8,gf,4.320,mm,OK,--,9:51:09 AM,1/10/2026,
1043,67.2,gf,4.315,mm,OK,--,9:51:09 AM,1/10/2026,
1044,66.6,gf,4.315,mm,OK,--,9:51:09 AM,1/10/2026,
1045,66.1,gf,4.315,mm,OK,--,9:51:10 AM,1/10/2026,
1046,65.8,gf,4.315,mm,OK,--,9:51:10 AM,1/10/2026,
1047,65.4,gf,4.310,mm,OK,--,9:51:10 AM,1/10/2026,
1048,65.0,gf,4.310,mm,OK,--,9:51:10 AM,1/10/2026,
1049,64.7,gf,4.310,mm,OK,--,9:51:10 AM,1/10/2026,
1050,64.5,gf,4.310,mm,OK,--,9:51:10 AM,1/10/2026,
1051,64.4,gf,4.305,mm,OK,--,9:51:10 AM,1/10/2026,
1052,64.2,gf,4.305,mm,OK,--,9:51:10 AM,1/10/2026,
1053,64.0,gf,4.305,mm,OK,--,9:51:10 AM,1/10/2026,
1054,63.8,gf,4.305,mm,OK,--,9:51:10 AM,1/10/2026,
1055,63.7,gf,4.300,mm,OK,--,9:51:11 AM,1/10/2026,
1056,63.6,gf,4.300,mm,OK,--,9:51:11 AM,1/10/2026,
1057,63.5,gf,4.300,mm,OK,--,9:51:11 AM,1/10/2026,
1058,63.4,gf,4.295,mm,OK,--,9:51:11 AM,1/10/2026,
1059,63.4,gf,4.295,mm,OK,--,9:51:11 AM,1/10/2026,
1060,63.4,gf,4.290,mm,OK,--,9:51:11 AM,1/10/2026,
1061,63.3,gf,4.290,mm,OK,--,9:51:11 AM,1/10/2026,
1062,63.2,gf,4.285,mm,OK,--,9:51:11 AM,1/10/2026,
1063,63.2,gf,4.285,mm,OK,--,9:51:11 AM,1/10/2026,
1064,63.1,gf,4.280,mm,OK,--,9:51:11 AM,1/10/2026,
1065,63.2,gf,4.280,mm,OK,--,9:51:12 AM,1/10/2026,
1066,63.1,gf,4.275,mm,OK,--,9:51:12 AM,1/10/2026,
1067,63.0,gf,4.275,mm,OK,--,9:51:12 AM,1/10/2026,
1068,63.0,gf,4.270,mm,OK,--,9:51:12 AM,1/10/2026,
1069,63.0,gf,4.270,mm,OK,--,9:51:12 AM,1/10/2026,
1070,62.9,gf,4.270,mm,OK,--,9:51:12 AM,1/10/2026,
1071,62.9,gf,4.265,mm,OK,--,9:51:12 AM,1/10/2026,
1072,62.9,gf,4.260,mm,OK,--,9:51:12 AM,1/10/2026,
1073,62.9,gf,4.260,mm,OK,--,9:51:12 AM,1/10/2026,
1074,62.7,gf,4.255,mm,OK,--,9:51:12 AM,1/10/2026,
1075,62.7,gf,4.255,mm,OK,--,9:51:13 AM,1/10/2026,
1076,62.7,gf,4.250,mm,OK,--,9:51:13 AM,1/10/2026,
1077,62.6,gf,4.245,mm,OK,--,9:51:13 AM,1/10/2026,
1078,62.6,gf,4.245,mm,OK,--,9:51:13 AM,1/10/2026,
1079,62.5,gf,4.240,mm,OK,--,9:51:13 AM,1/10/2026,
1080,62.4,gf,4.240,mm,OK,--,9:51:13 AM,1/10/2026,
1081,62.5,gf,4.235,mm,OK,--,9:51:13 AM,1/10/2026,
1082,62.4,gf,4.235,mm,OK,--,9:51:13 AM,1/10/2026,
1083,62.4,gf,4.230,mm,OK,--,9:51:13 AM,1/10/2026,
1084,62.3,gf,4.230,mm,OK,--,9:51:13 AM,1/10/2026,
1085,62.3,gf,4.225,mm,OK,--,9:51:14 AM,1/10/2026,
1086,62.3,gf,4.225,mm,OK,--,9:51:14 AM,1/10/2026,
1087,62.2,gf,4.220,mm,OK,--,9:51:14 AM,1/10/2026,
1088,62.1,gf,4.215,mm,OK,--,9:51:14 AM,1/10/2026,
1089,62.1,gf,4.215,mm,OK,--,9:51:14 AM,1/10/2026,
1090,61.9,gf,4.210,mm,OK,--,9:51:14 AM,1/10/2026,
1091,61.9,gf,4.205,mm,OK,--,9:51:14 AM,1/10/2026,
1092,61.8,gf,4.200,mm,OK,--,9:51:14 AM,1/10/2026,
1093,61.8,gf,4.200,mm,OK,--,9:51:14 AM,1/10/2026,
1094,61.7,gf,4.195,mm,OK,--,9:51:14 AM,1/10/2026,
1095,61.6,gf,4.190,mm,OK,--,9:51:15 AM,1/10/2026,
1096,61.6,gf,4.185,mm,OK,--,9:51:15 AM,1/10/2026,
1097,61.5,gf,4.180,mm,OK,--,9:51:15 AM,1/10/2026,
1098,61.5,gf,4.175,mm,OK,--,9:51:15 AM,1/10/2026,
1099,61.4,gf,4.170,mm,OK,--,9:51:15 AM,1/10/2026,
1100,61.3,gf,4.170,mm,OK,--,9:51:15 AM,1/10/2026,
1101,61.2,gf,4.165,mm,OK,--,9:51:15 AM,1/10/2026,
1102,61.1,gf,4.160,mm,OK,--,9:51:15 AM,1/10/2026,
1103,61.1,gf,4.155,mm,OK,--,9:51:15 AM,1/10/2026,
1104,61.0,gf,4.150,mm,OK,--,9:51:15 AM,1/10/2026,
1105,61.0,gf,4.145,mm,OK,--,9:51:16 AM,1/10/2026,
1106,60.9,gf,4.140,mm,OK,--,9:51:16 AM,1/10/2026,
1107,60.8,gf,4.140,mm,OK,--,9:51:16 AM,1/10/2026,
1108,60.7,gf,4.135,mm,OK,--,9:51:16 AM,1/10/2026,
1109,61.6,gf,4.130,mm,OK,--,9:51:16 AM,1/10/2026,
1110,61.6,gf,4.130,mm,OK,--,9:51:16 AM,1/10/2026,
1111,61.5,gf,4.125,mm,OK,--,9:51:16 AM,1/10/2026,
1112,61.4,gf,4.120,mm,OK,--,9:51:16 AM,1/10/2026,
1113,61.4,gf,4.120,mm,OK,--,9:51:16 AM,1/10/2026,
1114,61.4,gf,4.115,mm,OK,--,9:51:16 AM,1/10/2026,
1115,61.3,gf,4.110,mm,OK,--,9:51:17 AM,1/10/2026,
1116,61.2,gf,4.105,mm,OK,--,9:51:17 AM,1/10/2026,
1117,61.2,gf,4.105,mm,OK,--,9:51:17 AM,1/10/2026,
1118,61.1,gf,4.100,mm,OK,--,9:51:17 AM,1/10/2026,
1119,61.1,gf,4.100,mm,OK,--,9:51:17 AM,1/10/2026,
1120,61.0,gf,4.095,mm,OK,--,9:51:17 AM,1/10/2026,
1121,61.0,gf,4.090,mm,OK,--,9:51:17 AM,1/10/2026,
1122,60.9,gf,4.085,mm,OK,--,9:51:17 AM,1/10/2026,
1123,60.9,gf,4.080,mm,OK,--,9:51:17 AM,1/10/2026,
1124,60.8,gf,4.080,mm,OK,--,9:51:17 AM,1/10/2026,
1125,60.7,gf,4.075,mm,OK,--,9:51:18 AM,1/10/2026,
1126,60.7,gf,4.070,mm,OK,--,9:51:18 AM,1/10/2026,
1127,60.7,gf,4.065,mm,OK,--,9:51:18 AM,1/10/2026,
1128,60.7,gf,4.065,mm,OK,--,9:51:18 AM,1/10/2026,
1129,60.6,gf,4.060,mm,OK,--,9:51:18 AM,1/10/2026,
1130,60.6,gf,4.060,mm,OK,--,9:51:18 AM,1/10/2026,
1131,60.6,gf,4.055,mm,OK,--,9:51:18 AM,1/10/2026,
1132,60.5,gf,4.050,mm,OK,--,9:51:18 AM,1/10/2026,
1133,60.5,gf,4.045,mm,OK,--,9:51:18 AM,1/10/2026,
1134,60.4,gf,4.045,mm,OK,--,9:51:18 AM,1/10/2026,
1135,60.3,gf,4.040,mm,OK,--,9:51:19 AM,1/10/2026,
1136,60.3,gf,4.035,mm,OK,--,9:51:19 AM,1/10/2026,
1137,60.2,gf,4.030,mm,OK,--,9:51:19 AM,1/10/2026,
1138,60.2,gf,4.025,mm,OK,--,9:51:19 AM,1/10/2026,
1139,60.1,gf,4.020,mm,OK,--,9:51:19 AM,1/10/2026,
1140,60.0,gf,4.010,mm,OK,--,9:51:19 AM,1/10/2026,
1141,59.9,gf,4.005,mm,OK,--,9:51:19 AM,1/10/2026,
1142,59.9,gf,4.000,mm,OK,--,9:51:19 AM,1/10/2026,
1143,59.9,gf,3.995,mm,OK,--,9:51:19 AM,1/10/2026,
1144,60.1,gf,3.990,mm,OK,--,9:51:19 AM,1/10/2026,
1145,60.2,gf,3.985,mm,OK,--,9:51:20 AM,1/10/2026,
1146,60.1,gf,3.980,mm,OK,--,9:51:20 AM,1/10/2026,
1147,60.0,gf,3.975,mm,OK,--,9:51:20 AM,1/10/2026,
1148,60.0,gf,3.970,mm,OK,--,9:51:20 AM,1/10/2026,
1149,59.9,gf,3.965,mm,OK,--,9:51:20 AM,1/10/2026,
1150,59.8,gf,3.960,mm,OK,--,9:51:20 AM,1/10/2026,
1151,59.7,gf,3.955,mm,OK,--,9:51:20 AM,1/10/2026,
1152,59.6,gf,3.950,mm,OK,--,9:51:20 AM,1/10/2026,
1153,59.5,gf,3.940,mm,OK,--,9:51:20 AM,1/10/2026,
1154,59.4,gf,3.930,mm,OK,--,9:51:20 AM,1/10/2026,
1155,59.3,gf,3.925,mm,OK,--,9:51:21 AM,1/10/2026,
1156,59.7,gf,3.920,mm,OK,--,9:51:21 AM,1/10/2026,
1157,59.6,gf,3.910,mm,OK,--,9:51:21 AM,1/10/2026,
1158,59.4,gf,3.895,mm,OK,--,9:51:21 AM,1/10/2026,
1159,59.2,gf,3.880,mm,OK,--,9:51:21 AM,1/10/2026,
1160,59.2,gf,3.870,mm,OK,--,9:51:21 AM,1/10/2026,
1161,59.2,gf,3.860,mm,OK,--,9:51:21 AM,1/10/2026,
1162,59.1,gf,3.855,mm,OK,--,9:51:21 AM,1/10/2026,
1163,59.0,gf,3.850,mm,OK,--,9:51:21 AM,1/10/2026,
1164,59.0,gf,3.845,mm,OK,--,9:51:21 AM,1/10/2026,
1165,58.9,gf,3.840,mm,OK,--,9:51:22 AM,1/10/2026,
1166,58.9,gf,3.835,mm,OK,--,9:51:22 AM,1/10/2026,
1167,58.8,gf,3.830,mm,OK,--,9:51:22 AM,1/10/2026,
1168,58.7,gf,3.825,mm,OK,--,9:51:22 AM,1/10/2026,
1169,58.6,gf,3.820,mm,OK,--,9:51:22 AM,1/10/2026,
1170,58.5,gf,3.815,mm,OK,--,9:51:22 AM,1/10/2026,
1171,58.8,gf,3.805,mm,OK,--,9:51:22 AM,1/10/2026,
1172,58.8,gf,3.800,mm,OK,--,9:51:22 AM,1/10/2026,
1173,58.7,gf,3.785,mm,OK,--,9:51:22 AM,1/10/2026,
1174,58.5,gf,3.780,mm,OK,--,9:51:22 AM,1/10/2026,
1175,58.4,gf,3.770,mm,OK,--,9:51:23 AM,1/10/2026,
1176,58.5,gf,3.760,mm,OK,--,9:51:23 AM,1/10/2026,
1177,58.3,gf,3.750,mm,OK,--,9:51:23 AM,1/10/2026,
1178,58.2,gf,3.740,mm,OK,--,9:51:23 AM,1/10/2026,
1179,58.4,gf,3.730,mm,OK,--,9:51:23 AM,1/10/2026,
1180,58.2,gf,3.720,mm,OK,--,9:51:23 AM,1/10/2026,
1181,58.1,gf,3.715,mm,OK,--,9:51:23 AM,1/10/2026,
1182,58.0,gf,3.710,mm,OK,--,9:51:23 AM,1/10/2026,
1183,58.0,gf,3.710,mm,OK,--,9:51:23 AM,1/10/2026,
1184,57.9,gf,3.705,mm,OK,--,9:51:23 AM,1/10/2026,
1185,57.9,gf,3.700,mm,OK,--,9:51:24 AM,1/10/2026,
1186,57.9,gf,3.695,mm,OK,--,9:51:24 AM,1/10/2026,
1187,57.8,gf,3.695,mm,OK,--,9:51:24 AM,1/10/2026,
1188,57.8,gf,3.690,mm,OK,--,9:51:24 AM,1/10/2026,
1189,57.7,gf,3.685,mm,OK,--,9:51:24 AM,1/10/2026,
1190,57.7,gf,3.680,mm,OK,--,9:51:24 AM,1/10/2026,
1191,57.9,gf,3.675,mm,OK,--,9:51:24 AM,1/10/2026,
1192,57.9,gf,3.670,mm,OK,--,9:51:24 AM,1/10/2026,
1193,57.8,gf,3.665,mm,OK,--,9:51:24 AM,1/10/2026,
1194,57.8,gf,3.660,mm,OK,--,9:51:24 AM,1/10/2026,
1195,57.7,gf,3.660,mm,OK,--,9:51:25 AM,1/10/2026,
1196,57.6,gf,3.655,mm,OK,--,9:51:25 AM,1/10/2026,
1197,57.4,gf,3.645,mm,OK,--,9:51:25 AM,1/10/2026,
1198,57.4,gf,3.640,mm,OK,--,9:51:25 AM,1/10/2026,
1199,57.6,gf,3.630,mm,OK,--,9:51:25 AM,1/10/2026,
1200,57.5,gf,3.625,mm,OK,--,9:51:25 AM,1/10/2026,
1201,57.5,gf,3.620,mm,OK,--,9:51:25 AM,1/10/2026,
1202,57.4,gf,3.615,mm,OK,--,9:51:25 AM,1/10/2026,
1203,57.4,gf,3.610,mm,OK,--,9:51:25 AM,1/10/2026,
1204,57.3,gf,3.605,mm,OK,--,9:51:25 AM,1/10/2026,
1205,57.3,gf,3.600,mm,OK,--,9:51:26 AM,1/10/2026,
1206,57.2,gf,3.600,mm,OK,--,9:51:26 AM,1/10/2026,
1207,57.2,gf,3.595,mm,OK,--,9:51:26 AM,1/10/2026,
1208,57.2,gf,3.590,mm,OK,--,9:51:26 AM,1/10/2026,
1209,57.2,gf,3.585,mm,OK,--,9:51:26 AM,1/10/2026,
1210,57.3,gf,3.575,mm,OK,--,9:51:26 AM,1/10/2026,
1211,57.2,gf,3.570,mm,OK,--,9:51:26 AM,1/10/2026,
1212,57.1,gf,3.565,mm,OK,--,9:51:26 AM,1/10/2026,
1213,57.0,gf,3.555,mm,OK,--,9:51:26 AM,1/10/2026,
1214,56.9,gf,3.550,mm,OK,--,9:51:26 AM,1/10/2026,
1215,57.0,gf,3.540,mm,OK,--,9:51:27 AM,1/10/2026,
1216,56.9,gf,3.530,mm,OK,--,9:51:27 AM,1/10/2026,
1217,56.7,gf,3.520,mm,OK,--,9:51:27 AM,1/10/2026,
1218,56.7,gf,3.515,mm,OK,--,9:51:27 AM,1/10/2026,
1219,56.7,gf,3.505,mm,OK,--,9:51:27 AM,1/10/2026,
1220,56.6,gf,3.500,mm,OK,--,9:51:27 AM,1/10/2026,
1221,56.6,gf,3.495,mm,OK,--,9:51:27 AM,1/10/2026,
1222,56.6,gf,3.485,mm,OK,--,9:51:27 AM,1/10/2026,
1223,56.5,gf,3.475,mm,OK,--,9:51:27 AM,1/10/2026,
1224,56.5,gf,3.470,mm,OK,--,9:51:27 AM,1/10/2026,
1225,56.3,gf,3.460,mm,OK,--,9:51:28 AM,1/10/2026,
1226,56.3,gf,3.450,mm,OK,--,9:51:28 AM,1/10/2026,
1227,56.3,gf,3.440,mm,OK,--,9:51:28 AM,1/10/2026,
1228,56.2,gf,3.430,mm,OK,--,9:51:28 AM,1/10/2026,
1229,56.1,gf,3.425,mm,OK,--,9:51:28 AM,1/10/2026,
1230,56.1,gf,3.415,mm,OK,--,9:51:28 AM,1/10/2026,
1231,56.0,gf,3.410,mm,OK,--,9:51:28 AM,1/10/2026,
1232,56.0,gf,3.405,mm,OK,--,9:51:28 AM,1/10/2026,
1233,56.0,gf,3.395,mm,OK,--,9:51:28 AM,1/10/2026,
1234,55.9,gf,3.390,mm,OK,--,9:51:28 AM,1/10/2026,
1235,55.9,gf,3.390,mm,OK,--,9:51:29 AM,1/10/2026,
1236,55.9,gf,3.385,mm,OK,--,9:51:29 AM,1/10/2026,
1237,55.8,gf,3.380,mm,OK,--,9:51:29 AM,1/10/2026,
1238,55.8,gf,3.375,mm,OK,--,9:51:29 AM,1/10/2026,
1239,55.8,gf,3.370,mm,OK,--,9:51:29 AM,1/10/2026,
1240,55.7,gf,3.370,mm,OK,--,9:51:29 AM,1/10/2026,
1241,55.7,gf,3.365,mm,OK,--,9:51:29 AM,1/10/2026,
1242,55.7,gf,3.360,mm,OK,--,9:51:29 AM,1/10/2026,
1243,55.6,gf,3.355,mm,OK,--,9:51:29 AM,1/10/2026,
1244,55.6,gf,3.350,mm,OK,--,9:51:29 AM,1/10/2026,
1245,55.6,gf,3.345,mm,OK,--,9:51:30 AM,1/10/2026,
1246,55.6,gf,3.345,mm,OK,--,9:51:30 AM,1/10/2026,
1247,55.5,gf,3.340,mm,OK,--,9:51:30 AM,1/10/2026,
1248,55.5,gf,3.330,mm,OK,--,9:51:30 AM,1/10/2026,
1249,55.4,gf,3.325,mm,OK,--,9:51:30 AM,1/10/2026,
1250,55.4,gf,3.315,mm,OK,--,9:51:30 AM,1/10/2026,
1251,55.2,gf,3.300,mm,OK,--,9:51:30 AM,1/10/2026,
1252,55.2,gf,3.290,mm,OK,--,9:51:30 AM,1/10/2026,
1253,55.2,gf,3.275,mm,OK,--,9:51:30 AM,1/10/2026,
1254,55.1,gf,3.265,mm,OK,--,9:51:30 AM,1/10/2026,
1255,55.0,gf,3.260,mm,OK,--,9:51:31 AM,1/10/2026,
1256,55.0,gf,3.255,mm,OK,--,9:51:31 AM,1/10/2026,
1257,54.9,gf,3.245,mm,OK,--,9:51:31 AM,1/10/2026,
1258,54.9,gf,3.235,mm,OK,--,9:51:31 AM,1/10/2026,
1259,54.8,gf,3.230,mm,OK,--,9:51:31 AM,1/10/2026,
1260,54.7,gf,3.225,mm,OK,--,9:51:31 AM,1/10/2026,
1261,54.7,gf,3.215,mm,OK,--,9:51:31 AM,1/10/2026,
1262,54.7,gf,3.210,mm,OK,--,9:51:31 AM,1/10/2026,
1263,54.6,gf,3.205,mm,OK,--,9:51:31 AM,1/10/2026,
1264,54.6,gf,3.200,mm,OK,--,9:51:31 AM,1/10/2026,
1265,54.6,gf,3.190,mm,OK,--,9:51:32 AM,1/10/2026,
1266,54.5,gf,3.185,mm,OK,--,9:51:32 AM,1/10/2026,
1267,54.5,gf,3.175,mm,OK,--,9:51:32 AM,1/10/2026,
1268,54.5,gf,3.170,mm,OK,--,9:51:32 AM,1/10/2026,
1269,54.4,gf,3.160,mm,OK,--,9:51:32 AM,1/10/2026,
1270,54.3,gf,3.155,mm,OK,--,9:51:32 AM,1/10/2026,
1271,54.3,gf,3.150,mm,OK,--,9:51:32 AM,1/10/2026,
1272,54.2,gf,3.145,mm,OK,--,9:51:32 AM,1/10/2026,
1273,54.2,gf,3.140,mm,OK,--,9:51:32 AM,1/10/2026,
1274,54.1,gf,3.130,mm,OK,--,9:51:32 AM,1/10/2026,
1275,54.0,gf,3.125,mm,OK,--,9:51:33 AM,1/10/2026,
1276,54.0,gf,3.120,mm,OK,--,9:51:33 AM,1/10/2026,
1277,54.0,gf,3.115,mm,OK,--,9:51:33 AM,1/10/2026,
1278,54.0,gf,3.110,mm,OK,--,9:51:33 AM,1/10/2026,
1279,54.0,gf,3.100,mm,OK,--,9:51:33 AM,1/10/2026,
1280,53.9,gf,3.095,mm,OK,--,9:51:33 AM,1/10/2026,
1281,53.8,gf,3.090,mm,OK,--,9:51:33 AM,1/10/2026,
1282,53.8,gf,3.085,mm,OK,--,9:51:33 AM,1/10/2026,
1283,53.7,gf,3.080,mm,OK,--,9:51:33 AM,1/10/2026,
1284,53.7,gf,3.075,mm,OK,--,9:51:33 AM,1/10/2026,
1285,53.7,gf,3.070,mm,OK,--,9:51:34 AM,1/10/2026,
1286,53.6,gf,3.065,mm,OK,--,9:51:34 AM,1/10/2026,
1287,53.6,gf,3.065,mm,OK,--,9:51:34 AM,1/10/2026,
1288,53.6,gf,3.060,mm,OK,--,9:51:34 AM,1/10/2026,
1289,53.6,gf,3.055,mm,OK,--,9:51:34 AM,1/10/2026,
1290,53.6,gf,3.050,mm,OK,--,9:51:34 AM,1/10/2026,
1291,53.6,gf,3.045,mm,OK,--,9:51:34 AM,1/10/2026,
1292,53.4,gf,3.040,mm,OK,--,9:51:34 AM,1/10/2026,
1293,53.4,gf,3.035,mm,OK,--,9:51:34 AM,1/10/2026,
1294,53.4,gf,3.030,mm,OK,--,9:51:34 AM,1/10/2026,
1295,53.3,gf,3.025,mm,OK,--,9:51:35 AM,1/10/2026,
1296,53.2,gf,3.015,mm,OK,--,9:51:35 AM,1/10/2026,
1297,53.3,gf,3.005,mm,OK,--,9:51:35 AM,1/10/2026,
1298,53.2,gf,2.995,mm,OK,--,9:51:35 AM,1/10/2026,
1299,53.0,gf,2.985,mm,OK,--,9:51:35 AM,1/10/2026,
1300,52.9,gf,2.970,mm,OK,--,9:51:35 AM,1/10/2026,
1301,52.9,gf,2.955,mm,OK,--,9:51:35 AM,1/10/2026,
1302,52.7,gf,2.940,mm,OK,--,9:51:35 AM,1/10/2026,
1303,52.5,gf,2.925,mm,OK,--,9:51:35 AM,1/10/2026,
1304,52.4,gf,2.910,mm,OK,--,9:51:35 AM,1/10/2026,
1305,52.3,gf,2.890,mm,OK,--,9:51:36 AM,1/10/2026,
1306,52.2,gf,2.875,mm,OK,--,9:51:36 AM,1/10/2026,
1307,52.0,gf,2.860,mm,OK,--,9:51:36 AM,1/10/2026,
1308,52.0,gf,2.845,mm,OK,--,9:51:36 AM,1/10/2026,
1309,52.0,gf,2.835,mm,OK,--,9:51:36 AM,1/10/2026,
1310,51.8,gf,2.820,mm,OK,--,9:51:36 AM,1/10/2026,
1311,51.8,gf,2.810,mm,OK,--,9:51:36 AM,1/10/2026,
1312,51.7,gf,2.800,mm,OK,--,9:51:36 AM,1/10/2026,
1313,51.7,gf,2.795,mm,OK,--,9:51:36 AM,1/10/2026,
1314,51.5,gf,2.775,mm,OK,--,9:51:36 AM,1/10/2026,
1315,51.3,gf,2.760,mm,OK,--,9:51:37 AM,1/10/2026,
1316,51.3,gf,2.745,mm,OK,--,9:51:37 AM,1/10/2026,
1317,51.3,gf,2.730,mm,OK,--,9:51:37 AM,1/10/2026,
1318,51.1,gf,2.720,mm,OK,--,9:51:37 AM,1/10/2026,
1319,51.0,gf,2.710,mm,OK,--,9:51:37 AM,1/10/2026,
1320,51.0,gf,2.695,mm,OK,--,9:51:37 AM,1/10/2026,
1321,50.9,gf,2.690,mm,OK,--,9:51:37 AM,1/10/2026,
1322,50.9,gf,2.685,mm,OK,--,9:51:37 AM,1/10/2026,
1323,50.8,gf,2.680,mm,OK,--,9:51:37 AM,1/10/2026,
1324,50.8,gf,2.665,mm,OK,--,9:51:37 AM,1/10/2026,
1325,50.6,gf,2.640,mm,OK,--,9:51:38 AM,1/10/2026,
1326,50.4,gf,2.610,mm,OK,--,9:51:38 AM,1/10/2026,
1327,50.2,gf,2.575,mm,OK,--,9:51:38 AM,1/10/2026,
1328,50.0,gf,2.540,mm,OK,--,9:51:38 AM,1/10/2026,
1329,49.8,gf,2.510,mm,OK,--,9:51:38 AM,1/10/2026,
1330,49.5,gf,2.485,mm,OK,--,9:51:38 AM,1/10/2026,
1331,49.4,gf,2.465,mm,OK,--,9:51:38 AM,1/10/2026,
1332,49.2,gf,2.445,mm,OK,--,9:51:38 AM,1/10/2026,
1333,49.1,gf,2.430,mm,OK,--,9:51:38 AM,1/10/2026,
1334,49.0,gf,2.425,mm,OK,--,9:51:38 AM,1/10/2026,
1335,49.1,gf,2.415,mm,OK,--,9:51:39 AM,1/10/2026,
1336,49.0,gf,2.410,mm,OK,--,9:51:39 AM,1/10/2026,
1337,49.0,gf,2.400,mm,OK,--,9:51:39 AM,1/10/2026,
1338,48.8,gf,2.395,mm,OK,--,9:51:39 AM,1/10/2026,
1339,48.7,gf,2.385,mm,OK,--,9:51:39 AM,1/10/2026,
1340,48.6,gf,2.380,mm,OK,--,9:51:39 AM,1/10/2026,
1341,48.4,gf,2.370,mm,OK,--,9:51:39 AM,1/10/2026,
1342,48.3,gf,2.360,mm,OK,--,9:51:39 AM,1/10/2026,
1343,48.3,gf,2.350,mm,OK,--,9:51:39 AM,1/10/2026,
1344,48.0,gf,2.340,mm,OK,--,9:51:39 AM,1/10/2026,
1345,47.6,gf,2.325,mm,OK,--,9:51:40 AM,1/10/2026,
1346,47.1,gf,2.310,mm,OK,--,9:51:40 AM,1/10/2026,
1347,46.7,gf,2.295,mm,OK,--,9:51:40 AM,1/10/2026,
1348,46.4,gf,2.280,mm,OK,--,9:51:40 AM,1/10/2026,
1349,46.3,gf,2.275,mm,OK,--,9:51:40 AM,1/10/2026,
1350,46.0,gf,2.265,mm,OK,--,9:51:40 AM,1/10/2026,
1351,45.7,gf,2.255,mm,OK,--,9:51:40 AM,1/10/2026,
1352,45.6,gf,2.250,mm,OK,--,9:51:40 AM,1/10/2026,
1353,45.4,gf,2.240,mm,OK,--,9:51:40 AM,1/10/2026,
1354,45.1,gf,2.235,mm,OK,--,9:51:40 AM,1/10/2026,
1355,44.8,gf,2.230,mm,OK,--,9:51:41 AM,1/10/2026,
1356,44.7,gf,2.225,mm,OK,--,9:51:41 AM,1/10/2026,
1357,44.6,gf,2.220,mm,OK,--,9:51:41 AM,1/10/2026,
1358,44.5,gf,2.215,mm,OK,--,9:51:41 AM,1/10/2026,
1359,44.2,gf,2.215,mm,OK,--,9:51:41 AM,1/10/2026,
1360,44.2,gf,2.205,mm,OK,--,9:51:41 AM,1/10/2026,
1361,44.1,gf,2.195,mm,OK,--,9:51:41 AM,1/10/2026,
1362,43.9,gf,2.190,mm,OK,--,9:51:41 AM,1/10/2026,
1363,44.0,gf,2.185,mm,OK,--,9:51:41 AM,1/10/2026,
1364,43.8,gf,2.180,mm,OK,--,9:51:41 AM,1/10/2026,
1365,43.8,gf,2.175,mm,OK,--,9:51:42 AM,1/10/2026,
1366,43.8,gf,2.175,mm,OK,--,9:51:42 AM,1/10/2026,
1367,43.7,gf,2.170,mm,OK,--,9:51:42 AM,1/10/2026,
1368,43.6,gf,2.170,mm,OK,--,9:51:42 AM,1/10/2026,
1369,43.6,gf,2.165,mm,OK,--,9:51:42 AM,1/10/2026,
1370,43.5,gf,2.165,mm,OK,--,9:51:42 AM,1/10/2026,
1371,43.4,gf,2.160,mm,OK,--,9:51:42 AM,1/10/2026,
1372,43.4,gf,2.155,mm,OK,--,9:51:42 AM,1/10/2026,
1373,43.4,gf,2.150,mm,OK,--,9:51:42 AM,1/10/2026,
1374,43.3,gf,2.145,mm,OK,--,9:51:42 AM,1/10/2026,
1375,43.1,gf,2.140,mm,OK,--,9:51:43 AM,1/10/2026,
1376,43.0,gf,2.140,mm,OK,--,9:51:43 AM,1/10/2026,
1377,42.9,gf,2.135,mm,OK,--,9:51:43 AM,1/10/2026,
1378,42.8,gf,2.130,mm,OK,--,9:51:43 AM,1/10/2026,
1379,42.7,gf,2.125,mm,OK,--,9:51:43 AM,1/10/2026,
1380,42.6,gf,2.120,mm,OK,--,9:51:43 AM,1/10/2026,
1381,42.5,gf,2.120,mm,OK,--,9:51:43 AM,1/10/2026,
1382,42.4,gf,2.115,mm,OK,--,9:51:43 AM,1/10/2026,
1383,42.4,gf,2.110,mm,OK,--,9:51:43 AM,1/10/2026,
1384,42.3,gf,2.105,mm,OK,--,9:51:43 AM,1/10/2026,
1385,42.2,gf,2.100,mm,OK,--,9:51:44 AM,1/10/2026,
1386,42.2,gf,2.100,mm,OK,--,9:51:44 AM,1/10/2026,
1387,42.1,gf,2.095,mm,OK,--,9:51:44 AM,1/10/2026,
1388,41.9,gf,2.090,mm,OK,--,9:51:44 AM,1/10/2026,
1389,41.5,gf,2.080,mm,OK,--,9:51:44 AM,1/10/2026,
1390,41.5,gf,2.075,mm,OK,--,9:51:44 AM,1/10/2026,
1391,41.4,gf,2.070,mm,OK,--,9:51:44 AM,1/10/2026,
1392,41.6,gf,2.070,mm,OK,--,9:51:44 AM,1/10/2026,
1393,41.5,gf,2.070,mm,OK,--,9:51:44 AM,1/10/2026,
1394,41.4,gf,2.070,mm,OK,--,9:51:44 AM,1/10/2026,
1395,41.1,gf,2.065,mm,OK,--,9:51:45 AM,1/10/2026,
1396,41.0,gf,2.060,mm,OK,--,9:51:45 AM,1/10/2026,
1397,41.0,gf,2.055,mm,OK,--,9:51:45 AM,1/10/2026,
1398,41.1,gf,2.050,mm,OK,--,9:51:45 AM,1/10/2026,
1399,41.2,gf,2.045,mm,OK,--,9:51:45 AM,1/10/2026,
1400,41.3,gf,2.045,mm,OK,--,9:51:45 AM,1/10/2026,
1401,41.2,gf,2.045,mm,OK,--,9:51:45 AM,1/10/2026,
1402,41.1,gf,2.045,mm,OK,--,9:51:45 AM,1/10/2026,
1403,40.9,gf,2.045,mm,OK,--,9:51:45 AM,1/10/2026,
1404,40.9,gf,2.040,mm,OK,--,9:51:45 AM,1/10/2026,
1405,40.8,gf,2.040,mm,OK,--,9:51:46 AM,1/10/2026,
1406,40.6,gf,2.035,mm,OK,--,9:51:46 AM,1/10/2026,
1407,40.7,gf,2.030,mm,OK,--,9:51:46 AM,1/10/2026,
1408,40.6,gf,2.025,mm,OK,--,9:51:46 AM,1/10/2026,
1409,40.5,gf,2.020,mm,OK,--,9:51:46 AM,1/10/2026,
1410,40.4,gf,2.015,mm,OK,--,9:51:46 AM,1/10/2026,
1411,40.5,gf,2.010,mm,OK,--,9:51:46 AM,1/10/2026,
1412,40.5,gf,2.005,mm,OK,--,9:51:46 AM,1/10/2026,
1413,40.3,gf,1.995,mm,OK,--,9:51:46 AM,1/10/2026,
1414,40.5,gf,1.985,mm,OK,--,9:51:46 AM,1/10/2026,
1415,40.5,gf,1.975,mm,OK,--,9:51:47 AM,1/10/2026,
1416,40.6,gf,1.965,mm,OK,--,9:51:47 AM,1/10/2026,
1417,40.5,gf,1.960,mm,OK,--,9:51:47 AM,1/10/2026,
1418,40.5,gf,1.955,mm,OK,--,9:51:47 AM,1/10/2026,
1419,40.5,gf,1.950,mm,OK,--,9:51:47 AM,1/10/2026,
1420,40.3,gf,1.940,mm,OK,--,9:51:47 AM,1/10/2026,
1421,40.2,gf,1.935,mm,OK,--,9:51:47 AM,1/10/2026,
1422,40.4,gf,1.925,mm,OK,--,9:51:47 AM,1/10/2026,
1423,40.2,gf,1.920,mm,OK,--,9:51:47 AM,1/10/2026,
1424,40.1,gf,1.910,mm,OK,--,9:51:47 AM,1/10/2026,
1425,39.8,gf,1.905,mm,OK,--,9:51:48 AM,1/10/2026,
1426,39.9,gf,1.900,mm,OK,--,9:51:48 AM,1/10/2026,
1427,39.7,gf,1.895,mm,OK,--,9:51:48 AM,1/10/2026,
1428,39.8,gf,1.885,mm,OK,--,9:51:48 AM,1/10/2026,
1429,39.7,gf,1.875,mm,OK,--,9:51:48 AM,1/10/2026,
1430,39.7,gf,1.865,mm,OK,--,9:51:48 AM,1/10/2026,
1431,39.5,gf,1.855,mm,OK,--,9:51:48 AM,1/10/2026,
1432,39.8,gf,1.845,mm,OK,--,9:51:48 AM,1/10/2026,
1433,39.8,gf,1.835,mm,OK,--,9:51:48 AM,1/10/2026,
1434,39.6,gf,1.825,mm,OK,--,9:51:48 AM,1/10/2026,
1435,39.6,gf,1.805,mm,OK,--,9:51:49 AM,1/10/2026,
1436,39.9,gf,1.790,mm,OK,--,9:51:49 AM,1/10/2026,
1437,39.9,gf,1.780,mm,OK,--,9:51:49 AM,1/10/2026,
1438,39.9,gf,1.770,mm,OK,--,9:51:49 AM,1/10/2026,
1439,39.9,gf,1.760,mm,OK,--,9:51:49 AM,1/10/2026,
1440,39.7,gf,1.745,mm,OK,--,9:51:49 AM,1/10/2026,
1441,39.7,gf,1.740,mm,OK,--,9:51:49 AM,1/10/2026,
1442,39.8,gf,1.730,mm,OK,--,9:51:49 AM,1/10/2026,
1443,39.7,gf,1.720,mm,OK,--,9:51:49 AM,1/10/2026,
1444,39.6,gf,1.715,mm,OK,--,9:51:49 AM,1/10/2026,
1445,39.6,gf,1.705,mm,OK,--,9:51:50 AM,1/10/2026,
1446,39.5,gf,1.705,mm,OK,--,9:51:50 AM,1/10/2026,
1447,39.4,gf,1.700,mm,OK,--,9:51:50 AM,1/10/2026,
1448,39.5,gf,1.695,mm,OK,--,9:51:50 AM,1/10/2026,
1449,39.4,gf,1.685,mm,OK,--,9:51:50 AM,1/10/2026,
1450,39.5,gf,1.680,mm,OK,--,9:51:50 AM,1/10/2026,
1451,39.4,gf,1.675,mm,OK,--,9:51:50 AM,1/10/2026,
1452,39.4,gf,1.670,mm,OK,--,9:51:50 AM,1/10/2026,
1453,39.3,gf,1.665,mm,OK,--,9:51:50 AM,1/10/2026,
1454,39.3,gf,1.655,mm,OK,--,9:51:50 AM,1/10/2026,
1455,39.1,gf,1.645,mm,OK,--,9:51:51 AM,1/10/2026,
1456,38.9,gf,1.630,mm,OK,--,9:51:51 AM,1/10/2026,
1457,38.9,gf,1.620,mm,OK,--,9:51:51 AM,1/10/2026,
1458,38.9,gf,1.610,mm,OK,--,9:51:51 AM,1/10/2026,
1459,38.8,gf,1.605,mm,OK,--,9:51:51 AM,1/10/2026,
1460,38.7,gf,1.600,mm,OK,--,9:51:51 AM,1/10/2026,
1461,38.7,gf,1.600,mm,OK,--,9:51:51 AM,1/10/2026,
1462,38.6,gf,1.595,mm,OK,--,9:51:51 AM,1/10/2026,
1463,38.5,gf,1.590,mm,OK,--,9:51:51 AM,1/10/2026,
1464,38.6,gf,1.585,mm,OK,--,9:51:51 AM,1/10/2026,
1465,38.6,gf,1.575,mm,OK,--,9:51:52 AM,1/10/2026,
1466,38.6,gf,1.565,mm,OK,--,9:51:52 AM,1/10/2026,
1467,38.4,gf,1.555,mm,OK,--,9:51:52 AM,1/10/2026,
1468,38.4,gf,1.545,mm,OK,--,9:51:52 AM,1/10/2026,
1469,38.4,gf,1.535,mm,OK,--,9:51:52 AM,1/10/2026,
1470,38.2,gf,1.530,mm,OK,--,9:51:52 AM,1/10/2026,
1471,38.2,gf,1.525,mm,OK,--,9:51:52 AM,1/10/2026,
1472,38.2,gf,1.520,mm,OK,--,9:51:52 AM,1/10/2026,
1473,38.2,gf,1.515,mm,OK,--,9:51:52 AM,1/10/2026,
1474,38.2,gf,1.505,mm,OK,--,9:51:52 AM,1/10/2026,
1475,38.2,gf,1.500,mm,OK,--,9:51:53 AM,1/10/2026,
1476,38.2,gf,1.490,mm,OK,--,9:51:53 AM,1/10/2026,
1477,38.2,gf,1.480,mm,OK,--,9:51:53 AM,1/10/2026,
1478,38.0,gf,1.470,mm,OK,--,9:51:53 AM,1/10/2026,
1479,38.0,gf,1.465,mm,OK,--,9:51:53 AM,1/10/2026,
1480,37.6,gf,1.460,mm,OK,--,9:51:53 AM,1/10/2026,
1481,37.5,gf,1.455,mm,OK,--,9:51:53 AM,1/10/2026,
1482,37.4,gf,1.450,mm,OK,--,9:51:53 AM,1/10/2026,
1483,37.6,gf,1.435,mm,OK,--,9:51:53 AM,1/10/2026,
1484,37.6,gf,1.420,mm,OK,--,9:51:53 AM,1/10/2026,
1485,37.7,gf,1.410,mm,OK,--,9:51:54 AM,1/10/2026,
1486,37.8,gf,1.395,mm,OK,--,9:51:54 AM,1/10/2026,
1487,37.7,gf,1.380,mm,OK,--,9:51:54 AM,1/10/2026,
1488,37.5,gf,1.370,mm,OK,--,9:51:54 AM,1/10/2026,
1489,37.6,gf,1.355,mm,OK,--,9:51:54 AM,1/10/2026,
1490,37.3,gf,1.350,mm,OK,--,9:51:54 AM,1/10/2026,
1491,37.4,gf,1.345,mm,OK,--,9:51:54 AM,1/10/2026,
1492,37.3,gf,1.340,mm,OK,--,9:51:54 AM,1/10/2026,
1493,37.3,gf,1.335,mm,OK,--,9:51:54 AM,1/10/2026,
1494,37.3,gf,1.325,mm,OK,--,9:51:54 AM,1/10/2026,
1495,37.2,gf,1.320,mm,OK,--,9:51:55 AM,1/10/2026,
1496,37.2,gf,1.310,mm,OK,--,9:51:55 AM,1/10/2026,
1497,37.2,gf,1.305,mm,OK,--,9:51:55 AM,1/10/2026,
1498,37.1,gf,1.295,mm,OK,--,9:51:55 AM,1/10/2026,
1499,37.0,gf,1.285,mm,OK,--,9:51:55 AM,1/10/2026,
1500,36.8,gf,1.280,mm,OK,--,9:51:55 AM,1/10/2026,
1501,36.7,gf,1.275,mm,OK,--,9:51:55 AM,1/10/2026,
1502,36.7,gf,1.270,mm,OK,--,9:51:55 AM,1/10/2026,
1503,36.5,gf,1.265,mm,OK,--,9:51:55 AM,1/10/2026,
1504,36.5,gf,1.255,mm,OK,--,9:51:55 AM,1/10/2026,
1505,36.5,gf,1.250,mm,OK,--,9:51:56 AM,1/10/2026,
1506,36.4,gf,1.240,mm,OK,--,9:51:56 AM,1/10/2026,
1507,36.4,gf,1.225,mm,OK,--,9:51:56 AM,1/10/2026,
1508,36.4,gf,1.210,mm,OK,--,9:51:56 AM,1/10/2026,
1509,36.1,gf,1.200,mm,OK,--,9:51:56 AM,1/10/2026,
1510,36.0,gf,1.190,mm,OK,--,9:51:56 AM,1/10/2026,
1511,35.8,gf,1.175,mm,OK,--,9:51:56 AM,1/10/2026,
1512,35.7,gf,1.160,mm,OK,--,9:51:56 AM,1/10/2026,
1513,35.6,gf,1.145,mm,OK,--,9:51:56 AM,1/10/2026,
1514,35.7,gf,1.135,mm,OK,--,9:51:56 AM,1/10/2026,
1515,35.8,gf,1.125,mm,OK,--,9:51:57 AM,1/10/2026,
1516,35.7,gf,1.115,mm,OK,--,9:51:57 AM,1/10/2026,
1517,35.6,gf,1.110,mm,OK,--,9:51:57 AM,1/10/2026,
1518,35.7,gf,1.105,mm,OK,--,9:51:57 AM,1/10/2026,
1519,35.8,gf,1.105,mm,OK,--,9:51:57 AM,1/10/2026,
1520,35.8,gf,1.105,mm,OK,--,9:51:57 AM,1/10/2026,
1521,35.4,gf,1.100,mm,OK,--,9:51:57 AM,1/10/2026,
1522,35.5,gf,1.100,mm,OK,--,9:51:57 AM,1/10/2026,
1523,35.5,gf,1.095,mm,OK,--,9:51:57 AM,1/10/2026,
1524,35.4,gf,1.095,mm,OK,--,9:51:57 AM,1/10/2026,
1525,35.5,gf,1.090,mm,OK,--,9:51:58 AM,1/10/2026,
1526,35.5,gf,1.085,mm,OK,--,9:51:58 AM,1/10/2026,
1527,35.4,gf,1.085,mm,OK,--,9:51:58 AM,1/10/2026,
1528,35.4,gf,1.080,mm,OK,--,9:51:58 AM,1/10/2026,
1529,35.3,gf,1.075,mm,OK,--,9:51:58 AM,1/10/2026,
1530,35.3,gf,1.075,mm,OK,--,9:51:58 AM,1/10/2026,
1531,35.2,gf,1.065,mm,OK,--,9:51:58 AM,1/10/2026,
1532,35.2,gf,1.060,mm,OK,--,9:51:58 AM,1/10/2026,
1533,35.2,gf,1.055,mm,OK,--,9:51:58 AM,1/10/2026,
1534,35.2,gf,1.050,mm,OK,--,9:51:58 AM,1/10/2026,
1535,35.2,gf,1.045,mm,OK,--,9:51:59 AM,1/10/2026,
1536,35.1,gf,1.035,mm,OK,--,9:51:59 AM,1/10/2026,
1537,35.2,gf,1.030,mm,OK,--,9:51:59 AM,1/10/2026,
1538,35.1,gf,1.025,mm,OK,--,9:51:59 AM,1/10/2026,
1539,35.0,gf,1.020,mm,OK,--,9:51:59 AM,1/10/2026,
1540,35.0,gf,1.020,mm,OK,--,9:51:59 AM,1/10/2026,
1541,34.9,gf,1.015,mm,OK,--,9:51:59 AM,1/10/2026,
1542,34.9,gf,1.010,mm,OK,--,9:51:59 AM,1/10/2026,
1543,34.9,gf,1.010,mm,OK,--,9:51:59 AM,1/10/2026,
1544,34.9,gf,1.005,mm,OK,--,9:51:59 AM,1/10/2026,
1545,34.8,gf,1.005,mm,OK,--,9:52:00 AM,1/10/2026,
1546,34.8,gf,1.005,mm,OK,--,9:52:00 AM,1/10/2026,
1547,34.7,gf,1.000,mm,OK,--,9:52:00 AM,1/10/2026,
1548,34.6,gf,1.000,mm,OK,--,9:52:00 AM,1/10/2026,
1549,34.6,gf,1.000,mm,OK,--,9:52:00 AM,1/10/2026,
1550,34.6,gf,0.995,mm,OK,--,9:52:00 AM,1/10/2026,
1551,34.6,gf,0.995,mm,OK,--,9:52:00 AM,1/10/2026,
1552,34.5,gf,0.990,mm,OK,--,9:52:00 AM,1/10/2026,
1553,34.6,gf,0.990,mm,OK,--,9:52:00 AM,1/10/2026,
1554,34.5,gf,0.985,mm,OK,--,9:52:00 AM,1/10/2026,
1555,34.4,gf,0.985,mm,OK,--,9:52:01 AM,1/10/2026,
1556,34.4,gf,0.980,mm,OK,--,9:52:01 AM,1/10/2026,
1557,34.5,gf,0.975,mm,OK,--,9:52:01 AM,1/10/2026,
1558,34.5,gf,0.975,mm,OK,--,9:52:01 AM,1/10/2026,
1559,34.4,gf,0.970,mm,OK,--,9:52:01 AM,1/10/2026,
1560,34.3,gf,0.965,mm,OK,--,9:52:01 AM,1/10/2026,
1561,34.2,gf,0.965,mm,OK,--,9:52:01 AM,1/10/2026,
1562,34.1,gf,0.960,mm,OK,--,9:52:01 AM,1/10/2026,
1563,34.1,gf,0.955,mm,OK,--,9:52:01 AM,1/10/2026,
1564,34.1,gf,0.950,mm,OK,--,9:52:01 AM,1/10/2026,
1565,34.1,gf,0.950,mm,OK,--,9:52:02 AM,1/10/2026,
1566,34.0,gf,0.945,mm,OK,--,9:52:02 AM,1/10/2026,
1567,33.9,gf,0.940,mm,OK,--,9:52:02 AM,1/10/2026,
1568,34.0,gf,0.935,mm,OK,--,9:52:02 AM,1/10/2026,
1569,33.9,gf,0.935,mm,OK,--,9:52:02 AM,1/10/2026,
1570,33.9,gf,0.925,mm,OK,--,9:52:02 AM,1/10/2026,
1571,34.0,gf,0.920,mm,OK,--,9:52:02 AM,1/10/2026,
1572,34.0,gf,0.915,mm,OK,--,9:52:02 AM,1/10/2026,
1573,34.0,gf,0.910,mm,OK,--,9:52:02 AM,1/10/2026,
1574,34.0,gf,0.905,mm,OK,--,9:52:02 AM,1/10/2026,
1575,34.2,gf,0.900,mm,OK,--,9:52:03 AM,1/10/2026,
1576,34.2,gf,0.900,mm,OK,--,9:52:03 AM,1/10/2026,
1577,34.1,gf,0.895,mm,OK,--,9:52:03 AM,1/10/2026,
1578,34.0,gf,0.890,mm,OK,--,9:52:03 AM,1/10/2026,
1579,34.0,gf,0.885,mm,OK,--,9:52:03 AM,1/10/2026,
1580,34.0,gf,0.880,mm,OK,--,9:52:03 AM,1/10/2026,
1581,34.0,gf,0.875,mm,OK,--,9:52:03 AM,1/10/2026,
1582,33.9,gf,0.870,mm,OK,--,9:52:03 AM,1/10/2026,
1583,33.9,gf,0.860,mm,OK,--,9:52:03 AM,1/10/2026,
1584,34.0,gf,0.855,mm,OK,--,9:52:03 AM,1/10/2026,
1585,33.7,gf,0.845,mm,OK,--,9:52:04 AM,1/10/2026,
1586,33.6,gf,0.840,mm,OK,--,9:52:04 AM,1/10/2026,
1587,33.4,gf,0.835,mm,OK,--,9:52:04 AM,1/10/2026,
1588,33.4,gf,0.830,mm,OK,--,9:52:04 AM,1/10/2026,
1589,33.4,gf,0.825,mm,OK,--,9:52:04 AM,1/10/2026,
1590,33.5,gf,0.820,mm,OK,--,9:52:04 AM,1/10/2026,
1591,33.5,gf,0.815,mm,OK,--,9:52:04 AM,1/10/2026,
1592,33.5,gf,0.810,mm,OK,--,9:52:04 AM,1/10/2026,
1593,33.5,gf,0.805,mm,OK,--,9:52:04 AM,1/10/2026,
1594,33.5,gf,0.800,mm,OK,--,9:52:04 AM,1/10/2026,
1595,33.6,gf,0.800,mm,OK,--,9:52:05 AM,1/10/2026,
1596,33.6,gf,0.795,mm,OK,--,9:52:05 AM,1/10/2026,
1597,33.5,gf,0.795,mm,OK,--,9:52:05 AM,1/10/2026,
1598,33.5,gf,0.790,mm,OK,--,9:52:05 AM,1/10/2026,
1599,33.4,gf,0.790,mm,OK,--,9:52:05 AM,1/10/2026,
1600,33.4,gf,0.785,mm,OK,--,9:52:05 AM,1/10/2026,
1601,33.4,gf,0.780,mm,OK,--,9:52:05 AM,1/10/2026,
1602,33.3,gf,0.775,mm,OK,--,9:52:05 AM,1/10/2026,
1603,33.4,gf,0.770,mm,OK,--,9:52:05 AM,1/10/2026,
1604,33.3,gf,0.765,mm,OK,--,9:52:05 AM,1/10/2026,
1605,33.2,gf,0.760,mm,OK,--,9:52:06 AM,1/10/2026,
1606,33.3,gf,0.755,mm,OK,--,9:52:06 AM,1/10/2026,
1607,33.3,gf,0.750,mm,OK,--,9:52:06 AM,1/10/2026,
1608,33.2,gf,0.740,mm,OK,--,9:52:06 AM,1/10/2026,
1609,33.2,gf,0.735,mm,OK,--,9:52:06 AM,1/10/2026,
1610,33.2,gf,0.730,mm,OK,--,9:52:06 AM,1/10/2026,
1611,33.2,gf,0.725,mm,OK,--,9:52:06 AM,1/10/2026,
1612,33.2,gf,0.720,mm,OK,--,9:52:06 AM,1/10/2026,
1613,33.2,gf,0.715,mm,OK,--,9:52:06 AM,1/10/2026,
1614,33.2,gf,0.715,mm,OK,--,9:52:06 AM,1/10/2026,
1615,33.1,gf,0.710,mm,OK,--,9:52:07 AM,1/10/2026,
1616,33.1,gf,0.705,mm,OK,--,9:52:07 AM,1/10/2026,
1617,33.1,gf,0.700,mm,OK,--,9:52:07 AM,1/10/2026,
1618,33.0,gf,0.695,mm,OK,--,9:52:07 AM,1/10/2026,
1619,32.9,gf,0.690,mm,OK,--,9:52:07 AM,1/10/2026,
1620,33.1,gf,0.680,mm,OK,--,9:52:07 AM,1/10/2026,
1621,32.9,gf,0.675,mm,OK,--,9:52:07 AM,1/10/2026,
1622,32.8,gf,0.665,mm,OK,--,9:52:07 AM,1/10/2026,
1623,32.7,gf,0.660,mm,OK,--,9:52:07 AM,1/10/2026,
1624,32.6,gf,0.660,mm,OK,--,9:52:07 AM,1/10/2026,
1625,32.5,gf,0.655,mm,OK,--,9:52:08 AM,1/10/2026,
1626,32.5,gf,0.650,mm,OK,--,9:52:08 AM,1/10/2026,
1627,32.4,gf,0.645,mm,OK,--,9:52:08 AM,1/10/2026,
1628,32.5,gf,0.645,mm,OK,--,9:52:08 AM,1/10/2026,
1629,32.5,gf,0.640,mm,OK,--,9:52:08 AM,1/10/2026,
1630,32.4,gf,0.640,mm,OK,--,9:52:08 AM,1/10/2026,
1631,32.4,gf,0.635,mm,OK,--,9:52:08 AM,1/10/2026,
1632,32.4,gf,0.635,mm,OK,--,9:52:08 AM,1/10/2026,
1633,32.4,gf,0.635,mm,OK,--,9:52:08 AM,1/10/2026,
1634,32.4,gf,0.630,mm,OK,--,9:52:08 AM,1/10/2026,
1635,32.3,gf,0.630,mm,OK,--,9:52:09 AM,1/10/2026,
1636,32.1,gf,0.625,mm,OK,--,9:52:09 AM,1/10/2026,
1637,32.4,gf,0.625,mm,OK,--,9:52:09 AM,1/10/2026,
1638,32.5,gf,0.620,mm,OK,--,9:52:09 AM,1/10/2026,
1639,32.5,gf,0.620,mm,OK,--,9:52:09 AM,1/10/2026,
1640,32.6,gf,0.620,mm,OK,--,9:52:09 AM,1/10/2026,
1641,32.6,gf,0.615,mm,OK,--,9:52:09 AM,1/10/2026,
1642,32.5,gf,0.615,mm,OK,--,9:52:09 AM,1/10/2026,
1643,32.4,gf,0.615,mm,OK,--,9:52:09 AM,1/10/2026,
1644,32.5,gf,0.610,mm,OK,--,9:52:09 AM,1/10/2026,
1645,32.5,gf,0.610,mm,OK,--,9:52:10 AM,1/10/2026,
1646,32.5,gf,0.605,mm,OK,--,9:52:10 AM,1/10/2026,
1647,32.5,gf,0.605,mm,OK,--,9:52:10 AM,1/10/2026,
1648,32.5,gf,0.600,mm,OK,--,9:52:10 AM,1/10/2026,
1649,32.5,gf,0.595,mm,OK,--,9:52:10 AM,1/10/2026,
1650,32.6,gf,0.590,mm,OK,--,9:52:10 AM,1/10/2026,
1651,32.6,gf,0.585,mm,OK,--,9:52:10 AM,1/10/2026,
1652,32.5,gf,0.585,mm,OK,--,9:52:10 AM,1/10/2026,
1653,32.5,gf,0.580,mm,OK,--,9:52:10 AM,1/10/2026,
1654,32.5,gf,0.575,mm,OK,--,9:52:10 AM,1/10/2026,
1655,32.6,gf,0.570,mm,OK,--,9:52:11 AM,1/10/2026,
1656,32.5,gf,0.565,mm,OK,--,9:52:11 AM,1/10/2026,
1657,32.5,gf,0.560,mm,OK,--,9:52:11 AM,1/10/2026,
1658,32.4,gf,0.560,mm,OK,--,9:52:11 AM,1/10/2026,
1659,32.4,gf,0.555,mm,OK,--,9:52:11 AM,1/10/2026,
1660,32.4,gf,0.550,mm,OK,--,9:52:11 AM,1/10/2026,
1661,32.3,gf,0.540,mm,OK,--,9:52:11 AM,1/10/2026,
1662,32.3,gf,0.535,mm,OK,--,9:52:11 AM,1/10/2026,
1663,32.3,gf,0.535,mm,OK,--,9:52:11 AM,1/10/2026,
1664,32.3,gf,0.530,mm,OK,--,9:52:11 AM,1/10/2026,
1665,32.4,gf,0.525,mm,OK,--,9:52:12 AM,1/10/2026,
1666,32.4,gf,0.525,mm,OK,--,9:52:12 AM,1/10/2026,
1667,32.4,gf,0.525,mm,OK,--,9:52:12 AM,1/10/2026,
1668,32.4,gf,0.525,mm,OK,--,9:52:12 AM,1/10/2026,
1669,32.4,gf,0.520,mm,OK,--,9:52:12 AM,1/10/2026,
1670,32.4,gf,0.520,mm,OK,--,9:52:12 AM,1/10/2026,
1671,32.3,gf,0.515,mm,OK,--,9:52:12 AM,1/10/2026,
1672,32.4,gf,0.515,mm,OK,--,9:52:12 AM,1/10/2026,
1673,32.5,gf,0.510,mm,OK,--,9:52:12 AM,1/10/2026,
1674,32.5,gf,0.505,mm,OK,--,9:52:12 AM,1/10/2026,
1675,32.6,gf,0.505,mm,OK,--,9:52:13 AM,1/10/2026,
1676,32.6,gf,0.500,mm,OK,--,9:52:13 AM,1/10/2026,
1677,32.6,gf,0.495,mm,OK,--,9:52:13 AM,1/10/2026,
1678,32.7,gf,0.490,mm,OK,--,9:52:13 AM,1/10/2026,
1679,32.6,gf,0.490,mm,OK,--,9:52:13 AM,1/10/2026,
1680,32.6,gf,0.485,mm,OK,--,9:52:13 AM,1/10/2026,
1681,32.6,gf,0.480,mm,OK,--,9:52:13 AM,1/10/2026,
1682,32.6,gf,0.480,mm,OK,--,9:52:13 AM,1/10/2026,
1683,32.6,gf,0.475,mm,OK,--,9:52:13 AM,1/10/2026,
1684,32.6,gf,0.470,mm,OK,--,9:52:13 AM,1/10/2026,
1685,32.5,gf,0.470,mm,OK,--,9:52:14 AM,1/10/2026,
1686,32.5,gf,0.465,mm,OK,--,9:52:14 AM,1/10/2026,
1687,32.5,gf,0.465,mm,OK,--,9:52:14 AM,1/10/2026,
1688,32.5,gf,0.460,mm,OK,--,9:52:14 AM,1/10/2026,
1689,32.5,gf,0.460,mm,OK,--,9:52:14 AM,1/10/2026,
1690,32.7,gf,0.455,mm,OK,--,9:52:14 AM,1/10/2026,
1691,32.7,gf,0.455,mm,OK,--,9:52:14 AM,1/10/2026,
1692,32.7,gf,0.455,mm,OK,--,9:52:14 AM,1/10/2026,
1693,32.7,gf,0.450,mm,OK,--,9:52:14 AM,1/10/2026,
1694,32.6,gf,0.450,mm,OK,--,9:52:14 AM,1/10/2026,
1695,32.7,gf,0.445,mm,OK,--,9:52:15 AM,1/10/2026,
1696,32.7,gf,0.445,mm,OK,--,9:52:15 AM,1/10/2026,
1697,32.6,gf,0.445,mm,OK,--,9:52:15 AM,1/10/2026,
1698,32.6,gf,0.440,mm,OK,--,9:52:15 AM,1/10/2026,
1699,32.6,gf,0.440,mm,OK,--,9:52:15 AM,1/10/2026,
1700,32.5,gf,0.435,mm,OK,--,9:52:15 AM,1/10/2026,
1701,32.5,gf,0.435,mm,OK,--,9:52:15 AM,1/10/2026,
1702,32.5,gf,0.430,mm,OK,--,9:52:15 AM,1/10/2026,
1703,32.5,gf,0.430,mm,OK,--,9:52:15 AM,1/10/2026,
1704,32.5,gf,0.425,mm,OK,--,9:52:15 AM,1/10/2026,
1705,32.2,gf,0.425,mm,OK,--,9:52:16 AM,1/10/2026,
1706,30.0,gf,0.420,mm,OK,--,9:52:16 AM,1/10/2026,
1707,28.2,gf,0.420,mm,OK,--,9:52:16 AM,1/10/2026,
1708,26.4,gf,0.415,mm,OK,--,9:52:16 AM,1/10/2026,
1709,24.2,gf,0.415,mm,OK,--,9:52:16 AM,1/10/2026,
1710,23.9,gf,0.410,mm,OK,--,9:52:16 AM,1/10/2026,
1711,23.9,gf,0.410,mm,OK,--,9:52:16 AM,1/10/2026,
1712,23.7,gf,0.405,mm,OK,--,9:52:16 AM,1/10/2026,
1713,23.5,gf,0.405,mm,OK,--,9:52:16 AM,1/10/2026,
1714,23.2,gf,0.405,mm,OK,--,9:52:16 AM,1/10/2026,
1715,23.3,gf,0.405,mm,OK,--,9:52:17 AM,1/10/2026,
1716,23.3,gf,0.405,mm,OK,--,9:52:17 AM,1/10/2026,
1717,23.1,gf,0.400,mm,OK,--,9:52:17 AM,1/10/2026,
1718,22.8,gf,0.400,mm,OK,--,9:52:17 AM,1/10/2026,
1719,22.5,gf,0.400,mm,OK,--,9:52:17 AM,1/10/2026,
1720,22.0,gf,0.395,mm,OK,--,9:52:17 AM,1/10/2026,
1721,22.2,gf,0.390,mm,OK,--,9:52:17 AM,1/10/2026,
1722,22.2,gf,0.385,mm,OK,--,9:52:17 AM,1/10/2026,
1723,22.1,gf,0.385,mm,OK,--,9:52:17 AM,1/10/2026,
1724,21.9,gf,0.380,mm,OK,--,9:52:17 AM,1/10/2026,
1725,20.9,gf,0.380,mm,OK,--,9:52:18 AM,1/10/2026,
1726,19.2,gf,0.380,mm,OK,--,9:52:18 AM,1/10/2026,
1727,17.1,gf,0.375,mm,OK,--,9:52:18 AM,1/10/2026,
1728,14.9,gf,0.375,mm,OK,--,9:52:18 AM,1/10/2026,
1729,12.6,gf,0.375,mm,OK,--,9:52:18 AM,1/10/2026,
1730,10.2,gf,0.370,mm,OK,--,9:52:18 AM,1/10/2026,
1731,7.8,gf,0.370,mm,OK,--,9:52:18 AM,1/10/2026,
1732,4.4,gf,0.365,mm,OK,--,9:52:18 AM,1/10/2026,
1733,2.5,gf,0.365,mm,OK,--,9:52:18 AM,1/10/2026,
1734,1.0,gf,0.360,mm,OK,--,9:52:18 AM,1/10/2026,
1735,0.0,gf,0.360,mm,OK,--,9:52:19 AM,1/10/2026,
1736,0.1,gf,0.350,mm,OK,--,9:52:19 AM,1/10/2026,
1737,-0.1,gf,0.340,mm,OK,--,9:52:19 AM,1/10/2026,
1738,-0.1,gf,0.320,mm,OK,--,9:52:19 AM,1/10/2026,
1739,0.1,gf,0.295,mm,OK,--,9:52:19 AM,1/10/2026,
1740,0.0,gf,0.265,mm,OK,--,9:52:19 AM,1/10/2026,
1741,-0.2,gf,0.230,mm,OK,--,9:52:19 AM,1/10/2026,
1742,0.0,gf,0.195,mm,OK,--,9:52:19 AM,1/10/2026,
1743,0.0,gf,0.170,mm,OK,--,9:52:19 AM,1/10/2026,
1744,0.0,gf,0.150,mm,OK,--,9:52:19 AM,1/10/2026,
1745,-0.1,gf,0.130,mm,OK,--,9:52:20 AM,1/10/2026,
1746,0.1,gf,0.115,mm,OK,--,9:52:20 AM,1/10/2026,
1747,0.1,gf,0.100,mm,OK,--,9:52:20 AM,1/10/2026,
1748,-0.1,gf,0.095,mm,OK,--,9:52:20 AM,1/10/2026,
1749,-0.1,gf,0.095,mm,OK,--,9:52:20 AM,1/10/2026,
1750,0.0,gf,0.095,mm,OK,--,9:52:20 AM,1/10/2026,
1751,0.2,gf,0.095,mm,OK,--,9:52:20 AM,1/10/2026,
1752,0.0,gf,0.095,mm,OK,--,9:52:20 AM,1/10/2026,
1753,-0.4,gf,0.100,mm,OK,--,9:52:20 AM,1/10/2026,
1754,-0.1,gf,0.100,mm,OK,--,9:52:20 AM,1/10/2026,
1755,0.1,gf,0.105,mm,OK,--,9:52:21 AM,1/10/2026,
1756,-0.2,gf,0.105,mm,OK,--,9:52:21 AM,1/10/2026,
1757,-0.1,gf,0.105,mm,OK,--,9:52:21 AM,1/10/2026,
1758,0.0,gf,0.105,mm,OK,--,9:52:21 AM,1/10/2026,
1759,0.1,gf,0.110,mm,OK,--,9:52:21 AM,1/10/2026,
1760,0.0,gf,0.110,mm,OK,--,9:52:21 AM,1/10/2026,
1761,0.0,gf,0.110,mm,OK,--,9:52:21 AM,1/10/2026,
1762,0.0,gf,0.110,mm,OK,--,9:52:21 AM,1/10/2026,
1763,0.0,gf,0.110,mm,OK,--,9:52:21 AM,1/10/2026,
1764,0.0,gf,0.115,mm,OK,--,9:52:21 AM,1/10/2026,
1765,0.0,gf,0.115,mm,OK,--,9:52:22 AM,1/10/2026,
1766,0.1,gf,0.115,mm,OK,--,9:52:22 AM,1/10/2026,
1767,0.1,gf,0.115,mm,OK,--,9:52:22 AM,1/10/2026,
