Maximum,193.3,@,No.1042,,,,,,
Minimum,-0.2,@,No.3,,,,,,
Average,57.55,,,,,,,,
Data Quantity,1861,,,,,,,,
Number of NG,0,,,,,,,,
No.,Force,Unit,Displacement,Unit,Judge,Position,Time,Date,
1,0.1,gf,0.000,mm,OK,--,2:08:11 PM,12/29/2025,
2,-0.1,gf,0.000,mm,OK,--,2:08:11 PM,12/29/2025,
3,-0.2,gf,0.000,mm,OK,--,2:08:11 PM,12/29/2025,
4,0.1,gf,0.000,mm,OK,--,2:08:12 PM,12/29/2025,
5,0.1,gf,0.000,mm,OK,--,2:08:12 PM,12/29/2025,
6,0.0,gf,0.000,mm,OK,--,2:08:12 PM,12/29/2025,
7,0.0,gf,0.000,mm,OK,--,2:08:12 PM,12/29/2025,
8,0.0,gf,0.000,mm,OK,--,2:08:12 PM,12/29/2025,
9,0.0,gf,0.000,mm,OK,--,2:08:12 PM,12/29/2025,
10,0.0,gf,0.000,mm,OK,--,2:08:12 PM,12/29/2025,
11,0.0,gf,0.000,mm,OK,--,2:08:12 PM,12/29/2025,
12,-0.1,gf,0.000,mm,OK,--,2:08:12 PM,12/29/2025,
13,0.0,gf,0.000,mm,OK,--,2:08:12 PM,12/29/2025,
14,0.0,gf,0.000,mm,OK,--,2:08:13 PM,12/29/2025,
15,0.0,gf,0.000,mm,OK,--,2:08:13 PM,12/29/2025,
16,0.0,gf,0.000,mm,OK,--,2:08:13 PM,12/29/2025,
17,0.0,gf,0.000,mm,OK,--,2:08:13 PM,12/29/2025,
18,0.0,gf,0.000,mm,OK,--,2:08:13 PM,12/29/2025,
19,0.0,gf,0.000,mm,OK,--,2:08:13 PM,12/29/2025,
20,0.0,gf,0.000,mm,OK,--,2:08:13 PM,12/29/2025,
21,0.0,gf,0.000,mm,OK,--,2:08:13 PM,12/29/2025,
22,0.0,gf,0.000,mm,OK,--,2:08:13 PM,12/29/2025,
23,0.0,gf,0.000,mm,OK,--,2:08:13 PM,12/29/2025,
24,0.0,gf,0.000,mm,OK,--,2:08:14 PM,12/29/2025,
25,0.0,gf,0.000,mm,OK,--,2:08:14 PM,12/29/2025,
26,0.0,gf,0.000,mm,OK,--,2:08:14 PM,12/29/2025,
27,0.0,gf,0.000,mm,OK,--,2:08:14 PM,12/29/2025,
28,0.0,gf,0.000,mm,OK,--,2:08:14 PM,12/29/2025,
29,0.0,gf,0.000,mm,OK,--,2:08:14 PM,12/29/2025,
30,0.0,gf,0.000,mm,OK,--,2:08:14 PM,12/29/2025,
31,0.0,gf,0.000,mm,OK,--,2:08:14 PM,12/29/2025,
32,0.1,gf,0.000,mm,OK,--,2:08:14 PM,12/29/2025,
33,0.0,gf,0.000,mm,OK,--,2:08:14 PM,12/29/2025,
34,0.0,gf,0.000,mm,OK,--,2:08:15 PM,12/29/2025,
35,0.0,gf,0.000,mm,OK,--,2:08:15 PM,12/29/2025,
36,0.0,gf,0.005,mm,OK,--,2:08:15 PM,12/29/2025,
37,0.0,gf,0.005,mm,OK,--,2:08:15 PM,12/29/2025,
38,0.0,gf,0.005,mm,OK,--,2:08:15 PM,12/29/2025,
39,0.0,gf,0.010,mm,OK,--,2:08:15 PM,12/29/2025,
40,0.0,gf,0.015,mm,OK,--,2:08:15 PM,12/29/2025,
41,0.0,gf,0.035,mm,OK,--,2:08:15 PM,12/29/2025,
42,0.0,gf,0.060,mm,OK,--,2:08:15 PM,12/29/2025,
43,0.0,gf,0.080,mm,OK,--,2:08:15 PM,12/29/2025,
44,0.0,gf,0.095,mm,OK,--,2:08:16 PM,12/29/2025,
45,0.0,gf,0.100,mm,OK,--,2:08:16 PM,12/29/2025,
46,0.0,gf,0.105,mm,OK,--,2:08:16 PM,12/29/2025,
47,0.0,gf,0.110,mm,OK,--,2:08:16 PM,12/29/2025,
48,0.0,gf,0.115,mm,OK,--,2:08:16 PM,12/29/2025,
49,0.0,gf,0.120,mm,OK,--,2:08:16 PM,12/29/2025,
50,0.0,gf,0.125,mm,OK,--,2:08:16 PM,12/29/2025,
51,0.0,gf,0.125,mm,OK,--,2:08:16 PM,12/29/2025,
52,0.0,gf,0.130,mm,OK,--,2:08:16 PM,12/29/2025,
53,0.0,gf,0.140,mm,OK,--,2:08:16 PM,12/29/2025,
54,-0.1,gf,0.145,mm,OK,--,2:08:17 PM,12/29/2025,
55,0.0,gf,0.150,mm,OK,--,2:08:17 PM,12/29/2025,
56,0.0,gf,0.155,mm,OK,--,2:08:17 PM,12/29/2025,
57,0.0,gf,0.165,mm,OK,--,2:08:17 PM,12/29/2025,
58,-0.1,gf,0.170,mm,OK,--,2:08:17 PM,12/29/2025,
59,0.0,gf,0.175,mm,OK,--,2:08:17 PM,12/29/2025,
60,0.0,gf,0.180,mm,OK,--,2:08:17 PM,12/29/2025,
61,0.0,gf,0.180,mm,OK,--,2:08:17 PM,12/29/2025,
62,0.0,gf,0.185,mm,OK,--,2:08:17 PM,12/29/2025,
63,0.0,gf,0.190,mm,OK,--,2:08:17 PM,12/29/2025,
64,0.0,gf,0.195,mm,OK,--,2:08:18 PM,12/29/2025,
65,0.0,gf,0.205,mm,OK,--,2:08:18 PM,12/29/2025,
66,0.0,gf,0.210,mm,OK,--,2:08:18 PM,12/29/2025,
67,0.0,gf,0.215,mm,OK,--,2:08:18 PM,12/29/2025,
68,0.0,gf,0.225,mm,OK,--,2:08:18 PM,12/29/2025,
69,1.4,gf,0.230,mm,OK,--,2:08:18 PM,12/29/2025,
70,5.7,gf,0.235,mm,OK,--,2:08:18 PM,12/29/2025,
71,9.9,gf,0.240,mm,OK,--,2:08:18 PM,12/29/2025,
72,13.8,gf,0.245,mm,OK,--,2:08:18 PM,12/29/2025,
73,16.4,gf,0.245,mm,OK,--,2:08:18 PM,12/29/2025,
74,18.4,gf,0.250,mm,OK,--,2:08:19 PM,12/29/2025,
75,20.4,gf,0.250,mm,OK,--,2:08:19 PM,12/29/2025,
76,21.9,gf,0.250,mm,OK,--,2:08:19 PM,12/29/2025,
77,23.1,gf,0.255,mm,OK,--,2:08:19 PM,12/29/2025,
78,24.4,gf,0.255,mm,OK,--,2:08:19 PM,12/29/2025,
79,25.7,gf,0.255,mm,OK,--,2:08:19 PM,12/29/2025,
80,27.1,gf,0.255,mm,OK,--,2:08:19 PM,12/29/2025,
81,28.5,gf,0.260,mm,OK,--,2:08:19 PM,12/29/2025,
82,30.0,gf,0.260,mm,OK,--,2:08:19 PM,12/29/2025,
83,31.2,gf,0.260,mm,OK,--,2:08:19 PM,12/29/2025,
84,32.4,gf,0.265,mm,OK,--,2:08:20 PM,12/29/2025,
85,34.0,gf,0.265,mm,OK,--,2:08:20 PM,12/29/2025,
86,35.0,gf,0.265,mm,OK,--,2:08:20 PM,12/29/2025,
87,35.8,gf,0.270,mm,OK,--,2:08:20 PM,12/29/2025,
88,36.2,gf,0.270,mm,OK,--,2:08:20 PM,12/29/2025,
89,36.1,gf,0.270,mm,OK,--,2:08:20 PM,12/29/2025,
90,36.3,gf,0.275,mm,OK,--,2:08:20 PM,12/29/2025,
91,36.7,gf,0.275,mm,OK,--,2:08:20 PM,12/29/2025,
92,37.2,gf,0.275,mm,OK,--,2:08:20 PM,12/29/2025,
93,37.1,gf,0.275,mm,OK,--,2:08:20 PM,12/29/2025,
94,37.4,gf,0.280,mm,OK,--,2:08:21 PM,12/29/2025,
95,38.2,gf,0.280,mm,OK,--,2:08:21 PM,12/29/2025,
96,38.5,gf,0.280,mm,OK,--,2:08:21 PM,12/29/2025,
97,38.9,gf,0.285,mm,OK,--,2:08:21 PM,12/29/2025,
98,39.4,gf,0.285,mm,OK,--,2:08:21 PM,12/29/2025,
99,40.0,gf,0.285,mm,OK,--,2:08:21 PM,12/29/2025,
100,40.4,gf,0.290,mm,OK,--,2:08:21 PM,12/29/2025,
101,40.9,gf,0.290,mm,OK,--,2:08:21 PM,12/29/2025,
102,41.2,gf,0.290,mm,OK,--,2:08:21 PM,12/29/2025,
103,41.8,gf,0.295,mm,OK,--,2:08:21 PM,12/29/2025,
104,42.0,gf,0.295,mm,OK,--,2:08:22 PM,12/29/2025,
105,42.3,gf,0.300,mm,OK,--,2:08:22 PM,12/29/2025,
106,42.3,gf,0.300,mm,OK,--,2:08:22 PM,12/29/2025,
107,42.7,gf,0.300,mm,OK,--,2:08:22 PM,12/29/2025,
108,42.2,gf,0.305,mm,OK,--,2:08:22 PM,12/29/2025,
109,41.5,gf,0.305,mm,OK,--,2:08:22 PM,12/29/2025,
110,41.2,gf,0.305,mm,OK,--,2:08:22 PM,12/29/2025,
111,40.9,gf,0.310,mm,OK,--,2:08:22 PM,12/29/2025,
112,40.6,gf,0.310,mm,OK,--,2:08:22 PM,12/29/2025,
113,40.5,gf,0.315,mm,OK,--,2:08:22 PM,12/29/2025,
114,40.5,gf,0.315,mm,OK,--,2:08:23 PM,12/29/2025,
115,40.2,gf,0.320,mm,OK,--,2:08:23 PM,12/29/2025,
116,40.0,gf,0.320,mm,OK,--,2:08:23 PM,12/29/2025,
117,39.9,gf,0.325,mm,OK,--,2:08:23 PM,12/29/2025,
118,39.9,gf,0.325,mm,OK,--,2:08:23 PM,12/29/2025,
119,39.8,gf,0.325,mm,OK,--,2:08:23 PM,12/29/2025,
120,39.7,gf,0.330,mm,OK,--,2:08:23 PM,12/29/2025,
121,39.7,gf,0.330,mm,OK,--,2:08:23 PM,12/29/2025,
122,39.6,gf,0.335,mm,OK,--,2:08:23 PM,12/29/2025,
123,39.6,gf,0.335,mm,OK,--,2:08:23 PM,12/29/2025,
124,39.8,gf,0.335,mm,OK,--,2:08:24 PM,12/29/2025,
125,39.8,gf,0.340,mm,OK,--,2:08:24 PM,12/29/2025,
126,40.1,gf,0.345,mm,OK,--,2:08:24 PM,12/29/2025,
127,40.0,gf,0.350,mm,OK,--,2:08:24 PM,12/29/2025,
128,39.9,gf,0.350,mm,OK,--,2:08:24 PM,12/29/2025,
129,39.9,gf,0.355,mm,OK,--,2:08:24 PM,12/29/2025,
130,40.1,gf,0.360,mm,OK,--,2:08:24 PM,12/29/2025,
131,40.3,gf,0.365,mm,OK,--,2:08:24 PM,12/29/2025,
132,40.6,gf,0.370,mm,OK,--,2:08:24 PM,12/29/2025,
133,41.0,gf,0.375,mm,OK,--,2:08:24 PM,12/29/2025,
134,41.4,gf,0.375,mm,OK,--,2:08:25 PM,12/29/2025,
135,41.8,gf,0.380,mm,OK,--,2:08:25 PM,12/29/2025,
136,42.1,gf,0.385,mm,OK,--,2:08:25 PM,12/29/2025,
137,42.5,gf,0.390,mm,OK,--,2:08:25 PM,12/29/2025,
138,42.6,gf,0.395,mm,OK,--,2:08:25 PM,12/29/2025,
139,42.8,gf,0.400,mm,OK,--,2:08:25 PM,12/29/2025,
140,42.8,gf,0.405,mm,OK,--,2:08:25 PM,12/29/2025,
141,42.6,gf,0.405,mm,OK,--,2:08:25 PM,12/29/2025,
142,42.4,gf,0.410,mm,OK,--,2:08:25 PM,12/29/2025,
143,42.6,gf,0.410,mm,OK,--,2:08:25 PM,12/29/2025,
144,42.3,gf,0.415,mm,OK,--,2:08:26 PM,12/29/2025,
145,41.2,gf,0.420,mm,OK,--,2:08:26 PM,12/29/2025,
146,40.3,gf,0.420,mm,OK,--,2:08:26 PM,12/29/2025,
147,40.6,gf,0.425,mm,OK,--,2:08:26 PM,12/29/2025,
148,40.8,gf,0.425,mm,OK,--,2:08:26 PM,12/29/2025,
149,40.5,gf,0.430,mm,OK,--,2:08:26 PM,12/29/2025,
150,41.2,gf,0.430,mm,OK,--,2:08:26 PM,12/29/2025,
151,41.3,gf,0.435,mm,OK,--,2:08:26 PM,12/29/2025,
152,41.7,gf,0.440,mm,OK,--,2:08:26 PM,12/29/2025,
153,42.0,gf,0.445,mm,OK,--,2:08:26 PM,12/29/2025,
154,42.6,gf,0.450,mm,OK,--,2:08:27 PM,12/29/2025,
155,43.1,gf,0.455,mm,OK,--,2:08:27 PM,12/29/2025,
156,43.1,gf,0.460,mm,OK,--,2:08:27 PM,12/29/2025,
157,43.1,gf,0.460,mm,OK,--,2:08:27 PM,12/29/2025,
158,43.0,gf,0.465,mm,OK,--,2:08:27 PM,12/29/2025,
159,42.8,gf,0.465,mm,OK,--,2:08:27 PM,12/29/2025,
160,42.8,gf,0.470,mm,OK,--,2:08:27 PM,12/29/2025,
161,42.7,gf,0.475,mm,OK,--,2:08:27 PM,12/29/2025,
162,42.4,gf,0.475,mm,OK,--,2:08:27 PM,12/29/2025,
163,42.4,gf,0.480,mm,OK,--,2:08:27 PM,12/29/2025,
164,42.3,gf,0.480,mm,OK,--,2:08:28 PM,12/29/2025,
165,42.2,gf,0.485,mm,OK,--,2:08:28 PM,12/29/2025,
166,42.1,gf,0.485,mm,OK,--,2:08:28 PM,12/29/2025,
167,42.0,gf,0.490,mm,OK,--,2:08:28 PM,12/29/2025,
168,42.0,gf,0.490,mm,OK,--,2:08:28 PM,12/29/2025,
169,42.0,gf,0.495,mm,OK,--,2:08:28 PM,12/29/2025,
170,42.0,gf,0.495,mm,OK,--,2:08:28 PM,12/29/2025,
171,42.0,gf,0.500,mm,OK,--,2:08:28 PM,12/29/2025,
172,41.9,gf,0.500,mm,OK,--,2:08:28 PM,12/29/2025,
173,41.8,gf,0.500,mm,OK,--,2:08:28 PM,12/29/2025,
174,42.0,gf,0.505,mm,OK,--,2:08:29 PM,12/29/2025,
175,42.2,gf,0.505,mm,OK,--,2:08:29 PM,12/29/2025,
176,42.4,gf,0.505,mm,OK,--,2:08:29 PM,12/29/2025,
177,42.6,gf,0.510,mm,OK,--,2:08:29 PM,12/29/2025,
178,42.8,gf,0.510,mm,OK,--,2:08:29 PM,12/29/2025,
179,43.2,gf,0.515,mm,OK,--,2:08:29 PM,12/29/2025,
180,43.5,gf,0.515,mm,OK,--,2:08:29 PM,12/29/2025,
181,43.8,gf,0.520,mm,OK,--,2:08:29 PM,12/29/2025,
182,44.0,gf,0.525,mm,OK,--,2:08:29 PM,12/29/2025,
183,44.2,gf,0.525,mm,OK,--,2:08:29 PM,12/29/2025,
184,44.2,gf,0.525,mm,OK,--,2:08:30 PM,12/29/2025,
185,44.0,gf,0.530,mm,OK,--,2:08:30 PM,12/29/2025,
186,44.3,gf,0.530,mm,OK,--,2:08:30 PM,12/29/2025,
187,44.5,gf,0.530,mm,OK,--,2:08:30 PM,12/29/2025,
188,44.5,gf,0.535,mm,OK,--,2:08:30 PM,12/29/2025,
189,44.3,gf,0.535,mm,OK,--,2:08:30 PM,12/29/2025,
190,44.4,gf,0.535,mm,OK,--,2:08:30 PM,12/29/2025,
191,44.6,gf,0.535,mm,OK,--,2:08:30 PM,12/29/2025,
192,44.7,gf,0.535,mm,OK,--,2:08:30 PM,12/29/2025,
193,44.6,gf,0.540,mm,OK,--,2:08:30 PM,12/29/2025,
194,44.4,gf,0.540,mm,OK,--,2:08:31 PM,12/29/2025,
195,44.7,gf,0.540,mm,OK,--,2:08:31 PM,12/29/2025,
196,44.7,gf,0.540,mm,OK,--,2:08:31 PM,12/29/2025,
197,44.9,gf,0.540,mm,OK,--,2:08:31 PM,12/29/2025,
198,45.0,gf,0.545,mm,OK,--,2:08:31 PM,12/29/2025,
199,44.9,gf,0.545,mm,OK,--,2:08:31 PM,12/29/2025,
200,44.8,gf,0.545,mm,OK,--,2:08:31 PM,12/29/2025,
201,44.8,gf,0.545,mm,OK,--,2:08:31 PM,12/29/2025,
202,45.1,gf,0.550,mm,OK,--,2:08:31 PM,12/29/2025,
203,45.3,gf,0.550,mm,OK,--,2:08:31 PM,12/29/2025,
204,45.4,gf,0.555,mm,OK,--,2:08:32 PM,12/29/2025,
205,45.0,gf,0.560,mm,OK,--,2:08:32 PM,12/29/2025,
206,45.0,gf,0.560,mm,OK,--,2:08:32 PM,12/29/2025,
207,45.3,gf,0.565,mm,OK,--,2:08:32 PM,12/29/2025,
208,45.4,gf,0.565,mm,OK,--,2:08:32 PM,12/29/2025,
209,45.6,gf,0.570,mm,OK,--,2:08:32 PM,12/29/2025,
210,45.8,gf,0.570,mm,OK,--,2:08:32 PM,12/29/2025,
211,45.1,gf,0.570,mm,OK,--,2:08:32 PM,12/29/2025,
212,45.2,gf,0.575,mm,OK,--,2:08:32 PM,12/29/2025,
213,45.6,gf,0.575,mm,OK,--,2:08:32 PM,12/29/2025,
214,45.7,gf,0.575,mm,OK,--,2:08:33 PM,12/29/2025,
215,46.1,gf,0.580,mm,OK,--,2:08:33 PM,12/29/2025,
216,46.4,gf,0.580,mm,OK,--,2:08:33 PM,12/29/2025,
217,46.7,gf,0.585,mm,OK,--,2:08:33 PM,12/29/2025,
218,46.4,gf,0.585,mm,OK,--,2:08:33 PM,12/29/2025,
219,46.3,gf,0.590,mm,OK,--,2:08:33 PM,12/29/2025,
220,46.0,gf,0.590,mm,OK,--,2:08:33 PM,12/29/2025,
221,44.4,gf,0.595,mm,OK,--,2:08:33 PM,12/29/2025,
222,44.4,gf,0.600,mm,OK,--,2:08:33 PM,12/29/2025,
223,44.1,gf,0.600,mm,OK,--,2:08:33 PM,12/29/2025,
224,44.1,gf,0.605,mm,OK,--,2:08:34 PM,12/29/2025,
225,43.5,gf,0.605,mm,OK,--,2:08:34 PM,12/29/2025,
226,43.6,gf,0.610,mm,OK,--,2:08:34 PM,12/29/2025,
227,43.9,gf,0.615,mm,OK,--,2:08:34 PM,12/29/2025,
228,44.4,gf,0.620,mm,OK,--,2:08:34 PM,12/29/2025,
229,44.6,gf,0.620,mm,OK,--,2:08:34 PM,12/29/2025,
230,44.9,gf,0.625,mm,OK,--,2:08:34 PM,12/29/2025,
231,45.2,gf,0.625,mm,OK,--,2:08:34 PM,12/29/2025,
232,45.5,gf,0.630,mm,OK,--,2:08:34 PM,12/29/2025,
233,45.7,gf,0.630,mm,OK,--,2:08:34 PM,12/29/2025,
234,45.9,gf,0.635,mm,OK,--,2:08:35 PM,12/29/2025,
235,46.1,gf,0.635,mm,OK,--,2:08:35 PM,12/29/2025,
236,46.3,gf,0.640,mm,OK,--,2:08:35 PM,12/29/2025,
237,46.6,gf,0.640,mm,OK,--,2:08:35 PM,12/29/2025,
238,46.6,gf,0.645,mm,OK,--,2:08:35 PM,12/29/2025,
239,46.6,gf,0.645,mm,OK,--,2:08:35 PM,12/29/2025,
240,46.7,gf,0.645,mm,OK,--,2:08:35 PM,12/29/2025,
241,46.8,gf,0.645,mm,OK,--,2:08:35 PM,12/29/2025,
242,47.1,gf,0.645,mm,OK,--,2:08:35 PM,12/29/2025,
243,47.2,gf,0.650,mm,OK,--,2:08:35 PM,12/29/2025,
244,47.4,gf,0.650,mm,OK,--,2:08:36 PM,12/29/2025,
245,47.4,gf,0.650,mm,OK,--,2:08:36 PM,12/29/2025,
246,47.4,gf,0.650,mm,OK,--,2:08:36 PM,12/29/2025,
247,47.6,gf,0.655,mm,OK,--,2:08:36 PM,12/29/2025,
248,47.7,gf,0.655,mm,OK,--,2:08:36 PM,12/29/2025,
249,47.9,gf,0.655,mm,OK,--,2:08:36 PM,12/29/2025,
250,48.1,gf,0.655,mm,OK,--,2:08:36 PM,12/29/2025,
251,48.2,gf,0.655,mm,OK,--,2:08:36 PM,12/29/2025,
252,48.3,gf,0.660,mm,OK,--,2:08:36 PM,12/29/2025,
253,48.3,gf,0.660,mm,OK,--,2:08:36 PM,12/29/2025,
254,48.4,gf,0.660,mm,OK,--,2:08:37 PM,12/29/2025,
255,48.3,gf,0.660,mm,OK,--,2:08:37 PM,12/29/2025,
256,48.6,gf,0.660,mm,OK,--,2:08:37 PM,12/29/2025,
257,49.0,gf,0.660,mm,OK,--,2:08:37 PM,12/29/2025,
258,49.2,gf,0.665,mm,OK,--,2:08:37 PM,12/29/2025,
259,49.2,gf,0.665,mm,OK,--,2:08:37 PM,12/29/2025,
260,49.2,gf,0.665,mm,OK,--,2:08:37 PM,12/29/2025,
261,49.3,gf,0.665,mm,OK,--,2:08:37 PM,12/29/2025,
262,49.6,gf,0.670,mm,OK,--,2:08:37 PM,12/29/2025,
263,49.6,gf,0.670,mm,OK,--,2:08:37 PM,12/29/2025,
264,49.7,gf,0.670,mm,OK,--,2:08:38 PM,12/29/2025,
265,49.9,gf,0.675,mm,OK,--,2:08:38 PM,12/29/2025,
266,50.2,gf,0.675,mm,OK,--,2:08:38 PM,12/29/2025,
267,50.4,gf,0.680,mm,OK,--,2:08:38 PM,12/29/2025,
268,50.7,gf,0.685,mm,OK,--,2:08:38 PM,12/29/2025,
269,50.8,gf,0.685,mm,OK,--,2:08:38 PM,12/29/2025,
270,51.1,gf,0.690,mm,OK,--,2:08:38 PM,12/29/2025,
271,51.8,gf,0.695,mm,OK,--,2:08:38 PM,12/29/2025,
272,52.1,gf,0.700,mm,OK,--,2:08:38 PM,12/29/2025,
273,52.7,gf,0.700,mm,OK,--,2:08:38 PM,12/29/2025,
274,53.0,gf,0.705,mm,OK,--,2:08:39 PM,12/29/2025,
275,53.5,gf,0.710,mm,OK,--,2:08:39 PM,12/29/2025,
276,53.7,gf,0.715,mm,OK,--,2:08:39 PM,12/29/2025,
277,54.2,gf,0.720,mm,OK,--,2:08:39 PM,12/29/2025,
278,54.7,gf,0.725,mm,OK,--,2:08:39 PM,12/29/2025,
279,55.6,gf,0.730,mm,OK,--,2:08:39 PM,12/29/2025,
280,56.5,gf,0.740,mm,OK,--,2:08:39 PM,12/29/2025,
281,57.1,gf,0.745,mm,OK,--,2:08:39 PM,12/29/2025,
282,57.9,gf,0.755,mm,OK,--,2:08:39 PM,12/29/2025,
283,58.4,gf,0.760,mm,OK,--,2:08:39 PM,12/29/2025,
284,58.9,gf,0.765,mm,OK,--,2:08:40 PM,12/29/2025,
285,59.5,gf,0.770,mm,OK,--,2:08:40 PM,12/29/2025,
286,60.0,gf,0.775,mm,OK,--,2:08:40 PM,12/29/2025,
287,60.1,gf,0.775,mm,OK,--,2:08:40 PM,12/29/2025,
288,60.5,gf,0.780,mm,OK,--,2:08:40 PM,12/29/2025,
289,60.9,gf,0.780,mm,OK,--,2:08:40 PM,12/29/2025,
290,61.2,gf,0.785,mm,OK,--,2:08:40 PM,12/29/2025,
291,61.4,gf,0.790,mm,OK,--,2:08:40 PM,12/29/2025,
292,61.7,gf,0.790,mm,OK,--,2:08:40 PM,12/29/2025,
293,62.0,gf,0.790,mm,OK,--,2:08:40 PM,12/29/2025,
294,62.4,gf,0.795,mm,OK,--,2:08:41 PM,12/29/2025,
295,62.7,gf,0.795,mm,OK,--,2:08:41 PM,12/29/2025,
296,63.0,gf,0.800,mm,OK,--,2:08:41 PM,12/29/2025,
297,63.3,gf,0.800,mm,OK,--,2:08:41 PM,12/29/2025,
298,63.5,gf,0.805,mm,OK,--,2:08:41 PM,12/29/2025,
299,63.9,gf,0.805,mm,OK,--,2:08:41 PM,12/29/2025,
300,64.1,gf,0.810,mm,OK,--,2:08:41 PM,12/29/2025,
301,64.3,gf,0.810,mm,OK,--,2:08:41 PM,12/29/2025,
302,64.6,gf,0.815,mm,OK,--,2:08:41 PM,12/29/2025,
303,64.9,gf,0.815,mm,OK,--,2:08:41 PM,12/29/2025,
304,65.0,gf,0.820,mm,OK,--,2:08:42 PM,12/29/2025,
305,65.2,gf,0.825,mm,OK,--,2:08:42 PM,12/29/2025,
306,65.3,gf,0.825,mm,OK,--,2:08:42 PM,12/29/2025,
307,65.3,gf,0.830,mm,OK,--,2:08:42 PM,12/29/2025,
308,65.4,gf,0.835,mm,OK,--,2:08:42 PM,12/29/2025,
309,65.4,gf,0.835,mm,OK,--,2:08:42 PM,12/29/2025,
310,65.4,gf,0.840,mm,OK,--,2:08:42 PM,12/29/2025,
311,65.5,gf,0.840,mm,OK,--,2:08:42 PM,12/29/2025,
312,65.4,gf,0.845,mm,OK,--,2:08:42 PM,12/29/2025,
313,65.4,gf,0.845,mm,OK,--,2:08:42 PM,12/29/2025,
314,65.3,gf,0.850,mm,OK,--,2:08:43 PM,12/29/2025,
315,65.4,gf,0.850,mm,OK,--,2:08:43 PM,12/29/2025,
316,65.2,gf,0.855,mm,OK,--,2:08:43 PM,12/29/2025,
317,65.4,gf,0.860,mm,OK,--,2:08:43 PM,12/29/2025,
318,65.6,gf,0.860,mm,OK,--,2:08:43 PM,12/29/2025,
319,65.7,gf,0.865,mm,OK,--,2:08:43 PM,12/29/2025,
320,65.9,gf,0.865,mm,OK,--,2:08:43 PM,12/29/2025,
321,66.0,gf,0.870,mm,OK,--,2:08:43 PM,12/29/2025,
322,66.1,gf,0.875,mm,OK,--,2:08:43 PM,12/29/2025,
323,66.3,gf,0.875,mm,OK,--,2:08:43 PM,12/29/2025,
324,66.3,gf,0.880,mm,OK,--,2:08:44 PM,12/29/2025,
325,66.5,gf,0.885,mm,OK,--,2:08:44 PM,12/29/2025,
326,66.5,gf,0.885,mm,OK,--,2:08:44 PM,12/29/2025,
327,66.4,gf,0.890,mm,OK,--,2:08:44 PM,12/29/2025,
328,66.5,gf,0.890,mm,OK,--,2:08:44 PM,12/29/2025,
329,66.4,gf,0.895,mm,OK,--,2:08:44 PM,12/29/2025,
330,66.6,gf,0.900,mm,OK,--,2:08:44 PM,12/29/2025,
331,66.5,gf,0.900,mm,OK,--,2:08:44 PM,12/29/2025,
332,66.4,gf,0.905,mm,OK,--,2:08:44 PM,12/29/2025,
333,66.3,gf,0.910,mm,OK,--,2:08:44 PM,12/29/2025,
334,66.1,gf,0.915,mm,OK,--,2:08:45 PM,12/29/2025,
335,65.9,gf,0.920,mm,OK,--,2:08:45 PM,12/29/2025,
336,65.8,gf,0.925,mm,OK,--,2:08:45 PM,12/29/2025,
337,65.6,gf,0.930,mm,OK,--,2:08:45 PM,12/29/2025,
338,65.5,gf,0.935,mm,OK,--,2:08:45 PM,12/29/2025,
339,65.3,gf,0.935,mm,OK,--,2:08:45 PM,12/29/2025,
340,65.2,gf,0.940,mm,OK,--,2:08:45 PM,12/29/2025,
341,65.1,gf,0.945,mm,OK,--,2:08:45 PM,12/29/2025,
342,65.0,gf,0.945,mm,OK,--,2:08:45 PM,12/29/2025,
343,64.8,gf,0.950,mm,OK,--,2:08:45 PM,12/29/2025,
344,64.8,gf,0.950,mm,OK,--,2:08:46 PM,12/29/2025,
345,64.6,gf,0.955,mm,OK,--,2:08:46 PM,12/29/2025,
346,64.5,gf,0.955,mm,OK,--,2:08:46 PM,12/29/2025,
347,64.3,gf,0.960,mm,OK,--,2:08:46 PM,12/29/2025,
348,63.7,gf,0.960,mm,OK,--,2:08:46 PM,12/29/2025,
349,63.7,gf,0.960,mm,OK,--,2:08:46 PM,12/29/2025,
350,63.9,gf,0.960,mm,OK,--,2:08:46 PM,12/29/2025,
351,64.1,gf,0.965,mm,OK,--,2:08:46 PM,12/29/2025,
352,64.2,gf,0.965,mm,OK,--,2:08:46 PM,12/29/2025,
353,63.9,gf,0.965,mm,OK,--,2:08:46 PM,12/29/2025,
354,63.7,gf,0.965,mm,OK,--,2:08:47 PM,12/29/2025,
355,63.9,gf,0.970,mm,OK,--,2:08:47 PM,12/29/2025,
356,63.9,gf,0.970,mm,OK,--,2:08:47 PM,12/29/2025,
357,63.9,gf,0.970,mm,OK,--,2:08:47 PM,12/29/2025,
358,63.8,gf,0.970,mm,OK,--,2:08:47 PM,12/29/2025,
359,63.7,gf,0.970,mm,OK,--,2:08:47 PM,12/29/2025,
360,63.6,gf,0.975,mm,OK,--,2:08:47 PM,12/29/2025,
361,63.8,gf,0.975,mm,OK,--,2:08:47 PM,12/29/2025,
362,63.7,gf,0.975,mm,OK,--,2:08:47 PM,12/29/2025,
363,63.7,gf,0.975,mm,OK,--,2:08:47 PM,12/29/2025,
364,63.5,gf,0.980,mm,OK,--,2:08:48 PM,12/29/2025,
365,63.6,gf,0.980,mm,OK,--,2:08:48 PM,12/29/2025,
366,63.8,gf,0.980,mm,OK,--,2:08:48 PM,12/29/2025,
367,63.9,gf,0.980,mm,OK,--,2:08:48 PM,12/29/2025,
368,63.9,gf,0.985,mm,OK,--,2:08:48 PM,12/29/2025,
369,64.0,gf,0.985,mm,OK,--,2:08:48 PM,12/29/2025,
370,64.0,gf,0.990,mm,OK,--,2:08:48 PM,12/29/2025,
371,64.1,gf,0.990,mm,OK,--,2:08:48 PM,12/29/2025,
372,64.4,gf,0.995,mm,OK,--,2:08:48 PM,12/29/2025,
373,64.6,gf,0.995,mm,OK,--,2:08:48 PM,12/29/2025,
374,64.8,gf,1.000,mm,OK,--,2:08:49 PM,12/29/2025,
375,65.0,gf,1.005,mm,OK,--,2:08:49 PM,12/29/2025,
376,65.2,gf,1.005,mm,OK,--,2:08:49 PM,12/29/2025,
377,65.3,gf,1.010,mm,OK,--,2:08:49 PM,12/29/2025,
378,65.4,gf,1.010,mm,OK,--,2:08:49 PM,12/29/2025,
379,65.5,gf,1.015,mm,OK,--,2:08:49 PM,12/29/2025,
380,65.4,gf,1.015,mm,OK,--,2:08:49 PM,12/29/2025,
381,65.1,gf,1.015,mm,OK,--,2:08:49 PM,12/29/2025,
382,65.4,gf,1.015,mm,OK,--,2:08:49 PM,12/29/2025,
383,66.0,gf,1.020,mm,OK,--,2:08:49 PM,12/29/2025,
384,65.8,gf,1.020,mm,OK,--,2:08:50 PM,12/29/2025,
385,65.8,gf,1.020,mm,OK,--,2:08:50 PM,12/29/2025,
386,65.7,gf,1.020,mm,OK,--,2:08:50 PM,12/29/2025,
387,65.7,gf,1.025,mm,OK,--,2:08:50 PM,12/29/2025,
388,65.6,gf,1.025,mm,OK,--,2:08:50 PM,12/29/2025,
389,66.4,gf,1.025,mm,OK,--,2:08:50 PM,12/29/2025,
390,66.2,gf,1.030,mm,OK,--,2:08:50 PM,12/29/2025,
391,65.9,gf,1.030,mm,OK,--,2:08:50 PM,12/29/2025,
392,65.5,gf,1.030,mm,OK,--,2:08:50 PM,12/29/2025,
393,65.6,gf,1.030,mm,OK,--,2:08:50 PM,12/29/2025,
394,66.7,gf,1.030,mm,OK,--,2:08:51 PM,12/29/2025,
395,66.6,gf,1.035,mm,OK,--,2:08:51 PM,12/29/2025,
396,66.4,gf,1.035,mm,OK,--,2:08:51 PM,12/29/2025,
397,66.3,gf,1.035,mm,OK,--,2:08:51 PM,12/29/2025,
398,66.6,gf,1.035,mm,OK,--,2:08:51 PM,12/29/2025,
399,67.0,gf,1.040,mm,OK,--,2:08:51 PM,12/29/2025,
400,67.0,gf,1.040,mm,OK,--,2:08:51 PM,12/29/2025,
401,66.5,gf,1.040,mm,OK,--,2:08:51 PM,12/29/2025,
402,66.8,gf,1.040,mm,OK,--,2:08:51 PM,12/29/2025,
403,66.9,gf,1.045,mm,OK,--,2:08:51 PM,12/29/2025,
404,67.4,gf,1.045,mm,OK,--,2:08:52 PM,12/29/2025,
405,66.8,gf,1.050,mm,OK,--,2:08:52 PM,12/29/2025,
406,67.1,gf,1.050,mm,OK,--,2:08:52 PM,12/29/2025,
407,67.2,gf,1.050,mm,OK,--,2:08:52 PM,12/29/2025,
408,66.9,gf,1.055,mm,OK,--,2:08:52 PM,12/29/2025,
409,67.1,gf,1.055,mm,OK,--,2:08:52 PM,12/29/2025,
410,67.1,gf,1.060,mm,OK,--,2:08:52 PM,12/29/2025,
411,67.0,gf,1.060,mm,OK,--,2:08:52 PM,12/29/2025,
412,67.1,gf,1.065,mm,OK,--,2:08:52 PM,12/29/2025,
413,67.1,gf,1.065,mm,OK,--,2:08:52 PM,12/29/2025,
414,66.9,gf,1.065,mm,OK,--,2:08:53 PM,12/29/2025,
415,67.2,gf,1.070,mm,OK,--,2:08:53 PM,12/29/2025,
416,67.4,gf,1.075,mm,OK,--,2:08:53 PM,12/29/2025,
417,67.3,gf,1.080,mm,OK,--,2:08:53 PM,12/29/2025,
418,67.4,gf,1.080,mm,OK,--,2:08:53 PM,12/29/2025,
419,67.7,gf,1.090,mm,OK,--,2:08:53 PM,12/29/2025,
420,67.4,gf,1.095,mm,OK,--,2:08:53 PM,12/29/2025,
421,67.2,gf,1.105,mm,OK,--,2:08:53 PM,12/29/2025,
422,66.9,gf,1.110,mm,OK,--,2:08:53 PM,12/29/2025,
423,66.5,gf,1.120,mm,OK,--,2:08:53 PM,12/29/2025,
424,66.2,gf,1.130,mm,OK,--,2:08:54 PM,12/29/2025,
425,66.0,gf,1.135,mm,OK,--,2:08:54 PM,12/29/2025,
426,66.2,gf,1.145,mm,OK,--,2:08:54 PM,12/29/2025,
427,66.1,gf,1.155,mm,OK,--,2:08:54 PM,12/29/2025,
428,66.3,gf,1.160,mm,OK,--,2:08:54 PM,12/29/2025,
429,66.3,gf,1.170,mm,OK,--,2:08:54 PM,12/29/2025,
430,66.4,gf,1.175,mm,OK,--,2:08:54 PM,12/29/2025,
431,66.4,gf,1.180,mm,OK,--,2:08:54 PM,12/29/2025,
432,66.5,gf,1.185,mm,OK,--,2:08:54 PM,12/29/2025,
433,66.5,gf,1.190,mm,OK,--,2:08:54 PM,12/29/2025,
434,66.5,gf,1.195,mm,OK,--,2:08:55 PM,12/29/2025,
435,66.7,gf,1.200,mm,OK,--,2:08:55 PM,12/29/2025,
436,67.1,gf,1.205,mm,OK,--,2:08:55 PM,12/29/2025,
437,67.5,gf,1.210,mm,OK,--,2:08:55 PM,12/29/2025,
438,67.7,gf,1.220,mm,OK,--,2:08:55 PM,12/29/2025,
439,67.7,gf,1.225,mm,OK,--,2:08:55 PM,12/29/2025,
440,67.8,gf,1.230,mm,OK,--,2:08:55 PM,12/29/2025,
441,67.9,gf,1.235,mm,OK,--,2:08:55 PM,12/29/2025,
442,67.9,gf,1.240,mm,OK,--,2:08:55 PM,12/29/2025,
443,67.9,gf,1.250,mm,OK,--,2:08:55 PM,12/29/2025,
444,67.4,gf,1.260,mm,OK,--,2:08:56 PM,12/29/2025,
445,67.1,gf,1.265,mm,OK,--,2:08:56 PM,12/29/2025,
446,67.0,gf,1.270,mm,OK,--,2:08:56 PM,12/29/2025,
447,66.8,gf,1.280,mm,OK,--,2:08:56 PM,12/29/2025,
448,66.6,gf,1.285,mm,OK,--,2:08:56 PM,12/29/2025,
449,66.7,gf,1.290,mm,OK,--,2:08:56 PM,12/29/2025,
450,66.9,gf,1.295,mm,OK,--,2:08:56 PM,12/29/2025,
451,66.9,gf,1.305,mm,OK,--,2:08:56 PM,12/29/2025,
452,67.1,gf,1.310,mm,OK,--,2:08:56 PM,12/29/2025,
453,67.3,gf,1.315,mm,OK,--,2:08:56 PM,12/29/2025,
454,67.6,gf,1.320,mm,OK,--,2:08:57 PM,12/29/2025,
455,67.8,gf,1.325,mm,OK,--,2:08:57 PM,12/29/2025,
456,67.8,gf,1.330,mm,OK,--,2:08:57 PM,12/29/2025,
457,67.7,gf,1.335,mm,OK,--,2:08:57 PM,12/29/2025,
458,67.6,gf,1.340,mm,OK,--,2:08:57 PM,12/29/2025,
459,67.4,gf,1.345,mm,OK,--,2:08:57 PM,12/29/2025,
460,67.8,gf,1.350,mm,OK,--,2:08:57 PM,12/29/2025,
461,67.5,gf,1.355,mm,OK,--,2:08:57 PM,12/29/2025,
462,67.0,gf,1.365,mm,OK,--,2:08:57 PM,12/29/2025,
463,66.6,gf,1.370,mm,OK,--,2:08:57 PM,12/29/2025,
464,66.7,gf,1.375,mm,OK,--,2:08:58 PM,12/29/2025,
465,66.7,gf,1.380,mm,OK,--,2:08:58 PM,12/29/2025,
466,66.7,gf,1.390,mm,OK,--,2:08:58 PM,12/29/2025,
467,66.6,gf,1.395,mm,OK,--,2:08:58 PM,12/29/2025,
468,66.5,gf,1.405,mm,OK,--,2:08:58 PM,12/29/2025,
469,66.5,gf,1.410,mm,OK,--,2:08:58 PM,12/29/2025,
470,66.7,gf,1.415,mm,OK,--,2:08:58 PM,12/29/2025,
471,66.9,gf,1.420,mm,OK,--,2:08:58 PM,12/29/2025,
472,67.1,gf,1.425,mm,OK,--,2:08:58 PM,12/29/2025,
473,67.3,gf,1.430,mm,OK,--,2:08:58 PM,12/29/2025,
474,67.3,gf,1.435,mm,OK,--,2:08:59 PM,12/29/2025,
475,67.3,gf,1.440,mm,OK,--,2:08:59 PM,12/29/2025,
476,67.2,gf,1.440,mm,OK,--,2:08:59 PM,12/29/2025,
477,67.4,gf,1.445,mm,OK,--,2:08:59 PM,12/29/2025,
478,67.6,gf,1.450,mm,OK,--,2:08:59 PM,12/29/2025,
479,67.6,gf,1.455,mm,OK,--,2:08:59 PM,12/29/2025,
480,67.5,gf,1.465,mm,OK,--,2:08:59 PM,12/29/2025,
481,67.3,gf,1.470,mm,OK,--,2:08:59 PM,12/29/2025,
482,67.3,gf,1.470,mm,OK,--,2:08:59 PM,12/29/2025,
483,67.3,gf,1.475,mm,OK,--,2:08:59 PM,12/29/2025,
484,67.3,gf,1.480,mm,OK,--,2:09:00 PM,12/29/2025,
485,67.3,gf,1.485,mm,OK,--,2:09:00 PM,12/29/2025,
486,67.3,gf,1.490,mm,OK,--,2:09:00 PM,12/29/2025,
487,67.2,gf,1.495,mm,OK,--,2:09:00 PM,12/29/2025,
488,67.0,gf,1.500,mm,OK,--,2:09:00 PM,12/29/2025,
489,66.9,gf,1.505,mm,OK,--,2:09:00 PM,12/29/2025,
490,66.7,gf,1.510,mm,OK,--,2:09:00 PM,12/29/2025,
491,66.6,gf,1.515,mm,OK,--,2:09:00 PM,12/29/2025,
492,66.5,gf,1.515,mm,OK,--,2:09:00 PM,12/29/2025,
493,66.6,gf,1.520,mm,OK,--,2:09:00 PM,12/29/2025,
494,66.8,gf,1.525,mm,OK,--,2:09:01 PM,12/29/2025,
495,66.7,gf,1.530,mm,OK,--,2:09:01 PM,12/29/2025,
496,66.5,gf,1.535,mm,OK,--,2:09:01 PM,12/29/2025,
497,66.5,gf,1.540,mm,OK,--,2:09:01 PM,12/29/2025,
498,66.4,gf,1.545,mm,OK,--,2:09:01 PM,12/29/2025,
499,66.7,gf,1.550,mm,OK,--,2:09:01 PM,12/29/2025,
500,66.9,gf,1.555,mm,OK,--,2:09:01 PM,12/29/2025,
501,66.9,gf,1.560,mm,OK,--,2:09:01 PM,12/29/2025,
502,67.1,gf,1.560,mm,OK,--,2:09:01 PM,12/29/2025,
503,67.0,gf,1.565,mm,OK,--,2:09:01 PM,12/29/2025,
504,67.1,gf,1.565,mm,OK,--,2:09:02 PM,12/29/2025,
505,67.2,gf,1.570,mm,OK,--,2:09:02 PM,12/29/2025,
506,67.3,gf,1.570,mm,OK,--,2:09:02 PM,12/29/2025,
507,67.5,gf,1.575,mm,OK,--,2:09:02 PM,12/29/2025,
508,67.6,gf,1.575,mm,OK,--,2:09:02 PM,12/29/2025,
509,67.6,gf,1.580,mm,OK,--,2:09:02 PM,12/29/2025,
510,67.5,gf,1.585,mm,OK,--,2:09:02 PM,12/29/2025,
511,67.5,gf,1.585,mm,OK,--,2:09:02 PM,12/29/2025,
512,67.6,gf,1.590,mm,OK,--,2:09:02 PM,12/29/2025,
513,67.7,gf,1.590,mm,OK,--,2:09:02 PM,12/29/2025,
514,67.7,gf,1.595,mm,OK,--,2:09:03 PM,12/29/2025,
515,67.5,gf,1.600,mm,OK,--,2:09:03 PM,12/29/2025,
516,67.3,gf,1.600,mm,OK,--,2:09:03 PM,12/29/2025,
517,67.2,gf,1.605,mm,OK,--,2:09:03 PM,12/29/2025,
518,67.2,gf,1.605,mm,OK,--,2:09:03 PM,12/29/2025,
519,67.4,gf,1.610,mm,OK,--,2:09:03 PM,12/29/2025,
520,66.9,gf,1.610,mm,OK,--,2:09:03 PM,12/29/2025,
521,66.7,gf,1.615,mm,OK,--,2:09:03 PM,12/29/2025,
522,66.4,gf,1.620,mm,OK,--,2:09:03 PM,12/29/2025,
523,66.1,gf,1.620,mm,OK,--,2:09:03 PM,12/29/2025,
524,65.9,gf,1.625,mm,OK,--,2:09:04 PM,12/29/2025,
525,65.8,gf,1.625,mm,OK,--,2:09:04 PM,12/29/2025,
526,65.8,gf,1.630,mm,OK,--,2:09:04 PM,12/29/2025,
527,65.9,gf,1.630,mm,OK,--,2:09:04 PM,12/29/2025,
528,65.8,gf,1.635,mm,OK,--,2:09:04 PM,12/29/2025,
529,65.7,gf,1.640,mm,OK,--,2:09:04 PM,12/29/2025,
530,65.5,gf,1.640,mm,OK,--,2:09:04 PM,12/29/2025,
531,65.4,gf,1.645,mm,OK,--,2:09:04 PM,12/29/2025,
532,65.4,gf,1.645,mm,OK,--,2:09:04 PM,12/29/2025,
533,65.4,gf,1.650,mm,OK,--,2:09:04 PM,12/29/2025,
534,65.3,gf,1.650,mm,OK,--,2:09:05 PM,12/29/2025,
535,65.1,gf,1.655,mm,OK,--,2:09:05 PM,12/29/2025,
536,65.0,gf,1.655,mm,OK,--,2:09:05 PM,12/29/2025,
537,65.1,gf,1.660,mm,OK,--,2:09:05 PM,12/29/2025,
538,65.1,gf,1.660,mm,OK,--,2:09:05 PM,12/29/2025,
539,65.0,gf,1.660,mm,OK,--,2:09:05 PM,12/29/2025,
540,65.1,gf,1.665,mm,OK,--,2:09:05 PM,12/29/2025,
541,65.3,gf,1.665,mm,OK,--,2:09:05 PM,12/29/2025,
542,65.3,gf,1.670,mm,OK,--,2:09:05 PM,12/29/2025,
543,65.4,gf,1.675,mm,OK,--,2:09:05 PM,12/29/2025,
544,65.4,gf,1.680,mm,OK,--,2:09:06 PM,12/29/2025,
545,65.4,gf,1.685,mm,OK,--,2:09:06 PM,12/29/2025,
546,65.4,gf,1.690,mm,OK,--,2:09:06 PM,12/29/2025,
547,65.1,gf,1.695,mm,OK,--,2:09:06 PM,12/29/2025,
548,65.1,gf,1.705,mm,OK,--,2:09:06 PM,12/29/2025,
549,65.2,gf,1.710,mm,OK,--,2:09:06 PM,12/29/2025,
550,65.4,gf,1.715,mm,OK,--,2:09:06 PM,12/29/2025,
551,65.6,gf,1.725,mm,OK,--,2:09:06 PM,12/29/2025,
552,65.8,gf,1.730,mm,OK,--,2:09:06 PM,12/29/2025,
553,65.8,gf,1.735,mm,OK,--,2:09:06 PM,12/29/2025,
554,65.7,gf,1.740,mm,OK,--,2:09:07 PM,12/29/2025,
555,65.5,gf,1.745,mm,OK,--,2:09:07 PM,12/29/2025,
556,65.3,gf,1.750,mm,OK,--,2:09:07 PM,12/29/2025,
557,65.1,gf,1.755,mm,OK,--,2:09:07 PM,12/29/2025,
558,65.2,gf,1.760,mm,OK,--,2:09:07 PM,12/29/2025,
559,65.2,gf,1.760,mm,OK,--,2:09:07 PM,12/29/2025,
560,65.2,gf,1.765,mm,OK,--,2:09:07 PM,12/29/2025,
561,65.3,gf,1.770,mm,OK,--,2:09:07 PM,12/29/2025,
562,65.3,gf,1.775,mm,OK,--,2:09:07 PM,12/29/2025,
563,65.3,gf,1.775,mm,OK,--,2:09:07 PM,12/29/2025,
564,65.4,gf,1.780,mm,OK,--,2:09:08 PM,12/29/2025,
565,65.4,gf,1.785,mm,OK,--,2:09:08 PM,12/29/2025,
566,65.4,gf,1.795,mm,OK,--,2:09:08 PM,12/29/2025,
567,65.4,gf,1.800,mm,OK,--,2:09:08 PM,12/29/2025,
568,65.3,gf,1.805,mm,OK,--,2:09:08 PM,12/29/2025,
569,65.3,gf,1.810,mm,OK,--,2:09:08 PM,12/29/2025,
570,65.1,gf,1.815,mm,OK,--,2:09:08 PM,12/29/2025,
571,65.1,gf,1.820,mm,OK,--,2:09:08 PM,12/29/2025,
572,65.1,gf,1.825,mm,OK,--,2:09:08 PM,12/29/2025,
573,65.2,gf,1.830,mm,OK,--,2:09:08 PM,12/29/2025,
574,65.1,gf,1.830,mm,OK,--,2:09:09 PM,12/29/2025,
575,65.0,gf,1.835,mm,OK,--,2:09:09 PM,12/29/2025,
576,64.8,gf,1.840,mm,OK,--,2:09:09 PM,12/29/2025,
577,65.1,gf,1.840,mm,OK,--,2:09:09 PM,12/29/2025,
578,65.0,gf,1.850,mm,OK,--,2:09:09 PM,12/29/2025,
579,64.7,gf,1.860,mm,OK,--,2:09:09 PM,12/29/2025,
580,64.5,gf,1.865,mm,OK,--,2:09:09 PM,12/29/2025,
581,64.5,gf,1.875,mm,OK,--,2:09:09 PM,12/29/2025,
582,64.5,gf,1.880,mm,OK,--,2:09:09 PM,12/29/2025,
583,64.3,gf,1.890,mm,OK,--,2:09:09 PM,12/29/2025,
584,64.3,gf,1.895,mm,OK,--,2:09:10 PM,12/29/2025,
585,64.2,gf,1.900,mm,OK,--,2:09:10 PM,12/29/2025,
586,64.2,gf,1.900,mm,OK,--,2:09:10 PM,12/29/2025,
587,64.0,gf,1.905,mm,OK,--,2:09:10 PM,12/29/2025,
588,64.2,gf,1.905,mm,OK,--,2:09:10 PM,12/29/2025,
589,64.4,gf,1.910,mm,OK,--,2:09:10 PM,12/29/2025,
590,64.4,gf,1.915,mm,OK,--,2:09:10 PM,12/29/2025,
591,64.3,gf,1.915,mm,OK,--,2:09:10 PM,12/29/2025,
592,64.1,gf,1.920,mm,OK,--,2:09:10 PM,12/29/2025,
593,64.0,gf,1.920,mm,OK,--,2:09:10 PM,12/29/2025,
594,63.8,gf,1.920,mm,OK,--,2:09:11 PM,12/29/2025,
595,63.8,gf,1.925,mm,OK,--,2:09:11 PM,12/29/2025,
596,63.6,gf,1.925,mm,OK,--,2:09:11 PM,12/29/2025,
597,63.5,gf,1.925,mm,OK,--,2:09:11 PM,12/29/2025,
598,63.6,gf,1.925,mm,OK,--,2:09:11 PM,12/29/2025,
599,64.1,gf,1.925,mm,OK,--,2:09:11 PM,12/29/2025,
600,64.2,gf,1.930,mm,OK,--,2:09:11 PM,12/29/2025,
601,64.0,gf,1.930,mm,OK,--,2:09:11 PM,12/29/2025,
602,64.1,gf,1.930,mm,OK,--,2:09:11 PM,12/29/2025,
603,64.1,gf,1.935,mm,OK,--,2:09:11 PM,12/29/2025,
604,64.0,gf,1.935,mm,OK,--,2:09:12 PM,12/29/2025,
605,64.0,gf,1.940,mm,OK,--,2:09:12 PM,12/29/2025,
606,63.8,gf,1.945,mm,OK,--,2:09:12 PM,12/29/2025,
607,64.1,gf,1.950,mm,OK,--,2:09:12 PM,12/29/2025,
608,63.5,gf,1.955,mm,OK,--,2:09:12 PM,12/29/2025,
609,63.2,gf,1.955,mm,OK,--,2:09:12 PM,12/29/2025,
610,63.4,gf,1.955,mm,OK,--,2:09:12 PM,12/29/2025,
611,63.3,gf,1.960,mm,OK,--,2:09:12 PM,12/29/2025,
612,63.1,gf,1.960,mm,OK,--,2:09:12 PM,12/29/2025,
613,62.9,gf,1.960,mm,OK,--,2:09:12 PM,12/29/2025,
614,62.9,gf,1.960,mm,OK,--,2:09:13 PM,12/29/2025,
615,63.1,gf,1.965,mm,OK,--,2:09:13 PM,12/29/2025,
616,63.2,gf,1.965,mm,OK,--,2:09:13 PM,12/29/2025,
617,63.5,gf,1.965,mm,OK,--,2:09:13 PM,12/29/2025,
618,63.6,gf,1.970,mm,OK,--,2:09:13 PM,12/29/2025,
619,63.5,gf,1.970,mm,OK,--,2:09:13 PM,12/29/2025,
620,63.2,gf,1.970,mm,OK,--,2:09:13 PM,12/29/2025,
621,63.1,gf,1.975,mm,OK,--,2:09:13 PM,12/29/2025,
622,63.2,gf,1.975,mm,OK,--,2:09:13 PM,12/29/2025,
623,63.5,gf,1.975,mm,OK,--,2:09:13 PM,12/29/2025,
624,63.5,gf,1.980,mm,OK,--,2:09:14 PM,12/29/2025,
625,63.4,gf,1.980,mm,OK,--,2:09:14 PM,12/29/2025,
626,63.2,gf,1.985,mm,OK,--,2:09:14 PM,12/29/2025,
627,63.2,gf,1.985,mm,OK,--,2:09:14 PM,12/29/2025,
628,63.1,gf,1.985,mm,OK,--,2:09:14 PM,12/29/2025,
629,63.0,gf,1.985,mm,OK,--,2:09:14 PM,12/29/2025,
630,62.9,gf,1.985,mm,OK,--,2:09:14 PM,12/29/2025,
631,63.2,gf,1.985,mm,OK,--,2:09:14 PM,12/29/2025,
632,63.4,gf,1.990,mm,OK,--,2:09:14 PM,12/29/2025,
633,63.5,gf,1.990,mm,OK,--,2:09:14 PM,12/29/2025,
634,63.7,gf,1.990,mm,OK,--,2:09:15 PM,12/29/2025,
635,63.5,gf,1.990,mm,OK,--,2:09:15 PM,12/29/2025,
636,63.4,gf,1.995,mm,OK,--,2:09:15 PM,12/29/2025,
637,63.8,gf,1.995,mm,OK,--,2:09:15 PM,12/29/2025,
638,63.9,gf,2.000,mm,OK,--,2:09:15 PM,12/29/2025,
639,63.9,gf,2.005,mm,OK,--,2:09:15 PM,12/29/2025,
640,63.9,gf,2.010,mm,OK,--,2:09:15 PM,12/29/2025,
641,63.9,gf,2.010,mm,OK,--,2:09:15 PM,12/29/2025,
642,63.8,gf,2.015,mm,OK,--,2:09:15 PM,12/29/2025,
643,63.8,gf,2.020,mm,OK,--,2:09:15 PM,12/29/2025,
644,63.7,gf,2.025,mm,OK,--,2:09:16 PM,12/29/2025,
645,63.7,gf,2.030,mm,OK,--,2:09:16 PM,12/29/2025,
646,63.6,gf,2.040,mm,OK,--,2:09:16 PM,12/29/2025,
647,63.4,gf,2.045,mm,OK,--,2:09:16 PM,12/29/2025,
648,63.2,gf,2.045,mm,OK,--,2:09:16 PM,12/29/2025,
649,63.2,gf,2.050,mm,OK,--,2:09:16 PM,12/29/2025,
650,63.1,gf,2.055,mm,OK,--,2:09:16 PM,12/29/2025,
651,63.2,gf,2.060,mm,OK,--,2:09:16 PM,12/29/2025,
652,63.1,gf,2.065,mm,OK,--,2:09:16 PM,12/29/2025,
653,63.0,gf,2.070,mm,OK,--,2:09:16 PM,12/29/2025,
654,62.9,gf,2.070,mm,OK,--,2:09:17 PM,12/29/2025,
655,63.0,gf,2.075,mm,OK,--,2:09:17 PM,12/29/2025,
656,62.9,gf,2.080,mm,OK,--,2:09:17 PM,12/29/2025,
657,62.8,gf,2.090,mm,OK,--,2:09:17 PM,12/29/2025,
658,62.5,gf,2.095,mm,OK,--,2:09:17 PM,12/29/2025,
659,62.5,gf,2.100,mm,OK,--,2:09:17 PM,12/29/2025,
660,62.3,gf,2.110,mm,OK,--,2:09:17 PM,12/29/2025,
661,62.3,gf,2.115,mm,OK,--,2:09:17 PM,12/29/2025,
662,62.1,gf,2.125,mm,OK,--,2:09:17 PM,12/29/2025,
663,61.6,gf,2.135,mm,OK,--,2:09:17 PM,12/29/2025,
664,61.5,gf,2.140,mm,OK,--,2:09:18 PM,12/29/2025,
665,61.3,gf,2.150,mm,OK,--,2:09:18 PM,12/29/2025,
666,60.8,gf,2.160,mm,OK,--,2:09:18 PM,12/29/2025,
667,60.4,gf,2.175,mm,OK,--,2:09:18 PM,12/29/2025,
668,60.1,gf,2.185,mm,OK,--,2:09:18 PM,12/29/2025,
669,60.1,gf,2.195,mm,OK,--,2:09:18 PM,12/29/2025,
670,60.2,gf,2.200,mm,OK,--,2:09:18 PM,12/29/2025,
671,60.2,gf,2.210,mm,OK,--,2:09:18 PM,12/29/2025,
672,60.3,gf,2.215,mm,OK,--,2:09:18 PM,12/29/2025,
673,60.3,gf,2.215,mm,OK,--,2:09:18 PM,12/29/2025,
674,60.6,gf,2.225,mm,OK,--,2:09:19 PM,12/29/2025,
675,60.5,gf,2.225,mm,OK,--,2:09:19 PM,12/29/2025,
676,60.4,gf,2.230,mm,OK,--,2:09:19 PM,12/29/2025,
677,60.4,gf,2.230,mm,OK,--,2:09:19 PM,12/29/2025,
678,60.5,gf,2.235,mm,OK,--,2:09:19 PM,12/29/2025,
679,60.5,gf,2.240,mm,OK,--,2:09:19 PM,12/29/2025,
680,60.4,gf,2.240,mm,OK,--,2:09:19 PM,12/29/2025,
681,60.3,gf,2.245,mm,OK,--,2:09:19 PM,12/29/2025,
682,59.9,gf,2.250,mm,OK,--,2:09:19 PM,12/29/2025,
683,59.6,gf,2.250,mm,OK,--,2:09:19 PM,12/29/2025,
684,59.2,gf,2.250,mm,OK,--,2:09:20 PM,12/29/2025,
685,59.6,gf,2.255,mm,OK,--,2:09:20 PM,12/29/2025,
686,59.2,gf,2.255,mm,OK,--,2:09:20 PM,12/29/2025,
687,58.9,gf,2.260,mm,OK,--,2:09:20 PM,12/29/2025,
688,59.3,gf,2.260,mm,OK,--,2:09:20 PM,12/29/2025,
689,59.0,gf,2.265,mm,OK,--,2:09:20 PM,12/29/2025,
690,59.3,gf,2.265,mm,OK,--,2:09:20 PM,12/29/2025,
691,59.1,gf,2.270,mm,OK,--,2:09:20 PM,12/29/2025,
692,59.3,gf,2.270,mm,OK,--,2:09:20 PM,12/29/2025,
693,59.2,gf,2.275,mm,OK,--,2:09:20 PM,12/29/2025,
694,59.2,gf,2.275,mm,OK,--,2:09:21 PM,12/29/2025,
695,58.9,gf,2.280,mm,OK,--,2:09:21 PM,12/29/2025,
696,59.1,gf,2.280,mm,OK,--,2:09:21 PM,12/29/2025,
697,59.2,gf,2.285,mm,OK,--,2:09:21 PM,12/29/2025,
698,59.1,gf,2.290,mm,OK,--,2:09:21 PM,12/29/2025,
699,59.0,gf,2.295,mm,OK,--,2:09:21 PM,12/29/2025,
700,58.7,gf,2.295,mm,OK,--,2:09:21 PM,12/29/2025,
701,58.9,gf,2.300,mm,OK,--,2:09:21 PM,12/29/2025,
702,58.8,gf,2.305,mm,OK,--,2:09:21 PM,12/29/2025,
703,58.6,gf,2.305,mm,OK,--,2:09:21 PM,12/29/2025,
704,58.3,gf,2.310,mm,OK,--,2:09:22 PM,12/29/2025,
705,58.2,gf,2.310,mm,OK,--,2:09:22 PM,12/29/2025,
706,58.3,gf,2.315,mm,OK,--,2:09:22 PM,12/29/2025,
707,58.2,gf,2.315,mm,OK,--,2:09:22 PM,12/29/2025,
708,58.2,gf,2.315,mm,OK,--,2:09:22 PM,12/29/2025,
709,58.1,gf,2.320,mm,OK,--,2:09:22 PM,12/29/2025,
710,58.1,gf,2.320,mm,OK,--,2:09:22 PM,12/29/2025,
711,58.0,gf,2.320,mm,OK,--,2:09:22 PM,12/29/2025,
712,57.9,gf,2.325,mm,OK,--,2:09:22 PM,12/29/2025,
713,57.9,gf,2.325,mm,OK,--,2:09:22 PM,12/29/2025,
714,58.0,gf,2.325,mm,OK,--,2:09:23 PM,12/29/2025,
715,58.0,gf,2.325,mm,OK,--,2:09:23 PM,12/29/2025,
716,58.2,gf,2.330,mm,OK,--,2:09:23 PM,12/29/2025,
717,58.2,gf,2.330,mm,OK,--,2:09:23 PM,12/29/2025,
718,58.3,gf,2.335,mm,OK,--,2:09:23 PM,12/29/2025,
719,57.9,gf,2.335,mm,OK,--,2:09:23 PM,12/29/2025,
720,58.2,gf,2.335,mm,OK,--,2:09:23 PM,12/29/2025,
721,58.3,gf,2.340,mm,OK,--,2:09:23 PM,12/29/2025,
722,58.4,gf,2.340,mm,OK,--,2:09:23 PM,12/29/2025,
723,58.3,gf,2.345,mm,OK,--,2:09:23 PM,12/29/2025,
724,58.4,gf,2.345,mm,OK,--,2:09:24 PM,12/29/2025,
725,58.3,gf,2.350,mm,OK,--,2:09:24 PM,12/29/2025,
726,58.7,gf,2.350,mm,OK,--,2:09:24 PM,12/29/2025,
727,58.7,gf,2.355,mm,OK,--,2:09:24 PM,12/29/2025,
728,58.8,gf,2.355,mm,OK,--,2:09:24 PM,12/29/2025,
729,58.7,gf,2.360,mm,OK,--,2:09:24 PM,12/29/2025,
730,58.6,gf,2.360,mm,OK,--,2:09:24 PM,12/29/2025,
731,58.7,gf,2.360,mm,OK,--,2:09:24 PM,12/29/2025,
732,58.7,gf,2.365,mm,OK,--,2:09:24 PM,12/29/2025,
733,58.5,gf,2.365,mm,OK,--,2:09:24 PM,12/29/2025,
734,58.4,gf,2.370,mm,OK,--,2:09:25 PM,12/29/2025,
735,58.3,gf,2.370,mm,OK,--,2:09:25 PM,12/29/2025,
736,58.0,gf,2.375,mm,OK,--,2:09:25 PM,12/29/2025,
737,57.9,gf,2.375,mm,OK,--,2:09:25 PM,12/29/2025,
738,57.8,gf,2.380,mm,OK,--,2:09:25 PM,12/29/2025,
739,57.7,gf,2.380,mm,OK,--,2:09:25 PM,12/29/2025,
740,57.7,gf,2.380,mm,OK,--,2:09:25 PM,12/29/2025,
741,57.6,gf,2.385,mm,OK,--,2:09:25 PM,12/29/2025,
742,57.6,gf,2.385,mm,OK,--,2:09:25 PM,12/29/2025,
743,57.2,gf,2.385,mm,OK,--,2:09:25 PM,12/29/2025,
744,56.9,gf,2.390,mm,OK,--,2:09:26 PM,12/29/2025,
745,56.8,gf,2.390,mm,OK,--,2:09:26 PM,12/29/2025,
746,57.3,gf,2.390,mm,OK,--,2:09:26 PM,12/29/2025,
747,57.2,gf,2.390,mm,OK,--,2:09:26 PM,12/29/2025,
748,57.1,gf,2.395,mm,OK,--,2:09:26 PM,12/29/2025,
749,56.7,gf,2.395,mm,OK,--,2:09:26 PM,12/29/2025,
750,57.1,gf,2.395,mm,OK,--,2:09:26 PM,12/29/2025,
751,57.4,gf,2.395,mm,OK,--,2:09:26 PM,12/29/2025,
752,57.2,gf,2.400,mm,OK,--,2:09:26 PM,12/29/2025,
753,57.3,gf,2.400,mm,OK,--,2:09:26 PM,12/29/2025,
754,57.3,gf,2.400,mm,OK,--,2:09:27 PM,12/29/2025,
755,57.0,gf,2.405,mm,OK,--,2:09:27 PM,12/29/2025,
756,56.8,gf,2.405,mm,OK,--,2:09:27 PM,12/29/2025,
757,56.9,gf,2.405,mm,OK,--,2:09:27 PM,12/29/2025,
758,56.7,gf,2.405,mm,OK,--,2:09:27 PM,12/29/2025,
759,56.7,gf,2.410,mm,OK,--,2:09:27 PM,12/29/2025,
760,56.8,gf,2.410,mm,OK,--,2:09:27 PM,12/29/2025,
761,56.9,gf,2.410,mm,OK,--,2:09:27 PM,12/29/2025,
762,56.8,gf,2.415,mm,OK,--,2:09:27 PM,12/29/2025,
763,57.4,gf,2.415,mm,OK,--,2:09:27 PM,12/29/2025,
764,56.5,gf,2.420,mm,OK,--,2:09:28 PM,12/29/2025,
765,56.9,gf,2.420,mm,OK,--,2:09:28 PM,12/29/2025,
766,57.1,gf,2.425,mm,OK,--,2:09:28 PM,12/29/2025,
767,57.0,gf,2.425,mm,OK,--,2:09:28 PM,12/29/2025,
768,56.4,gf,2.425,mm,OK,--,2:09:28 PM,12/29/2025,
769,56.4,gf,2.430,mm,OK,--,2:09:28 PM,12/29/2025,
770,56.8,gf,2.430,mm,OK,--,2:09:28 PM,12/29/2025,
771,56.4,gf,2.430,mm,OK,--,2:09:28 PM,12/29/2025,
772,56.6,gf,2.430,mm,OK,--,2:09:28 PM,12/29/2025,
773,57.2,gf,2.430,mm,OK,--,2:09:28 PM,12/29/2025,
774,56.9,gf,2.435,mm,OK,--,2:09:29 PM,12/29/2025,
775,56.9,gf,2.435,mm,OK,--,2:09:29 PM,12/29/2025,
776,57.1,gf,2.435,mm,OK,--,2:09:29 PM,12/29/2025,
777,57.3,gf,2.435,mm,OK,--,2:09:29 PM,12/29/2025,
778,57.7,gf,2.440,mm,OK,--,2:09:29 PM,12/29/2025,
779,57.6,gf,2.440,mm,OK,--,2:09:29 PM,12/29/2025,
780,57.8,gf,2.445,mm,OK,--,2:09:29 PM,12/29/2025,
781,58.2,gf,2.450,mm,OK,--,2:09:29 PM,12/29/2025,
782,58.4,gf,2.455,mm,OK,--,2:09:29 PM,12/29/2025,
783,58.4,gf,2.460,mm,OK,--,2:09:29 PM,12/29/2025,
784,58.1,gf,2.460,mm,OK,--,2:09:30 PM,12/29/2025,
785,58.6,gf,2.465,mm,OK,--,2:09:30 PM,12/29/2025,
786,58.8,gf,2.470,mm,OK,--,2:09:30 PM,12/29/2025,
787,58.8,gf,2.470,mm,OK,--,2:09:30 PM,12/29/2025,
788,59.0,gf,2.475,mm,OK,--,2:09:30 PM,12/29/2025,
789,59.0,gf,2.480,mm,OK,--,2:09:30 PM,12/29/2025,
790,59.1,gf,2.485,mm,OK,--,2:09:30 PM,12/29/2025,
791,58.9,gf,2.490,mm,OK,--,2:09:30 PM,12/29/2025,
792,58.6,gf,2.495,mm,OK,--,2:09:30 PM,12/29/2025,
793,58.4,gf,2.500,mm,OK,--,2:09:30 PM,12/29/2025,
794,58.3,gf,2.505,mm,OK,--,2:09:31 PM,12/29/2025,
795,58.2,gf,2.505,mm,OK,--,2:09:31 PM,12/29/2025,
796,58.3,gf,2.510,mm,OK,--,2:09:31 PM,12/29/2025,
797,58.1,gf,2.510,mm,OK,--,2:09:31 PM,12/29/2025,
798,58.2,gf,2.515,mm,OK,--,2:09:31 PM,12/29/2025,
799,58.3,gf,2.520,mm,OK,--,2:09:31 PM,12/29/2025,
800,58.4,gf,2.530,mm,OK,--,2:09:31 PM,12/29/2025,
801,58.2,gf,2.535,mm,OK,--,2:09:31 PM,12/29/2025,
802,58.0,gf,2.540,mm,OK,--,2:09:31 PM,12/29/2025,
803,58.0,gf,2.545,mm,OK,--,2:09:31 PM,12/29/2025,
804,57.8,gf,2.550,mm,OK,--,2:09:32 PM,12/29/2025,
805,57.5,gf,2.560,mm,OK,--,2:09:32 PM,12/29/2025,
806,57.2,gf,2.565,mm,OK,--,2:09:32 PM,12/29/2025,
807,57.4,gf,2.575,mm,OK,--,2:09:32 PM,12/29/2025,
808,58.4,gf,2.585,mm,OK,--,2:09:32 PM,12/29/2025,
809,59.1,gf,2.595,mm,OK,--,2:09:32 PM,12/29/2025,
810,59.5,gf,2.605,mm,OK,--,2:09:32 PM,12/29/2025,
811,59.5,gf,2.610,mm,OK,--,2:09:32 PM,12/29/2025,
812,59.4,gf,2.615,mm,OK,--,2:09:32 PM,12/29/2025,
813,59.0,gf,2.620,mm,OK,--,2:09:32 PM,12/29/2025,
814,58.7,gf,2.620,mm,OK,--,2:09:33 PM,12/29/2025,
815,58.9,gf,2.625,mm,OK,--,2:09:33 PM,12/29/2025,
816,58.8,gf,2.625,mm,OK,--,2:09:33 PM,12/29/2025,
817,58.4,gf,2.625,mm,OK,--,2:09:33 PM,12/29/2025,
818,58.4,gf,2.625,mm,OK,--,2:09:33 PM,12/29/2025,
819,58.8,gf,2.630,mm,OK,--,2:09:33 PM,12/29/2025,
820,58.7,gf,2.630,mm,OK,--,2:09:33 PM,12/29/2025,
821,58.4,gf,2.630,mm,OK,--,2:09:33 PM,12/29/2025,
822,58.2,gf,2.630,mm,OK,--,2:09:33 PM,12/29/2025,
823,58.3,gf,2.630,mm,OK,--,2:09:33 PM,12/29/2025,
824,58.2,gf,2.630,mm,OK,--,2:09:34 PM,12/29/2025,
825,58.4,gf,2.630,mm,OK,--,2:09:34 PM,12/29/2025,
826,58.5,gf,2.635,mm,OK,--,2:09:34 PM,12/29/2025,
827,58.6,gf,2.635,mm,OK,--,2:09:34 PM,12/29/2025,
828,58.9,gf,2.640,mm,OK,--,2:09:34 PM,12/29/2025,
829,58.7,gf,2.640,mm,OK,--,2:09:34 PM,12/29/2025,
830,58.1,gf,2.645,mm,OK,--,2:09:34 PM,12/29/2025,
831,57.9,gf,2.650,mm,OK,--,2:09:34 PM,12/29/2025,
832,57.4,gf,2.655,mm,OK,--,2:09:34 PM,12/29/2025,
833,57.4,gf,2.660,mm,OK,--,2:09:34 PM,12/29/2025,
834,57.4,gf,2.665,mm,OK,--,2:09:35 PM,12/29/2025,
835,57.3,gf,2.665,mm,OK,--,2:09:35 PM,12/29/2025,
836,57.3,gf,2.670,mm,OK,--,2:09:35 PM,12/29/2025,
837,57.1,gf,2.670,mm,OK,--,2:09:35 PM,12/29/2025,
838,57.0,gf,2.675,mm,OK,--,2:09:35 PM,12/29/2025,
839,57.0,gf,2.680,mm,OK,--,2:09:35 PM,12/29/2025,
840,56.9,gf,2.685,mm,OK,--,2:09:35 PM,12/29/2025,
841,56.7,gf,2.690,mm,OK,--,2:09:35 PM,12/29/2025,
842,56.9,gf,2.695,mm,OK,--,2:09:35 PM,12/29/2025,
843,56.9,gf,2.700,mm,OK,--,2:09:35 PM,12/29/2025,
844,56.9,gf,2.705,mm,OK,--,2:09:36 PM,12/29/2025,
845,57.0,gf,2.710,mm,OK,--,2:09:36 PM,12/29/2025,
846,56.9,gf,2.715,mm,OK,--,2:09:36 PM,12/29/2025,
847,56.9,gf,2.725,mm,OK,--,2:09:36 PM,12/29/2025,
848,56.7,gf,2.730,mm,OK,--,2:09:36 PM,12/29/2025,
849,56.6,gf,2.735,mm,OK,--,2:09:36 PM,12/29/2025,
850,56.6,gf,2.740,mm,OK,--,2:09:36 PM,12/29/2025,
851,56.7,gf,2.745,mm,OK,--,2:09:36 PM,12/29/2025,
852,56.3,gf,2.750,mm,OK,--,2:09:36 PM,12/29/2025,
853,56.4,gf,2.755,mm,OK,--,2:09:36 PM,12/29/2025,
854,56.2,gf,2.760,mm,OK,--,2:09:37 PM,12/29/2025,
855,56.2,gf,2.765,mm,OK,--,2:09:37 PM,12/29/2025,
856,56.1,gf,2.770,mm,OK,--,2:09:37 PM,12/29/2025,
857,56.2,gf,2.775,mm,OK,--,2:09:37 PM,12/29/2025,
858,56.4,gf,2.780,mm,OK,--,2:09:37 PM,12/29/2025,
859,56.4,gf,2.785,mm,OK,--,2:09:37 PM,12/29/2025,
860,56.4,gf,2.790,mm,OK,--,2:09:37 PM,12/29/2025,
861,56.3,gf,2.790,mm,OK,--,2:09:37 PM,12/29/2025,
862,56.3,gf,2.795,mm,OK,--,2:09:37 PM,12/29/2025,
863,56.2,gf,2.800,mm,OK,--,2:09:37 PM,12/29/2025,
864,56.0,gf,2.805,mm,OK,--,2:09:38 PM,12/29/2025,
865,56.0,gf,2.810,mm,OK,--,2:09:38 PM,12/29/2025,
866,56.0,gf,2.810,mm,OK,--,2:09:38 PM,12/29/2025,
867,56.1,gf,2.815,mm,OK,--,2:09:38 PM,12/29/2025,
868,56.2,gf,2.815,mm,OK,--,2:09:38 PM,12/29/2025,
869,56.0,gf,2.820,mm,OK,--,2:09:38 PM,12/29/2025,
870,55.9,gf,2.825,mm,OK,--,2:09:38 PM,12/29/2025,
871,55.8,gf,2.830,mm,OK,--,2:09:38 PM,12/29/2025,
872,55.8,gf,2.830,mm,OK,--,2:09:38 PM,12/29/2025,
873,55.7,gf,2.835,mm,OK,--,2:09:38 PM,12/29/2025,
874,55.7,gf,2.840,mm,OK,--,2:09:39 PM,12/29/2025,
875,55.8,gf,2.845,mm,OK,--,2:09:39 PM,12/29/2025,
876,55.4,gf,2.845,mm,OK,--,2:09:39 PM,12/29/2025,
877,55.5,gf,2.850,mm,OK,--,2:09:39 PM,12/29/2025,
878,55.6,gf,2.850,mm,OK,--,2:09:39 PM,12/29/2025,
879,55.7,gf,2.850,mm,OK,--,2:09:39 PM,12/29/2025,
880,55.7,gf,2.855,mm,OK,--,2:09:39 PM,12/29/2025,
881,55.6,gf,2.855,mm,OK,--,2:09:39 PM,12/29/2025,
882,55.5,gf,2.860,mm,OK,--,2:09:39 PM,12/29/2025,
883,55.5,gf,2.860,mm,OK,--,2:09:39 PM,12/29/2025,
884,55.7,gf,2.860,mm,OK,--,2:09:40 PM,12/29/2025,
885,55.8,gf,2.865,mm,OK,--,2:09:40 PM,12/29/2025,
886,56.0,gf,2.870,mm,OK,--,2:09:40 PM,12/29/2025,
887,56.0,gf,2.875,mm,OK,--,2:09:40 PM,12/29/2025,
888,56.1,gf,2.880,mm,OK,--,2:09:40 PM,12/29/2025,
889,56.1,gf,2.890,mm,OK,--,2:09:40 PM,12/29/2025,
890,56.1,gf,2.900,mm,OK,--,2:09:40 PM,12/29/2025,
891,56.2,gf,2.915,mm,OK,--,2:09:40 PM,12/29/2025,
892,56.5,gf,2.925,mm,OK,--,2:09:40 PM,12/29/2025,
893,57.0,gf,2.935,mm,OK,--,2:09:40 PM,12/29/2025,
894,57.0,gf,2.945,mm,OK,--,2:09:41 PM,12/29/2025,
895,57.2,gf,2.950,mm,OK,--,2:09:41 PM,12/29/2025,
896,57.4,gf,2.950,mm,OK,--,2:09:41 PM,12/29/2025,
897,57.7,gf,2.955,mm,OK,--,2:09:41 PM,12/29/2025,
898,57.9,gf,2.960,mm,OK,--,2:09:41 PM,12/29/2025,
899,57.9,gf,2.965,mm,OK,--,2:09:41 PM,12/29/2025,
900,58.0,gf,2.965,mm,OK,--,2:09:41 PM,12/29/2025,
901,58.1,gf,2.970,mm,OK,--,2:09:41 PM,12/29/2025,
902,58.4,gf,2.975,mm,OK,--,2:09:41 PM,12/29/2025,
903,58.6,gf,2.975,mm,OK,--,2:09:41 PM,12/29/2025,
904,58.8,gf,2.980,mm,OK,--,2:09:42 PM,12/29/2025,
905,58.8,gf,2.985,mm,OK,--,2:09:42 PM,12/29/2025,
906,58.9,gf,2.985,mm,OK,--,2:09:42 PM,12/29/2025,
907,59.1,gf,2.990,mm,OK,--,2:09:42 PM,12/29/2025,
908,59.4,gf,2.995,mm,OK,--,2:09:42 PM,12/29/2025,
909,59.3,gf,2.995,mm,OK,--,2:09:42 PM,12/29/2025,
910,59.6,gf,3.000,mm,OK,--,2:09:42 PM,12/29/2025,
911,59.8,gf,3.000,mm,OK,--,2:09:42 PM,12/29/2025,
912,59.9,gf,3.005,mm,OK,--,2:09:42 PM,12/29/2025,
913,60.3,gf,3.005,mm,OK,--,2:09:42 PM,12/29/2025,
914,60.4,gf,3.010,mm,OK,--,2:09:43 PM,12/29/2025,
915,60.7,gf,3.015,mm,OK,--,2:09:43 PM,12/29/2025,
916,60.7,gf,3.015,mm,OK,--,2:09:43 PM,12/29/2025,
917,61.2,gf,3.020,mm,OK,--,2:09:43 PM,12/29/2025,
918,61.3,gf,3.025,mm,OK,--,2:09:43 PM,12/29/2025,
919,61.1,gf,3.030,mm,OK,--,2:09:43 PM,12/29/2025,
920,61.5,gf,3.030,mm,OK,--,2:09:43 PM,12/29/2025,
921,61.7,gf,3.040,mm,OK,--,2:09:43 PM,12/29/2025,
922,61.8,gf,3.040,mm,OK,--,2:09:43 PM,12/29/2025,
923,62.2,gf,3.045,mm,OK,--,2:09:43 PM,12/29/2025,
924,62.5,gf,3.050,mm,OK,--,2:09:44 PM,12/29/2025,
925,62.6,gf,3.055,mm,OK,--,2:09:44 PM,12/29/2025,
926,62.8,gf,3.060,mm,OK,--,2:09:44 PM,12/29/2025,
927,62.9,gf,3.065,mm,OK,--,2:09:44 PM,12/29/2025,
928,63.1,gf,3.065,mm,OK,--,2:09:44 PM,12/29/2025,
929,63.3,gf,3.070,mm,OK,--,2:09:44 PM,12/29/2025,
930,63.7,gf,3.070,mm,OK,--,2:09:44 PM,12/29/2025,
931,64.0,gf,3.075,mm,OK,--,2:09:44 PM,12/29/2025,
932,64.1,gf,3.080,mm,OK,--,2:09:44 PM,12/29/2025,
933,64.3,gf,3.080,mm,OK,--,2:09:44 PM,12/29/2025,
934,64.4,gf,3.085,mm,OK,--,2:09:45 PM,12/29/2025,
935,64.5,gf,3.085,mm,OK,--,2:09:45 PM,12/29/2025,
936,64.6,gf,3.085,mm,OK,--,2:09:45 PM,12/29/2025,
937,64.7,gf,3.090,mm,OK,--,2:09:45 PM,12/29/2025,
938,64.9,gf,3.090,mm,OK,--,2:09:45 PM,12/29/2025,
939,65.1,gf,3.095,mm,OK,--,2:09:45 PM,12/29/2025,
940,65.4,gf,3.100,mm,OK,--,2:09:45 PM,12/29/2025,
941,65.6,gf,3.105,mm,OK,--,2:09:45 PM,12/29/2025,
942,65.8,gf,3.110,mm,OK,--,2:09:45 PM,12/29/2025,
943,66.0,gf,3.115,mm,OK,--,2:09:45 PM,12/29/2025,
944,66.2,gf,3.120,mm,OK,--,2:09:46 PM,12/29/2025,
945,66.4,gf,3.125,mm,OK,--,2:09:46 PM,12/29/2025,
946,66.5,gf,3.130,mm,OK,--,2:09:46 PM,12/29/2025,
947,66.8,gf,3.130,mm,OK,--,2:09:46 PM,12/29/2025,
948,67.0,gf,3.140,mm,OK,--,2:09:46 PM,12/29/2025,
949,67.3,gf,3.145,mm,OK,--,2:09:46 PM,12/29/2025,
950,67.6,gf,3.150,mm,OK,--,2:09:46 PM,12/29/2025,
951,67.9,gf,3.155,mm,OK,--,2:09:46 PM,12/29/2025,
952,68.0,gf,3.155,mm,OK,--,2:09:46 PM,12/29/2025,
953,68.2,gf,3.160,mm,OK,--,2:09:46 PM,12/29/2025,
954,68.2,gf,3.165,mm,OK,--,2:09:47 PM,12/29/2025,
955,68.4,gf,3.165,mm,OK,--,2:09:47 PM,12/29/2025,
956,68.5,gf,3.170,mm,OK,--,2:09:47 PM,12/29/2025,
957,68.8,gf,3.170,mm,OK,--,2:09:47 PM,12/29/2025,
958,69.1,gf,3.180,mm,OK,--,2:09:47 PM,12/29/2025,
959,69.2,gf,3.185,mm,OK,--,2:09:47 PM,12/29/2025,
960,69.3,gf,3.195,mm,OK,--,2:09:47 PM,12/29/2025,
961,70.0,gf,3.200,mm,OK,--,2:09:47 PM,12/29/2025,
962,70.2,gf,3.205,mm,OK,--,2:09:47 PM,12/29/2025,
963,70.4,gf,3.210,mm,OK,--,2:09:47 PM,12/29/2025,
964,70.5,gf,3.215,mm,OK,--,2:09:48 PM,12/29/2025,
965,70.4,gf,3.220,mm,OK,--,2:09:48 PM,12/29/2025,
966,70.6,gf,3.225,mm,OK,--,2:09:48 PM,12/29/2025,
967,70.6,gf,3.230,mm,OK,--,2:09:48 PM,12/29/2025,
968,70.5,gf,3.235,mm,OK,--,2:09:48 PM,12/29/2025,
969,70.6,gf,3.240,mm,OK,--,2:09:48 PM,12/29/2025,
970,70.6,gf,3.245,mm,OK,--,2:09:48 PM,12/29/2025,
971,70.6,gf,3.250,mm,OK,--,2:09:48 PM,12/29/2025,
972,70.7,gf,3.255,mm,OK,--,2:09:48 PM,12/29/2025,
973,70.8,gf,3.260,mm,OK,--,2:09:48 PM,12/29/2025,
974,70.8,gf,3.265,mm,OK,--,2:09:49 PM,12/29/2025,
975,70.9,gf,3.265,mm,OK,--,2:09:49 PM,12/29/2025,
976,70.9,gf,3.270,mm,OK,--,2:09:49 PM,12/29/2025,
977,70.9,gf,3.275,mm,OK,--,2:09:49 PM,12/29/2025,
978,71.0,gf,3.280,mm,OK,--,2:09:49 PM,12/29/2025,
979,71.0,gf,3.285,mm,OK,--,2:09:49 PM,12/29/2025,
980,71.1,gf,3.290,mm,OK,--,2:09:49 PM,12/29/2025,
981,71.2,gf,3.295,mm,OK,--,2:09:49 PM,12/29/2025,
982,71.2,gf,3.300,mm,OK,--,2:09:49 PM,12/29/2025,
983,71.3,gf,3.305,mm,OK,--,2:09:49 PM,12/29/2025,
984,71.3,gf,3.310,mm,OK,--,2:09:50 PM,12/29/2025,
985,71.3,gf,3.310,mm,OK,--,2:09:50 PM,12/29/2025,
986,71.4,gf,3.315,mm,OK,--,2:09:50 PM,12/29/2025,
987,71.5,gf,3.320,mm,OK,--,2:09:50 PM,12/29/2025,
988,71.5,gf,3.325,mm,OK,--,2:09:50 PM,12/29/2025,
989,71.6,gf,3.325,mm,OK,--,2:09:50 PM,12/29/2025,
990,71.6,gf,3.330,mm,OK,--,2:09:50 PM,12/29/2025,
991,71.7,gf,3.335,mm,OK,--,2:09:50 PM,12/29/2025,
992,71.6,gf,3.340,mm,OK,--,2:09:50 PM,12/29/2025,
993,71.8,gf,3.340,mm,OK,--,2:09:50 PM,12/29/2025,
994,71.8,gf,3.345,mm,OK,--,2:09:51 PM,12/29/2025,
995,71.8,gf,3.350,mm,OK,--,2:09:51 PM,12/29/2025,
996,71.8,gf,3.355,mm,OK,--,2:09:51 PM,12/29/2025,
997,71.9,gf,3.360,mm,OK,--,2:09:51 PM,12/29/2025,
998,73.6,gf,3.365,mm,OK,--,2:09:51 PM,12/29/2025,
999,78.2,gf,3.370,mm,OK,--,2:09:51 PM,12/29/2025,
1000,84.0,gf,3.375,mm,OK,--,2:09:51 PM,12/29/2025,
1001,90.1,gf,3.385,mm,OK,--,2:09:51 PM,12/29/2025,
1002,94.5,gf,3.390,mm,OK,--,2:09:51 PM,12/29/2025,
1003,98.4,gf,3.390,mm,OK,--,2:09:51 PM,12/29/2025,
1004,102.2,gf,3.395,mm,OK,--,2:09:52 PM,12/29/2025,
1005,105.9,gf,3.400,mm,OK,--,2:09:52 PM,12/29/2025,
1006,108.9,gf,3.405,mm,OK,--,2:09:52 PM,12/29/2025,
1007,110.7,gf,3.405,mm,OK,--,2:09:52 PM,12/29/2025,
1008,112.4,gf,3.405,mm,OK,--,2:09:52 PM,12/29/2025,
1009,114.9,gf,3.410,mm,OK,--,2:09:52 PM,12/29/2025,
1010,117.4,gf,3.410,mm,OK,--,2:09:52 PM,12/29/2025,
1011,119.9,gf,3.415,mm,OK,--,2:09:52 PM,12/29/2025,
1012,122.7,gf,3.415,mm,OK,--,2:09:52 PM,12/29/2025,
1013,126.0,gf,3.420,mm,OK,--,2:09:52 PM,12/29/2025,
1014,130.6,gf,3.425,mm,OK,--,2:09:53 PM,12/29/2025,
1015,133.3,gf,3.430,mm,OK,--,2:09:53 PM,12/29/2025,
1016,137.4,gf,3.430,mm,OK,--,2:09:53 PM,12/29/2025,
1017,139.9,gf,3.435,mm,OK,--,2:09:53 PM,12/29/2025,
1018,140.9,gf,3.435,mm,OK,--,2:09:53 PM,12/29/2025,
1019,142.0,gf,3.435,mm,OK,--,2:09:53 PM,12/29/2025,
1020,144.3,gf,3.440,mm,OK,--,2:09:53 PM,12/29/2025,
1021,145.9,gf,3.440,mm,OK,--,2:09:53 PM,12/29/2025,
1022,147.0,gf,3.440,mm,OK,--,2:09:53 PM,12/29/2025,
1023,149.1,gf,3.445,mm,OK,--,2:09:53 PM,12/29/2025,
1024,151.1,gf,3.445,mm,OK,--,2:09:54 PM,12/29/2025,
1025,155.3,gf,3.450,mm,OK,--,2:09:54 PM,12/29/2025,
1026,163.1,gf,3.460,mm,OK,--,2:09:54 PM,12/29/2025,
1027,167.1,gf,3.460,mm,OK,--,2:09:54 PM,12/29/2025,
1028,169.5,gf,3.465,mm,OK,--,2:09:54 PM,12/29/2025,
1029,171.1,gf,3.465,mm,OK,--,2:09:54 PM,12/29/2025,
1030,172.8,gf,3.465,mm,OK,--,2:09:54 PM,12/29/2025,
1031,174.1,gf,3.470,mm,OK,--,2:09:54 PM,12/29/2025,
1032,175.5,gf,3.470,mm,OK,--,2:09:54 PM,12/29/2025,
1033,177.3,gf,3.470,mm,OK,--,2:09:54 PM,12/29/2025,
1034,179.2,gf,3.475,mm,OK,--,2:09:55 PM,12/29/2025,
1035,181.3,gf,3.475,mm,OK,--,2:09:55 PM,12/29/2025,
1036,184.0,gf,3.480,mm,OK,--,2:09:55 PM,12/29/2025,
1037,187.4,gf,3.480,mm,OK,--,2:09:55 PM,12/29/2025,
1038,189.5,gf,3.485,mm,OK,--,2:09:55 PM,12/29/2025,
1039,190.1,gf,3.485,mm,OK,--,2:09:55 PM,12/29/2025,
1040,191.5,gf,3.485,mm,OK,--,2:09:55 PM,12/29/2025,
1041,193.0,gf,3.490,mm,OK,--,2:09:55 PM,12/29/2025,
1042,193.3,gf,3.490,mm,OK,--,2:09:55 PM,12/29/2025,
1043,193.1,gf,3.490,mm,OK,--,2:09:55 PM,12/29/2025,
1044,193.1,gf,3.490,mm,OK,--,2:09:56 PM,12/29/2025,
1045,193.0,gf,3.490,mm,OK,--,2:09:56 PM,12/29/2025,
1046,193.0,gf,3.490,mm,OK,--,2:09:56 PM,12/29/2025,
1047,193.1,gf,3.490,mm,OK,--,2:09:56 PM,12/29/2025,
1048,192.9,gf,3.490,mm,OK,--,2:09:56 PM,12/29/2025,
1049,192.9,gf,3.490,mm,OK,--,2:09:56 PM,12/29/2025,
1050,192.9,gf,3.490,mm,OK,--,2:09:56 PM,12/29/2025,
1051,192.9,gf,3.490,mm,OK,--,2:09:56 PM,12/29/2025,
1052,192.9,gf,3.490,mm,OK,--,2:09:56 PM,12/29/2025,
1053,192.9,gf,3.490,mm,OK,--,2:09:56 PM,12/29/2025,
1054,192.9,gf,3.490,mm,OK,--,2:09:57 PM,12/29/2025,
1055,192.9,gf,3.490,mm,OK,--,2:09:57 PM,12/29/2025,
1056,192.7,gf,3.490,mm,OK,--,2:09:57 PM,12/29/2025,
1057,192.5,gf,3.490,mm,OK,--,2:09:57 PM,12/29/2025,
1058,192.4,gf,3.490,mm,OK,--,2:09:57 PM,12/29/2025,
1059,192.3,gf,3.490,mm,OK,--,2:09:57 PM,12/29/2025,
1060,192.1,gf,3.490,mm,OK,--,2:09:57 PM,12/29/2025,
1061,192.3,gf,3.490,mm,OK,--,2:09:57 PM,12/29/2025,
1062,192.2,gf,3.490,mm,OK,--,2:09:57 PM,12/29/2025,
1063,192.0,gf,3.490,mm,OK,--,2:09:57 PM,12/29/2025,
1064,191.8,gf,3.490,mm,OK,--,2:09:58 PM,12/29/2025,
1065,191.7,gf,3.490,mm,OK,--,2:09:58 PM,12/29/2025,
1066,191.4,gf,3.490,mm,OK,--,2:09:58 PM,12/29/2025,
1067,191.2,gf,3.490,mm,OK,--,2:09:58 PM,12/29/2025,
1068,191.0,gf,3.490,mm,OK,--,2:09:58 PM,12/29/2025,
1069,190.9,gf,3.490,mm,OK,--,2:09:58 PM,12/29/2025,
1070,190.4,gf,3.485,mm,OK,--,2:09:58 PM,12/29/2025,
1071,189.0,gf,3.485,mm,OK,--,2:09:58 PM,12/29/2025,
1072,187.4,gf,3.485,mm,OK,--,2:09:58 PM,12/29/2025,
1073,186.3,gf,3.485,mm,OK,--,2:09:58 PM,12/29/2025,
1074,185.6,gf,3.485,mm,OK,--,2:09:59 PM,12/29/2025,
1075,185.2,gf,3.485,mm,OK,--,2:09:59 PM,12/29/2025,
1076,184.7,gf,3.480,mm,OK,--,2:09:59 PM,12/29/2025,
1077,183.8,gf,3.480,mm,OK,--,2:09:59 PM,12/29/2025,
1078,183.1,gf,3.480,mm,OK,--,2:09:59 PM,12/29/2025,
1079,182.8,gf,3.480,mm,OK,--,2:09:59 PM,12/29/2025,
1080,182.4,gf,3.480,mm,OK,--,2:09:59 PM,12/29/2025,
1081,181.8,gf,3.480,mm,OK,--,2:09:59 PM,12/29/2025,
1082,181.1,gf,3.480,mm,OK,--,2:09:59 PM,12/29/2025,
1083,180.2,gf,3.475,mm,OK,--,2:09:59 PM,12/29/2025,
1084,179.4,gf,3.475,mm,OK,--,2:10:00 PM,12/29/2025,
1085,178.7,gf,3.475,mm,OK,--,2:10:00 PM,12/29/2025,
1086,178.2,gf,3.475,mm,OK,--,2:10:00 PM,12/29/2025,
1087,177.7,gf,3.475,mm,OK,--,2:10:00 PM,12/29/2025,
1088,177.1,gf,3.475,mm,OK,--,2:10:00 PM,12/29/2025,
1089,176.8,gf,3.475,mm,OK,--,2:10:00 PM,12/29/2025,
1090,176.5,gf,3.475,mm,OK,--,2:10:00 PM,12/29/2025,
1091,176.3,gf,3.475,mm,OK,--,2:10:00 PM,12/29/2025,
1092,176.0,gf,3.475,mm,OK,--,2:10:00 PM,12/29/2025,
1093,175.7,gf,3.475,mm,OK,--,2:10:00 PM,12/29/2025,
1094,175.4,gf,3.475,mm,OK,--,2:10:01 PM,12/29/2025,
1095,175.1,gf,3.470,mm,OK,--,2:10:01 PM,12/29/2025,
1096,174.8,gf,3.470,mm,OK,--,2:10:01 PM,12/29/2025,
1097,174.4,gf,3.470,mm,OK,--,2:10:01 PM,12/29/2025,
1098,173.9,gf,3.470,mm,OK,--,2:10:01 PM,12/29/2025,
1099,173.5,gf,3.470,mm,OK,--,2:10:01 PM,12/29/2025,
1100,172.8,gf,3.470,mm,OK,--,2:10:01 PM,12/29/2025,
1101,172.2,gf,3.470,mm,OK,--,2:10:01 PM,12/29/2025,
1102,171.5,gf,3.470,mm,OK,--,2:10:01 PM,12/29/2025,
1103,170.8,gf,3.470,mm,OK,--,2:10:01 PM,12/29/2025,
1104,170.1,gf,3.470,mm,OK,--,2:10:02 PM,12/29/2025,
1105,169.5,gf,3.465,mm,OK,--,2:10:02 PM,12/29/2025,
1106,168.9,gf,3.465,mm,OK,--,2:10:02 PM,12/29/2025,
1107,168.2,gf,3.465,mm,OK,--,2:10:02 PM,12/29/2025,
1108,167.6,gf,3.465,mm,OK,--,2:10:02 PM,12/29/2025,
1109,167.0,gf,3.465,mm,OK,--,2:10:02 PM,12/29/2025,
1110,166.6,gf,3.465,mm,OK,--,2:10:02 PM,12/29/2025,
1111,166.0,gf,3.465,mm,OK,--,2:10:02 PM,12/29/2025,
1112,165.3,gf,3.465,mm,OK,--,2:10:02 PM,12/29/2025,
1113,164.7,gf,3.465,mm,OK,--,2:10:02 PM,12/29/2025,
1114,164.2,gf,3.460,mm,OK,--,2:10:03 PM,12/29/2025,
1115,163.7,gf,3.460,mm,OK,--,2:10:03 PM,12/29/2025,
1116,163.0,gf,3.460,mm,OK,--,2:10:03 PM,12/29/2025,
1117,162.4,gf,3.460,mm,OK,--,2:10:03 PM,12/29/2025,
1118,162.0,gf,3.460,mm,OK,--,2:10:03 PM,12/29/2025,
1119,161.5,gf,3.460,mm,OK,--,2:10:03 PM,12/29/2025,
1120,161.2,gf,3.460,mm,OK,--,2:10:03 PM,12/29/2025,
1121,161.0,gf,3.460,mm,OK,--,2:10:03 PM,12/29/2025,
1122,160.7,gf,3.460,mm,OK,--,2:10:03 PM,12/29/2025,
1123,160.3,gf,3.460,mm,OK,--,2:10:03 PM,12/29/2025,
1124,160.0,gf,3.460,mm,OK,--,2:10:04 PM,12/29/2025,
1125,159.6,gf,3.460,mm,OK,--,2:10:04 PM,12/29/2025,
1126,159.3,gf,3.455,mm,OK,--,2:10:04 PM,12/29/2025,
1127,159.1,gf,3.455,mm,OK,--,2:10:04 PM,12/29/2025,
1128,159.0,gf,3.455,mm,OK,--,2:10:04 PM,12/29/2025,
1129,158.8,gf,3.455,mm,OK,--,2:10:04 PM,12/29/2025,
1130,158.5,gf,3.455,mm,OK,--,2:10:04 PM,12/29/2025,
1131,158.1,gf,3.455,mm,OK,--,2:10:04 PM,12/29/2025,
1132,157.7,gf,3.455,mm,OK,--,2:10:04 PM,12/29/2025,
1133,157.3,gf,3.455,mm,OK,--,2:10:04 PM,12/29/2025,
1134,156.9,gf,3.455,mm,OK,--,2:10:05 PM,12/29/2025,
1135,156.3,gf,3.455,mm,OK,--,2:10:05 PM,12/29/2025,
1136,155.7,gf,3.455,mm,OK,--,2:10:05 PM,12/29/2025,
1137,155.2,gf,3.455,mm,OK,--,2:10:05 PM,12/29/2025,
1138,154.3,gf,3.455,mm,OK,--,2:10:05 PM,12/29/2025,
1139,153.4,gf,3.450,mm,OK,--,2:10:05 PM,12/29/2025,
1140,152.8,gf,3.450,mm,OK,--,2:10:05 PM,12/29/2025,
1141,152.1,gf,3.450,mm,OK,--,2:10:05 PM,12/29/2025,
1142,151.0,gf,3.450,mm,OK,--,2:10:05 PM,12/29/2025,
1143,149.9,gf,3.450,mm,OK,--,2:10:05 PM,12/29/2025,
1144,148.8,gf,3.445,mm,OK,--,2:10:06 PM,12/29/2025,
1145,147.9,gf,3.445,mm,OK,--,2:10:06 PM,12/29/2025,
1146,146.8,gf,3.445,mm,OK,--,2:10:06 PM,12/29/2025,
1147,145.8,gf,3.445,mm,OK,--,2:10:06 PM,12/29/2025,
1148,144.9,gf,3.445,mm,OK,--,2:10:06 PM,12/29/2025,
1149,144.0,gf,3.445,mm,OK,--,2:10:06 PM,12/29/2025,
1150,143.3,gf,3.440,mm,OK,--,2:10:06 PM,12/29/2025,
1151,142.5,gf,3.440,mm,OK,--,2:10:06 PM,12/29/2025,
1152,141.7,gf,3.440,mm,OK,--,2:10:06 PM,12/29/2025,
1153,140.8,gf,3.440,mm,OK,--,2:10:06 PM,12/29/2025,
1154,140.0,gf,3.440,mm,OK,--,2:10:07 PM,12/29/2025,
1155,139.2,gf,3.440,mm,OK,--,2:10:07 PM,12/29/2025,
1156,138.3,gf,3.435,mm,OK,--,2:10:07 PM,12/29/2025,
1157,137.8,gf,3.435,mm,OK,--,2:10:07 PM,12/29/2025,
1158,137.3,gf,3.435,mm,OK,--,2:10:07 PM,12/29/2025,
1159,136.9,gf,3.435,mm,OK,--,2:10:07 PM,12/29/2025,
1160,136.5,gf,3.435,mm,OK,--,2:10:07 PM,12/29/2025,
1161,136.1,gf,3.435,mm,OK,--,2:10:07 PM,12/29/2025,
1162,135.8,gf,3.435,mm,OK,--,2:10:07 PM,12/29/2025,
1163,135.3,gf,3.435,mm,OK,--,2:10:07 PM,12/29/2025,
1164,135.0,gf,3.435,mm,OK,--,2:10:08 PM,12/29/2025,
1165,134.1,gf,3.435,mm,OK,--,2:10:08 PM,12/29/2025,
1166,133.2,gf,3.430,mm,OK,--,2:10:08 PM,12/29/2025,
1167,132.8,gf,3.430,mm,OK,--,2:10:08 PM,12/29/2025,
1168,132.0,gf,3.430,mm,OK,--,2:10:08 PM,12/29/2025,
1169,131.5,gf,3.430,mm,OK,--,2:10:08 PM,12/29/2025,
1170,130.5,gf,3.430,mm,OK,--,2:10:08 PM,12/29/2025,
1171,129.3,gf,3.430,mm,OK,--,2:10:08 PM,12/29/2025,
1172,127.3,gf,3.425,mm,OK,--,2:10:08 PM,12/29/2025,
1173,125.0,gf,3.425,mm,OK,--,2:10:08 PM,12/29/2025,
1174,123.1,gf,3.420,mm,OK,--,2:10:09 PM,12/29/2025,
1175,121.2,gf,3.420,mm,OK,--,2:10:09 PM,12/29/2025,
1176,120.5,gf,3.420,mm,OK,--,2:10:09 PM,12/29/2025,
1177,119.4,gf,3.420,mm,OK,--,2:10:09 PM,12/29/2025,
1178,117.2,gf,3.415,mm,OK,--,2:10:09 PM,12/29/2025,
1179,113.7,gf,3.415,mm,OK,--,2:10:09 PM,12/29/2025,
1180,108.7,gf,3.410,mm,OK,--,2:10:09 PM,12/29/2025,
1181,101.9,gf,3.400,mm,OK,--,2:10:09 PM,12/29/2025,
1182,94.2,gf,3.395,mm,OK,--,2:10:09 PM,12/29/2025,
1183,86.9,gf,3.385,mm,OK,--,2:10:09 PM,12/29/2025,
1184,79.6,gf,3.380,mm,OK,--,2:10:10 PM,12/29/2025,
1185,72.5,gf,3.370,mm,OK,--,2:10:10 PM,12/29/2025,
1186,70.7,gf,3.365,mm,OK,--,2:10:10 PM,12/29/2025,
1187,70.6,gf,3.355,mm,OK,--,2:10:10 PM,12/29/2025,
1188,70.3,gf,3.330,mm,OK,--,2:10:10 PM,12/29/2025,
1189,70.1,gf,3.305,mm,OK,--,2:10:10 PM,12/29/2025,
1190,69.9,gf,3.290,mm,OK,--,2:10:10 PM,12/29/2025,
1191,69.8,gf,3.285,mm,OK,--,2:10:10 PM,12/29/2025,
1192,69.8,gf,3.275,mm,OK,--,2:10:10 PM,12/29/2025,
1193,69.7,gf,3.270,mm,OK,--,2:10:10 PM,12/29/2025,
1194,69.7,gf,3.270,mm,OK,--,2:10:11 PM,12/29/2025,
1195,69.6,gf,3.265,mm,OK,--,2:10:11 PM,12/29/2025,
1196,69.6,gf,3.265,mm,OK,--,2:10:11 PM,12/29/2025,
1197,69.6,gf,3.260,mm,OK,--,2:10:11 PM,12/29/2025,
1198,69.6,gf,3.260,mm,OK,--,2:10:11 PM,12/29/2025,
1199,69.6,gf,3.255,mm,OK,--,2:10:11 PM,12/29/2025,
1200,69.5,gf,3.255,mm,OK,--,2:10:11 PM,12/29/2025,
1201,69.5,gf,3.255,mm,OK,--,2:10:11 PM,12/29/2025,
1202,69.5,gf,3.255,mm,OK,--,2:10:11 PM,12/29/2025,
1203,69.5,gf,3.255,mm,OK,--,2:10:11 PM,12/29/2025,
1204,69.5,gf,3.250,mm,OK,--,2:10:12 PM,12/29/2025,
1205,69.5,gf,3.250,mm,OK,--,2:10:12 PM,12/29/2025,
1206,69.5,gf,3.250,mm,OK,--,2:10:12 PM,12/29/2025,
1207,69.4,gf,3.250,mm,OK,--,2:10:12 PM,12/29/2025,
1208,69.4,gf,3.250,mm,OK,--,2:10:12 PM,12/29/2025,
1209,69.4,gf,3.250,mm,OK,--,2:10:12 PM,12/29/2025,
1210,69.4,gf,3.245,mm,OK,--,2:10:12 PM,12/29/2025,
1211,69.4,gf,3.245,mm,OK,--,2:10:12 PM,12/29/2025,
1212,69.4,gf,3.245,mm,OK,--,2:10:12 PM,12/29/2025,
1213,69.4,gf,3.245,mm,OK,--,2:10:12 PM,12/29/2025,
1214,69.4,gf,3.245,mm,OK,--,2:10:13 PM,12/29/2025,
1215,69.3,gf,3.245,mm,OK,--,2:10:13 PM,12/29/2025,
1216,69.3,gf,3.245,mm,OK,--,2:10:13 PM,12/29/2025,
1217,69.3,gf,3.245,mm,OK,--,2:10:13 PM,12/29/2025,
1218,69.3,gf,3.240,mm,OK,--,2:10:13 PM,12/29/2025,
1219,69.3,gf,3.240,mm,OK,--,2:10:13 PM,12/29/2025,
1220,69.3,gf,3.240,mm,OK,--,2:10:13 PM,12/29/2025,
1221,69.1,gf,3.235,mm,OK,--,2:10:13 PM,12/29/2025,
1222,69.1,gf,3.235,mm,OK,--,2:10:13 PM,12/29/2025,
1223,69.0,gf,3.230,mm,OK,--,2:10:13 PM,12/29/2025,
1224,68.8,gf,3.230,mm,OK,--,2:10:14 PM,12/29/2025,
1225,68.7,gf,3.225,mm,OK,--,2:10:14 PM,12/29/2025,
1226,68.5,gf,3.225,mm,OK,--,2:10:14 PM,12/29/2025,
1227,68.3,gf,3.220,mm,OK,--,2:10:14 PM,12/29/2025,
1228,68.0,gf,3.215,mm,OK,--,2:10:14 PM,12/29/2025,
1229,67.3,gf,3.205,mm,OK,--,2:10:14 PM,12/29/2025,
1230,66.3,gf,3.200,mm,OK,--,2:10:14 PM,12/29/2025,
1231,65.3,gf,3.190,mm,OK,--,2:10:14 PM,12/29/2025,
1232,64.6,gf,3.190,mm,OK,--,2:10:14 PM,12/29/2025,
1233,63.9,gf,3.185,mm,OK,--,2:10:14 PM,12/29/2025,
1234,63.2,gf,3.180,mm,OK,--,2:10:15 PM,12/29/2025,
1235,62.6,gf,3.175,mm,OK,--,2:10:15 PM,12/29/2025,
1236,62.2,gf,3.175,mm,OK,--,2:10:15 PM,12/29/2025,
1237,61.9,gf,3.170,mm,OK,--,2:10:15 PM,12/29/2025,
1238,61.5,gf,3.170,mm,OK,--,2:10:15 PM,12/29/2025,
1239,61.1,gf,3.165,mm,OK,--,2:10:15 PM,12/29/2025,
1240,60.6,gf,3.160,mm,OK,--,2:10:15 PM,12/29/2025,
1241,59.9,gf,3.155,mm,OK,--,2:10:15 PM,12/29/2025,
1242,58.9,gf,3.150,mm,OK,--,2:10:15 PM,12/29/2025,
1243,57.9,gf,3.140,mm,OK,--,2:10:15 PM,12/29/2025,
1244,57.2,gf,3.135,mm,OK,--,2:10:16 PM,12/29/2025,
1245,56.6,gf,3.130,mm,OK,--,2:10:16 PM,12/29/2025,
1246,55.8,gf,3.125,mm,OK,--,2:10:16 PM,12/29/2025,
1247,55.2,gf,3.120,mm,OK,--,2:10:16 PM,12/29/2025,
1248,54.6,gf,3.115,mm,OK,--,2:10:16 PM,12/29/2025,
1249,54.1,gf,3.110,mm,OK,--,2:10:16 PM,12/29/2025,
1250,53.7,gf,3.105,mm,OK,--,2:10:16 PM,12/29/2025,
1251,53.4,gf,3.100,mm,OK,--,2:10:16 PM,12/29/2025,
1252,53.2,gf,3.100,mm,OK,--,2:10:16 PM,12/29/2025,
1253,52.8,gf,3.095,mm,OK,--,2:10:16 PM,12/29/2025,
1254,52.6,gf,3.095,mm,OK,--,2:10:17 PM,12/29/2025,
1255,52.3,gf,3.090,mm,OK,--,2:10:17 PM,12/29/2025,
1256,52.0,gf,3.090,mm,OK,--,2:10:17 PM,12/29/2025,
1257,51.7,gf,3.085,mm,OK,--,2:10:17 PM,12/29/2025,
1258,51.5,gf,3.085,mm,OK,--,2:10:17 PM,12/29/2025,
1259,51.1,gf,3.080,mm,OK,--,2:10:17 PM,12/29/2025,
1260,50.7,gf,3.075,mm,OK,--,2:10:17 PM,12/29/2025,
1261,50.1,gf,3.070,mm,OK,--,2:10:17 PM,12/29/2025,
1262,49.3,gf,3.065,mm,OK,--,2:10:17 PM,12/29/2025,
1263,48.7,gf,3.060,mm,OK,--,2:10:17 PM,12/29/2025,
1264,48.1,gf,3.055,mm,OK,--,2:10:18 PM,12/29/2025,
1265,47.8,gf,3.050,mm,OK,--,2:10:18 PM,12/29/2025,
1266,47.4,gf,3.045,mm,OK,--,2:10:18 PM,12/29/2025,
1267,47.2,gf,3.045,mm,OK,--,2:10:18 PM,12/29/2025,
1268,46.9,gf,3.040,mm,OK,--,2:10:18 PM,12/29/2025,
1269,46.6,gf,3.040,mm,OK,--,2:10:18 PM,12/29/2025,
1270,46.4,gf,3.035,mm,OK,--,2:10:18 PM,12/29/2025,
1271,46.1,gf,3.035,mm,OK,--,2:10:18 PM,12/29/2025,
1272,45.9,gf,3.030,mm,OK,--,2:10:18 PM,12/29/2025,
1273,45.7,gf,3.030,mm,OK,--,2:10:18 PM,12/29/2025,
1274,45.5,gf,3.030,mm,OK,--,2:10:19 PM,12/29/2025,
1275,45.4,gf,3.025,mm,OK,--,2:10:19 PM,12/29/2025,
1276,45.3,gf,3.025,mm,OK,--,2:10:19 PM,12/29/2025,
1277,44.7,gf,3.025,mm,OK,--,2:10:19 PM,12/29/2025,
1278,44.3,gf,3.020,mm,OK,--,2:10:19 PM,12/29/2025,
1279,44.0,gf,3.015,mm,OK,--,2:10:19 PM,12/29/2025,
1280,43.9,gf,3.015,mm,OK,--,2:10:19 PM,12/29/2025,
1281,43.2,gf,3.010,mm,OK,--,2:10:19 PM,12/29/2025,
1282,41.5,gf,2.995,mm,OK,--,2:10:19 PM,12/29/2025,
1283,40.1,gf,2.975,mm,OK,--,2:10:19 PM,12/29/2025,
1284,39.1,gf,2.965,mm,OK,--,2:10:20 PM,12/29/2025,
1285,39.8,gf,2.960,mm,OK,--,2:10:20 PM,12/29/2025,
1286,40.1,gf,2.950,mm,OK,--,2:10:20 PM,12/29/2025,
1287,41.0,gf,2.945,mm,OK,--,2:10:20 PM,12/29/2025,
1288,40.7,gf,2.940,mm,OK,--,2:10:20 PM,12/29/2025,
1289,39.6,gf,2.935,mm,OK,--,2:10:20 PM,12/29/2025,
1290,39.0,gf,2.925,mm,OK,--,2:10:20 PM,12/29/2025,
1291,38.6,gf,2.920,mm,OK,--,2:10:20 PM,12/29/2025,
1292,38.1,gf,2.910,mm,OK,--,2:10:20 PM,12/29/2025,
1293,37.4,gf,2.905,mm,OK,--,2:10:20 PM,12/29/2025,
1294,36.7,gf,2.895,mm,OK,--,2:10:21 PM,12/29/2025,
1295,36.3,gf,2.890,mm,OK,--,2:10:21 PM,12/29/2025,
1296,35.7,gf,2.885,mm,OK,--,2:10:21 PM,12/29/2025,
1297,35.1,gf,2.875,mm,OK,--,2:10:21 PM,12/29/2025,
1298,34.5,gf,2.870,mm,OK,--,2:10:21 PM,12/29/2025,
1299,33.9,gf,2.865,mm,OK,--,2:10:21 PM,12/29/2025,
1300,33.1,gf,2.860,mm,OK,--,2:10:21 PM,12/29/2025,
1301,32.6,gf,2.850,mm,OK,--,2:10:21 PM,12/29/2025,
1302,32.2,gf,2.845,mm,OK,--,2:10:21 PM,12/29/2025,
1303,31.6,gf,2.840,mm,OK,--,2:10:21 PM,12/29/2025,
1304,30.8,gf,2.835,mm,OK,--,2:10:22 PM,12/29/2025,
1305,30.1,gf,2.830,mm,OK,--,2:10:22 PM,12/29/2025,
1306,29.4,gf,2.825,mm,OK,--,2:10:22 PM,12/29/2025,
1307,29.0,gf,2.820,mm,OK,--,2:10:22 PM,12/29/2025,
1308,28.5,gf,2.815,mm,OK,--,2:10:22 PM,12/29/2025,
1309,28.1,gf,2.815,mm,OK,--,2:10:22 PM,12/29/2025,
1310,27.6,gf,2.810,mm,OK,--,2:10:22 PM,12/29/2025,
1311,27.3,gf,2.805,mm,OK,--,2:10:22 PM,12/29/2025,
1312,27.0,gf,2.805,mm,OK,--,2:10:22 PM,12/29/2025,
1313,26.8,gf,2.800,mm,OK,--,2:10:22 PM,12/29/2025,
1314,26.6,gf,2.800,mm,OK,--,2:10:23 PM,12/29/2025,
1315,26.5,gf,2.800,mm,OK,--,2:10:23 PM,12/29/2025,
1316,26.4,gf,2.795,mm,OK,--,2:10:23 PM,12/29/2025,
1317,26.5,gf,2.795,mm,OK,--,2:10:23 PM,12/29/2025,
1318,26.3,gf,2.795,mm,OK,--,2:10:23 PM,12/29/2025,
1319,26.1,gf,2.795,mm,OK,--,2:10:23 PM,12/29/2025,
1320,26.0,gf,2.795,mm,OK,--,2:10:23 PM,12/29/2025,
1321,26.0,gf,2.790,mm,OK,--,2:10:23 PM,12/29/2025,
1322,25.8,gf,2.790,mm,OK,--,2:10:23 PM,12/29/2025,
1323,25.3,gf,2.790,mm,OK,--,2:10:23 PM,12/29/2025,
1324,24.9,gf,2.785,mm,OK,--,2:10:24 PM,12/29/2025,
1325,24.8,gf,2.785,mm,OK,--,2:10:24 PM,12/29/2025,
1326,24.7,gf,2.780,mm,OK,--,2:10:24 PM,12/29/2025,
1327,24.8,gf,2.780,mm,OK,--,2:10:24 PM,12/29/2025,
1328,24.8,gf,2.780,mm,OK,--,2:10:24 PM,12/29/2025,
1329,24.8,gf,2.775,mm,OK,--,2:10:24 PM,12/29/2025,
1330,24.8,gf,2.775,mm,OK,--,2:10:24 PM,12/29/2025,
1331,24.9,gf,2.775,mm,OK,--,2:10:24 PM,12/29/2025,
1332,24.9,gf,2.770,mm,OK,--,2:10:24 PM,12/29/2025,
1333,25.2,gf,2.770,mm,OK,--,2:10:24 PM,12/29/2025,
1334,25.1,gf,2.770,mm,OK,--,2:10:25 PM,12/29/2025,
1335,25.3,gf,2.770,mm,OK,--,2:10:25 PM,12/29/2025,
1336,25.5,gf,2.770,mm,OK,--,2:10:25 PM,12/29/2025,
1337,25.3,gf,2.765,mm,OK,--,2:10:25 PM,12/29/2025,
1338,23.6,gf,2.755,mm,OK,--,2:10:25 PM,12/29/2025,
1339,24.0,gf,2.745,mm,OK,--,2:10:25 PM,12/29/2025,
1340,24.3,gf,2.735,mm,OK,--,2:10:25 PM,12/29/2025,
1341,25.1,gf,2.725,mm,OK,--,2:10:25 PM,12/29/2025,
1342,25.5,gf,2.725,mm,OK,--,2:10:25 PM,12/29/2025,
1343,25.5,gf,2.720,mm,OK,--,2:10:25 PM,12/29/2025,
1344,25.7,gf,2.720,mm,OK,--,2:10:26 PM,12/29/2025,
1345,25.8,gf,2.720,mm,OK,--,2:10:26 PM,12/29/2025,
1346,25.1,gf,2.715,mm,OK,--,2:10:26 PM,12/29/2025,
1347,25.0,gf,2.715,mm,OK,--,2:10:26 PM,12/29/2025,
1348,25.2,gf,2.710,mm,OK,--,2:10:26 PM,12/29/2025,
1349,25.1,gf,2.710,mm,OK,--,2:10:26 PM,12/29/2025,
1350,25.2,gf,2.705,mm,OK,--,2:10:26 PM,12/29/2025,
1351,25.3,gf,2.705,mm,OK,--,2:10:26 PM,12/29/2025,
1352,25.3,gf,2.705,mm,OK,--,2:10:26 PM,12/29/2025,
1353,25.1,gf,2.700,mm,OK,--,2:10:26 PM,12/29/2025,
1354,24.5,gf,2.695,mm,OK,--,2:10:27 PM,12/29/2025,
1355,24.3,gf,2.690,mm,OK,--,2:10:27 PM,12/29/2025,
1356,25.2,gf,2.680,mm,OK,--,2:10:27 PM,12/29/2025,
1357,24.7,gf,2.675,mm,OK,--,2:10:27 PM,12/29/2025,
1358,24.7,gf,2.665,mm,OK,--,2:10:27 PM,12/29/2025,
1359,25.2,gf,2.645,mm,OK,--,2:10:27 PM,12/29/2025,
1360,24.9,gf,2.630,mm,OK,--,2:10:27 PM,12/29/2025,
1361,25.1,gf,2.615,mm,OK,--,2:10:27 PM,12/29/2025,
1362,25.4,gf,2.605,mm,OK,--,2:10:27 PM,12/29/2025,
1363,25.9,gf,2.595,mm,OK,--,2:10:27 PM,12/29/2025,
1364,26.3,gf,2.590,mm,OK,--,2:10:28 PM,12/29/2025,
1365,26.6,gf,2.585,mm,OK,--,2:10:28 PM,12/29/2025,
1366,27.0,gf,2.580,mm,OK,--,2:10:28 PM,12/29/2025,
1367,27.3,gf,2.575,mm,OK,--,2:10:28 PM,12/29/2025,
1368,27.4,gf,2.570,mm,OK,--,2:10:28 PM,12/29/2025,
1369,27.3,gf,2.570,mm,OK,--,2:10:28 PM,12/29/2025,
1370,27.2,gf,2.565,mm,OK,--,2:10:28 PM,12/29/2025,
1371,27.2,gf,2.565,mm,OK,--,2:10:28 PM,12/29/2025,
1372,27.3,gf,2.560,mm,OK,--,2:10:28 PM,12/29/2025,
1373,27.3,gf,2.560,mm,OK,--,2:10:28 PM,12/29/2025,
1374,27.3,gf,2.560,mm,OK,--,2:10:29 PM,12/29/2025,
1375,27.3,gf,2.555,mm,OK,--,2:10:29 PM,12/29/2025,
1376,27.5,gf,2.555,mm,OK,--,2:10:29 PM,12/29/2025,
1377,27.5,gf,2.555,mm,OK,--,2:10:29 PM,12/29/2025,
1378,27.5,gf,2.555,mm,OK,--,2:10:29 PM,12/29/2025,
1379,27.6,gf,2.555,mm,OK,--,2:10:29 PM,12/29/2025,
1380,27.5,gf,2.555,mm,OK,--,2:10:29 PM,12/29/2025,
1381,27.1,gf,2.550,mm,OK,--,2:10:29 PM,12/29/2025,
1382,26.9,gf,2.550,mm,OK,--,2:10:29 PM,12/29/2025,
1383,26.7,gf,2.550,mm,OK,--,2:10:29 PM,12/29/2025,
1384,26.6,gf,2.545,mm,OK,--,2:10:30 PM,12/29/2025,
1385,26.7,gf,2.545,mm,OK,--,2:10:30 PM,12/29/2025,
1386,27.0,gf,2.540,mm,OK,--,2:10:30 PM,12/29/2025,
1387,26.7,gf,2.535,mm,OK,--,2:10:30 PM,12/29/2025,
1388,26.9,gf,2.535,mm,OK,--,2:10:30 PM,12/29/2025,
1389,27.1,gf,2.525,mm,OK,--,2:10:30 PM,12/29/2025,
1390,27.7,gf,2.520,mm,OK,--,2:10:30 PM,12/29/2025,
1391,28.2,gf,2.515,mm,OK,--,2:10:30 PM,12/29/2025,
1392,28.8,gf,2.510,mm,OK,--,2:10:30 PM,12/29/2025,
1393,29.3,gf,2.505,mm,OK,--,2:10:30 PM,12/29/2025,
1394,29.5,gf,2.500,mm,OK,--,2:10:31 PM,12/29/2025,
1395,29.5,gf,2.500,mm,OK,--,2:10:31 PM,12/29/2025,
1396,29.6,gf,2.495,mm,OK,--,2:10:31 PM,12/29/2025,
1397,30.0,gf,2.490,mm,OK,--,2:10:31 PM,12/29/2025,
1398,30.2,gf,2.485,mm,OK,--,2:10:31 PM,12/29/2025,
1399,30.1,gf,2.480,mm,OK,--,2:10:31 PM,12/29/2025,
1400,30.4,gf,2.470,mm,OK,--,2:10:31 PM,12/29/2025,
1401,31.3,gf,2.465,mm,OK,--,2:10:31 PM,12/29/2025,
1402,31.8,gf,2.460,mm,OK,--,2:10:31 PM,12/29/2025,
1403,31.1,gf,2.450,mm,OK,--,2:10:31 PM,12/29/2025,
1404,30.4,gf,2.445,mm,OK,--,2:10:32 PM,12/29/2025,
1405,29.8,gf,2.435,mm,OK,--,2:10:32 PM,12/29/2025,
1406,29.4,gf,2.430,mm,OK,--,2:10:32 PM,12/29/2025,
1407,29.1,gf,2.425,mm,OK,--,2:10:32 PM,12/29/2025,
1408,28.9,gf,2.420,mm,OK,--,2:10:32 PM,12/29/2025,
1409,29.3,gf,2.415,mm,OK,--,2:10:32 PM,12/29/2025,
1410,29.6,gf,2.410,mm,OK,--,2:10:32 PM,12/29/2025,
1411,29.6,gf,2.405,mm,OK,--,2:10:32 PM,12/29/2025,
1412,29.6,gf,2.400,mm,OK,--,2:10:32 PM,12/29/2025,
1413,30.1,gf,2.390,mm,OK,--,2:10:32 PM,12/29/2025,
1414,31.2,gf,2.380,mm,OK,--,2:10:33 PM,12/29/2025,
1415,32.1,gf,2.370,mm,OK,--,2:10:33 PM,12/29/2025,
1416,32.4,gf,2.360,mm,OK,--,2:10:33 PM,12/29/2025,
1417,32.6,gf,2.350,mm,OK,--,2:10:33 PM,12/29/2025,
1418,32.6,gf,2.340,mm,OK,--,2:10:33 PM,12/29/2025,
1419,32.3,gf,2.335,mm,OK,--,2:10:33 PM,12/29/2025,
1420,32.0,gf,2.330,mm,OK,--,2:10:33 PM,12/29/2025,
1421,31.6,gf,2.320,mm,OK,--,2:10:33 PM,12/29/2025,
1422,31.1,gf,2.315,mm,OK,--,2:10:33 PM,12/29/2025,
1423,30.8,gf,2.305,mm,OK,--,2:10:33 PM,12/29/2025,
1424,30.9,gf,2.300,mm,OK,--,2:10:34 PM,12/29/2025,
1425,31.0,gf,2.295,mm,OK,--,2:10:34 PM,12/29/2025,
1426,30.8,gf,2.285,mm,OK,--,2:10:34 PM,12/29/2025,
1427,30.7,gf,2.270,mm,OK,--,2:10:34 PM,12/29/2025,
1428,30.0,gf,2.260,mm,OK,--,2:10:34 PM,12/29/2025,
1429,30.1,gf,2.250,mm,OK,--,2:10:34 PM,12/29/2025,
1430,30.4,gf,2.245,mm,OK,--,2:10:34 PM,12/29/2025,
1431,30.5,gf,2.245,mm,OK,--,2:10:34 PM,12/29/2025,
1432,30.4,gf,2.240,mm,OK,--,2:10:34 PM,12/29/2025,
1433,30.4,gf,2.235,mm,OK,--,2:10:34 PM,12/29/2025,
1434,30.3,gf,2.230,mm,OK,--,2:10:35 PM,12/29/2025,
1435,30.4,gf,2.220,mm,OK,--,2:10:35 PM,12/29/2025,
1436,30.9,gf,2.210,mm,OK,--,2:10:35 PM,12/29/2025,
1437,31.6,gf,2.205,mm,OK,--,2:10:35 PM,12/29/2025,
1438,31.9,gf,2.200,mm,OK,--,2:10:35 PM,12/29/2025,
1439,32.0,gf,2.200,mm,OK,--,2:10:35 PM,12/29/2025,
1440,32.5,gf,2.195,mm,OK,--,2:10:35 PM,12/29/2025,
1441,32.8,gf,2.195,mm,OK,--,2:10:35 PM,12/29/2025,
1442,33.0,gf,2.190,mm,OK,--,2:10:35 PM,12/29/2025,
1443,33.2,gf,2.190,mm,OK,--,2:10:35 PM,12/29/2025,
1444,33.1,gf,2.190,mm,OK,--,2:10:36 PM,12/29/2025,
1445,33.2,gf,2.190,mm,OK,--,2:10:36 PM,12/29/2025,
1446,33.3,gf,2.185,mm,OK,--,2:10:36 PM,12/29/2025,
1447,33.4,gf,2.185,mm,OK,--,2:10:36 PM,12/29/2025,
1448,33.5,gf,2.185,mm,OK,--,2:10:36 PM,12/29/2025,
1449,33.6,gf,2.185,mm,OK,--,2:10:36 PM,12/29/2025,
1450,33.6,gf,2.185,mm,OK,--,2:10:36 PM,12/29/2025,
1451,33.6,gf,2.180,mm,OK,--,2:10:36 PM,12/29/2025,
1452,33.5,gf,2.180,mm,OK,--,2:10:36 PM,12/29/2025,
1453,33.2,gf,2.180,mm,OK,--,2:10:36 PM,12/29/2025,
1454,33.1,gf,2.175,mm,OK,--,2:10:37 PM,12/29/2025,
1455,32.9,gf,2.170,mm,OK,--,2:10:37 PM,12/29/2025,
1456,33.1,gf,2.165,mm,OK,--,2:10:37 PM,12/29/2025,
1457,33.3,gf,2.160,mm,OK,--,2:10:37 PM,12/29/2025,
1458,33.6,gf,2.150,mm,OK,--,2:10:37 PM,12/29/2025,
1459,33.8,gf,2.145,mm,OK,--,2:10:37 PM,12/29/2025,
1460,34.1,gf,2.140,mm,OK,--,2:10:37 PM,12/29/2025,
1461,34.4,gf,2.130,mm,OK,--,2:10:37 PM,12/29/2025,
1462,34.2,gf,2.125,mm,OK,--,2:10:37 PM,12/29/2025,
1463,34.3,gf,2.120,mm,OK,--,2:10:37 PM,12/29/2025,
1464,34.6,gf,2.115,mm,OK,--,2:10:38 PM,12/29/2025,
1465,34.7,gf,2.110,mm,OK,--,2:10:38 PM,12/29/2025,
1466,34.7,gf,2.110,mm,OK,--,2:10:38 PM,12/29/2025,
1467,34.9,gf,2.105,mm,OK,--,2:10:38 PM,12/29/2025,
1468,35.0,gf,2.105,mm,OK,--,2:10:38 PM,12/29/2025,
1469,35.0,gf,2.105,mm,OK,--,2:10:38 PM,12/29/2025,
1470,35.1,gf,2.100,mm,OK,--,2:10:38 PM,12/29/2025,
1471,34.8,gf,2.100,mm,OK,--,2:10:38 PM,12/29/2025,
1472,34.7,gf,2.100,mm,OK,--,2:10:38 PM,12/29/2025,
1473,34.7,gf,2.095,mm,OK,--,2:10:38 PM,12/29/2025,
1474,34.8,gf,2.090,mm,OK,--,2:10:39 PM,12/29/2025,
1475,34.9,gf,2.090,mm,OK,--,2:10:39 PM,12/29/2025,
1476,35.0,gf,2.085,mm,OK,--,2:10:39 PM,12/29/2025,
1477,34.8,gf,2.085,mm,OK,--,2:10:39 PM,12/29/2025,
1478,34.9,gf,2.080,mm,OK,--,2:10:39 PM,12/29/2025,
1479,35.0,gf,2.075,mm,OK,--,2:10:39 PM,12/29/2025,
1480,35.0,gf,2.070,mm,OK,--,2:10:39 PM,12/29/2025,
1481,34.9,gf,2.070,mm,OK,--,2:10:39 PM,12/29/2025,
1482,34.9,gf,2.065,mm,OK,--,2:10:39 PM,12/29/2025,
1483,34.9,gf,2.060,mm,OK,--,2:10:39 PM,12/29/2025,
1484,35.1,gf,2.060,mm,OK,--,2:10:40 PM,12/29/2025,
1485,35.0,gf,2.055,mm,OK,--,2:10:40 PM,12/29/2025,
1486,34.9,gf,2.050,mm,OK,--,2:10:40 PM,12/29/2025,
1487,34.7,gf,2.050,mm,OK,--,2:10:40 PM,12/29/2025,
1488,34.7,gf,2.045,mm,OK,--,2:10:40 PM,12/29/2025,
1489,34.4,gf,2.045,mm,OK,--,2:10:40 PM,12/29/2025,
1490,34.3,gf,2.040,mm,OK,--,2:10:40 PM,12/29/2025,
1491,34.5,gf,2.035,mm,OK,--,2:10:40 PM,12/29/2025,
1492,34.9,gf,2.030,mm,OK,--,2:10:40 PM,12/29/2025,
1493,35.3,gf,2.030,mm,OK,--,2:10:40 PM,12/29/2025,
1494,35.4,gf,2.030,mm,OK,--,2:10:41 PM,12/29/2025,
1495,35.2,gf,2.030,mm,OK,--,2:10:41 PM,12/29/2025,
1496,35.2,gf,2.025,mm,OK,--,2:10:41 PM,12/29/2025,
1497,34.8,gf,2.025,mm,OK,--,2:10:41 PM,12/29/2025,
1498,34.3,gf,2.020,mm,OK,--,2:10:41 PM,12/29/2025,
1499,34.4,gf,2.020,mm,OK,--,2:10:41 PM,12/29/2025,
1500,34.8,gf,2.015,mm,OK,--,2:10:41 PM,12/29/2025,
1501,35.0,gf,2.015,mm,OK,--,2:10:41 PM,12/29/2025,
1502,34.8,gf,2.010,mm,OK,--,2:10:41 PM,12/29/2025,
1503,34.9,gf,2.005,mm,OK,--,2:10:41 PM,12/29/2025,
1504,34.8,gf,2.000,mm,OK,--,2:10:42 PM,12/29/2025,
1505,34.7,gf,1.990,mm,OK,--,2:10:42 PM,12/29/2025,
1506,36.1,gf,1.970,mm,OK,--,2:10:42 PM,12/29/2025,
1507,36.7,gf,1.945,mm,OK,--,2:10:42 PM,12/29/2025,
1508,37.8,gf,1.920,mm,OK,--,2:10:42 PM,12/29/2025,
1509,37.5,gf,1.900,mm,OK,--,2:10:42 PM,12/29/2025,
1510,37.0,gf,1.885,mm,OK,--,2:10:42 PM,12/29/2025,
1511,37.0,gf,1.875,mm,OK,--,2:10:42 PM,12/29/2025,
1512,37.0,gf,1.860,mm,OK,--,2:10:42 PM,12/29/2025,
1513,37.4,gf,1.850,mm,OK,--,2:10:42 PM,12/29/2025,
1514,37.9,gf,1.835,mm,OK,--,2:10:43 PM,12/29/2025,
1515,40.7,gf,1.820,mm,OK,--,2:10:43 PM,12/29/2025,
1516,40.2,gf,1.805,mm,OK,--,2:10:43 PM,12/29/2025,
1517,40.5,gf,1.790,mm,OK,--,2:10:43 PM,12/29/2025,
1518,40.2,gf,1.785,mm,OK,--,2:10:43 PM,12/29/2025,
1519,40.8,gf,1.775,mm,OK,--,2:10:43 PM,12/29/2025,
1520,40.8,gf,1.765,mm,OK,--,2:10:43 PM,12/29/2025,
1521,41.2,gf,1.755,mm,OK,--,2:10:43 PM,12/29/2025,
1522,41.2,gf,1.740,mm,OK,--,2:10:43 PM,12/29/2025,
1523,41.4,gf,1.730,mm,OK,--,2:10:43 PM,12/29/2025,
1524,41.4,gf,1.720,mm,OK,--,2:10:44 PM,12/29/2025,
1525,41.1,gf,1.705,mm,OK,--,2:10:44 PM,12/29/2025,
1526,41.3,gf,1.695,mm,OK,--,2:10:44 PM,12/29/2025,
1527,42.0,gf,1.685,mm,OK,--,2:10:44 PM,12/29/2025,
1528,42.6,gf,1.680,mm,OK,--,2:10:44 PM,12/29/2025,
1529,42.9,gf,1.670,mm,OK,--,2:10:44 PM,12/29/2025,
1530,42.8,gf,1.665,mm,OK,--,2:10:44 PM,12/29/2025,
1531,42.9,gf,1.655,mm,OK,--,2:10:44 PM,12/29/2025,
1532,43.1,gf,1.650,mm,OK,--,2:10:44 PM,12/29/2025,
1533,43.1,gf,1.645,mm,OK,--,2:10:44 PM,12/29/2025,
1534,43.1,gf,1.640,mm,OK,--,2:10:45 PM,12/29/2025,
1535,43.2,gf,1.640,mm,OK,--,2:10:45 PM,12/29/2025,
1536,43.2,gf,1.635,mm,OK,--,2:10:45 PM,12/29/2025,
1537,43.1,gf,1.635,mm,OK,--,2:10:45 PM,12/29/2025,
1538,42.6,gf,1.635,mm,OK,--,2:10:45 PM,12/29/2025,
1539,42.6,gf,1.630,mm,OK,--,2:10:45 PM,12/29/2025,
1540,42.5,gf,1.625,mm,OK,--,2:10:45 PM,12/29/2025,
1541,42.5,gf,1.625,mm,OK,--,2:10:45 PM,12/29/2025,
1542,42.4,gf,1.620,mm,OK,--,2:10:45 PM,12/29/2025,
1543,42.5,gf,1.620,mm,OK,--,2:10:45 PM,12/29/2025,
1544,42.5,gf,1.615,mm,OK,--,2:10:46 PM,12/29/2025,
1545,42.4,gf,1.615,mm,OK,--,2:10:46 PM,12/29/2025,
1546,42.3,gf,1.615,mm,OK,--,2:10:46 PM,12/29/2025,
1547,42.2,gf,1.610,mm,OK,--,2:10:46 PM,12/29/2025,
1548,42.2,gf,1.610,mm,OK,--,2:10:46 PM,12/29/2025,
1549,41.9,gf,1.605,mm,OK,--,2:10:46 PM,12/29/2025,
1550,41.9,gf,1.600,mm,OK,--,2:10:46 PM,12/29/2025,
1551,42.1,gf,1.595,mm,OK,--,2:10:46 PM,12/29/2025,
1552,42.1,gf,1.585,mm,OK,--,2:10:46 PM,12/29/2025,
1553,42.2,gf,1.580,mm,OK,--,2:10:46 PM,12/29/2025,
1554,42.3,gf,1.570,mm,OK,--,2:10:47 PM,12/29/2025,
1555,42.6,gf,1.565,mm,OK,--,2:10:47 PM,12/29/2025,
1556,42.9,gf,1.555,mm,OK,--,2:10:47 PM,12/29/2025,
1557,43.0,gf,1.545,mm,OK,--,2:10:47 PM,12/29/2025,
1558,43.1,gf,1.535,mm,OK,--,2:10:47 PM,12/29/2025,
1559,43.2,gf,1.530,mm,OK,--,2:10:47 PM,12/29/2025,
1560,43.7,gf,1.525,mm,OK,--,2:10:47 PM,12/29/2025,
1561,43.6,gf,1.525,mm,OK,--,2:10:47 PM,12/29/2025,
1562,43.7,gf,1.520,mm,OK,--,2:10:47 PM,12/29/2025,
1563,43.8,gf,1.520,mm,OK,--,2:10:47 PM,12/29/2025,
1564,43.8,gf,1.515,mm,OK,--,2:10:48 PM,12/29/2025,
1565,43.8,gf,1.515,mm,OK,--,2:10:48 PM,12/29/2025,
1566,43.9,gf,1.510,mm,OK,--,2:10:48 PM,12/29/2025,
1567,44.0,gf,1.510,mm,OK,--,2:10:48 PM,12/29/2025,
1568,44.1,gf,1.505,mm,OK,--,2:10:48 PM,12/29/2025,
1569,44.2,gf,1.505,mm,OK,--,2:10:48 PM,12/29/2025,
1570,44.0,gf,1.500,mm,OK,--,2:10:48 PM,12/29/2025,
1571,43.9,gf,1.500,mm,OK,--,2:10:48 PM,12/29/2025,
1572,43.7,gf,1.495,mm,OK,--,2:10:48 PM,12/29/2025,
1573,43.6,gf,1.490,mm,OK,--,2:10:48 PM,12/29/2025,
1574,43.4,gf,1.480,mm,OK,--,2:10:49 PM,12/29/2025,
1575,43.5,gf,1.470,mm,OK,--,2:10:49 PM,12/29/2025,
1576,43.7,gf,1.470,mm,OK,--,2:10:49 PM,12/29/2025,
1577,43.5,gf,1.465,mm,OK,--,2:10:49 PM,12/29/2025,
1578,43.6,gf,1.460,mm,OK,--,2:10:49 PM,12/29/2025,
1579,43.8,gf,1.460,mm,OK,--,2:10:49 PM,12/29/2025,
1580,43.9,gf,1.455,mm,OK,--,2:10:49 PM,12/29/2025,
1581,43.7,gf,1.450,mm,OK,--,2:10:49 PM,12/29/2025,
1582,44.1,gf,1.445,mm,OK,--,2:10:49 PM,12/29/2025,
1583,44.2,gf,1.440,mm,OK,--,2:10:49 PM,12/29/2025,
1584,44.6,gf,1.435,mm,OK,--,2:10:50 PM,12/29/2025,
1585,44.9,gf,1.430,mm,OK,--,2:10:50 PM,12/29/2025,
1586,45.2,gf,1.425,mm,OK,--,2:10:50 PM,12/29/2025,
1587,45.4,gf,1.420,mm,OK,--,2:10:50 PM,12/29/2025,
1588,45.5,gf,1.415,mm,OK,--,2:10:50 PM,12/29/2025,
1589,45.6,gf,1.415,mm,OK,--,2:10:50 PM,12/29/2025,
1590,45.5,gf,1.410,mm,OK,--,2:10:50 PM,12/29/2025,
1591,45.4,gf,1.410,mm,OK,--,2:10:50 PM,12/29/2025,
1592,45.1,gf,1.405,mm,OK,--,2:10:50 PM,12/29/2025,
1593,45.1,gf,1.400,mm,OK,--,2:10:50 PM,12/29/2025,
1594,45.1,gf,1.395,mm,OK,--,2:10:51 PM,12/29/2025,
1595,45.2,gf,1.390,mm,OK,--,2:10:51 PM,12/29/2025,
1596,45.3,gf,1.390,mm,OK,--,2:10:51 PM,12/29/2025,
1597,45.4,gf,1.385,mm,OK,--,2:10:51 PM,12/29/2025,
1598,45.3,gf,1.380,mm,OK,--,2:10:51 PM,12/29/2025,
1599,45.3,gf,1.375,mm,OK,--,2:10:51 PM,12/29/2025,
1600,45.3,gf,1.375,mm,OK,--,2:10:51 PM,12/29/2025,
1601,44.8,gf,1.360,mm,OK,--,2:10:51 PM,12/29/2025,
1602,44.6,gf,1.345,mm,OK,--,2:10:51 PM,12/29/2025,
1603,44.4,gf,1.335,mm,OK,--,2:10:51 PM,12/29/2025,
1604,44.6,gf,1.330,mm,OK,--,2:10:52 PM,12/29/2025,
1605,44.6,gf,1.325,mm,OK,--,2:10:52 PM,12/29/2025,
1606,45.0,gf,1.315,mm,OK,--,2:10:52 PM,12/29/2025,
1607,45.2,gf,1.315,mm,OK,--,2:10:52 PM,12/29/2025,
1608,45.3,gf,1.310,mm,OK,--,2:10:52 PM,12/29/2025,
1609,45.4,gf,1.305,mm,OK,--,2:10:52 PM,12/29/2025,
1610,45.8,gf,1.300,mm,OK,--,2:10:52 PM,12/29/2025,
1611,46.1,gf,1.300,mm,OK,--,2:10:52 PM,12/29/2025,
1612,46.2,gf,1.295,mm,OK,--,2:10:52 PM,12/29/2025,
1613,46.6,gf,1.295,mm,OK,--,2:10:52 PM,12/29/2025,
1614,46.6,gf,1.295,mm,OK,--,2:10:53 PM,12/29/2025,
1615,46.4,gf,1.295,mm,OK,--,2:10:53 PM,12/29/2025,
1616,46.7,gf,1.295,mm,OK,--,2:10:53 PM,12/29/2025,
1617,46.3,gf,1.295,mm,OK,--,2:10:53 PM,12/29/2025,
1618,46.1,gf,1.290,mm,OK,--,2:10:53 PM,12/29/2025,
1619,46.0,gf,1.290,mm,OK,--,2:10:53 PM,12/29/2025,
1620,45.9,gf,1.285,mm,OK,--,2:10:53 PM,12/29/2025,
1621,46.0,gf,1.285,mm,OK,--,2:10:53 PM,12/29/2025,
1622,45.8,gf,1.280,mm,OK,--,2:10:53 PM,12/29/2025,
1623,45.7,gf,1.275,mm,OK,--,2:10:53 PM,12/29/2025,
1624,45.6,gf,1.275,mm,OK,--,2:10:54 PM,12/29/2025,
1625,45.3,gf,1.270,mm,OK,--,2:10:54 PM,12/29/2025,
1626,45.0,gf,1.265,mm,OK,--,2:10:54 PM,12/29/2025,
1627,45.1,gf,1.260,mm,OK,--,2:10:54 PM,12/29/2025,
1628,45.3,gf,1.255,mm,OK,--,2:10:54 PM,12/29/2025,
1629,45.1,gf,1.255,mm,OK,--,2:10:54 PM,12/29/2025,
1630,45.0,gf,1.250,mm,OK,--,2:10:54 PM,12/29/2025,
1631,45.1,gf,1.250,mm,OK,--,2:10:54 PM,12/29/2025,
1632,45.1,gf,1.250,mm,OK,--,2:10:54 PM,12/29/2025,
1633,44.8,gf,1.245,mm,OK,--,2:10:54 PM,12/29/2025,
1634,44.6,gf,1.240,mm,OK,--,2:10:55 PM,12/29/2025,
1635,44.3,gf,1.235,mm,OK,--,2:10:55 PM,12/29/2025,
1636,44.5,gf,1.230,mm,OK,--,2:10:55 PM,12/29/2025,
1637,44.8,gf,1.220,mm,OK,--,2:10:55 PM,12/29/2025,
1638,44.9,gf,1.215,mm,OK,--,2:10:55 PM,12/29/2025,
1639,45.1,gf,1.210,mm,OK,--,2:10:55 PM,12/29/2025,
1640,45.2,gf,1.205,mm,OK,--,2:10:55 PM,12/29/2025,
1641,45.5,gf,1.195,mm,OK,--,2:10:55 PM,12/29/2025,
1642,46.2,gf,1.185,mm,OK,--,2:10:55 PM,12/29/2025,
1643,46.3,gf,1.175,mm,OK,--,2:10:55 PM,12/29/2025,
1644,46.1,gf,1.170,mm,OK,--,2:10:56 PM,12/29/2025,
1645,45.9,gf,1.165,mm,OK,--,2:10:56 PM,12/29/2025,
1646,45.5,gf,1.160,mm,OK,--,2:10:56 PM,12/29/2025,
1647,45.1,gf,1.150,mm,OK,--,2:10:56 PM,12/29/2025,
1648,44.9,gf,1.145,mm,OK,--,2:10:56 PM,12/29/2025,
1649,44.6,gf,1.135,mm,OK,--,2:10:56 PM,12/29/2025,
1650,44.5,gf,1.125,mm,OK,--,2:10:56 PM,12/29/2025,
1651,44.9,gf,1.115,mm,OK,--,2:10:56 PM,12/29/2025,
1652,44.8,gf,1.105,mm,OK,--,2:10:56 PM,12/29/2025,
1653,45.0,gf,1.095,mm,OK,--,2:10:56 PM,12/29/2025,
1654,45.1,gf,1.090,mm,OK,--,2:10:57 PM,12/29/2025,
1655,45.2,gf,1.085,mm,OK,--,2:10:57 PM,12/29/2025,
1656,45.4,gf,1.080,mm,OK,--,2:10:57 PM,12/29/2025,
1657,45.3,gf,1.070,mm,OK,--,2:10:57 PM,12/29/2025,
1658,45.5,gf,1.060,mm,OK,--,2:10:57 PM,12/29/2025,
1659,45.9,gf,1.055,mm,OK,--,2:10:57 PM,12/29/2025,
1660,46.0,gf,1.050,mm,OK,--,2:10:57 PM,12/29/2025,
1661,46.0,gf,1.045,mm,OK,--,2:10:57 PM,12/29/2025,
1662,45.6,gf,1.035,mm,OK,--,2:10:57 PM,12/29/2025,
1663,45.7,gf,1.030,mm,OK,--,2:10:57 PM,12/29/2025,
1664,45.5,gf,1.020,mm,OK,--,2:10:58 PM,12/29/2025,
1665,45.2,gf,1.010,mm,OK,--,2:10:58 PM,12/29/2025,
1666,45.7,gf,0.985,mm,OK,--,2:10:58 PM,12/29/2025,
1667,45.8,gf,0.970,mm,OK,--,2:10:58 PM,12/29/2025,
1668,45.4,gf,0.960,mm,OK,--,2:10:58 PM,12/29/2025,
1669,44.7,gf,0.955,mm,OK,--,2:10:58 PM,12/29/2025,
1670,44.4,gf,0.950,mm,OK,--,2:10:58 PM,12/29/2025,
1671,43.9,gf,0.945,mm,OK,--,2:10:58 PM,12/29/2025,
1672,43.9,gf,0.940,mm,OK,--,2:10:58 PM,12/29/2025,
1673,43.6,gf,0.940,mm,OK,--,2:10:58 PM,12/29/2025,
1674,43.5,gf,0.935,mm,OK,--,2:10:59 PM,12/29/2025,
1675,43.1,gf,0.930,mm,OK,--,2:10:59 PM,12/29/2025,
1676,43.0,gf,0.930,mm,OK,--,2:10:59 PM,12/29/2025,
1677,43.1,gf,0.925,mm,OK,--,2:10:59 PM,12/29/2025,
1678,42.8,gf,0.920,mm,OK,--,2:10:59 PM,12/29/2025,
1679,43.2,gf,0.910,mm,OK,--,2:10:59 PM,12/29/2025,
1680,43.6,gf,0.905,mm,OK,--,2:10:59 PM,12/29/2025,
1681,43.8,gf,0.900,mm,OK,--,2:10:59 PM,12/29/2025,
1682,44.1,gf,0.890,mm,OK,--,2:10:59 PM,12/29/2025,
1683,44.2,gf,0.890,mm,OK,--,2:10:59 PM,12/29/2025,
1684,44.3,gf,0.885,mm,OK,--,2:11:00 PM,12/29/2025,
1685,44.4,gf,0.880,mm,OK,--,2:11:00 PM,12/29/2025,
1686,44.7,gf,0.880,mm,OK,--,2:11:00 PM,12/29/2025,
1687,44.8,gf,0.875,mm,OK,--,2:11:00 PM,12/29/2025,
1688,44.8,gf,0.875,mm,OK,--,2:11:00 PM,12/29/2025,
1689,44.9,gf,0.875,mm,OK,--,2:11:00 PM,12/29/2025,
1690,44.9,gf,0.870,mm,OK,--,2:11:00 PM,12/29/2025,
1691,44.5,gf,0.870,mm,OK,--,2:11:00 PM,12/29/2025,
1692,44.6,gf,0.860,mm,OK,--,2:11:00 PM,12/29/2025,
1693,44.4,gf,0.850,mm,OK,--,2:11:00 PM,12/29/2025,
1694,44.1,gf,0.830,mm,OK,--,2:11:01 PM,12/29/2025,
1695,45.1,gf,0.795,mm,OK,--,2:11:01 PM,12/29/2025,
1696,44.0,gf,0.775,mm,OK,--,2:11:01 PM,12/29/2025,
1697,41.4,gf,0.765,mm,OK,--,2:11:01 PM,12/29/2025,
1698,39.5,gf,0.760,mm,OK,--,2:11:01 PM,12/29/2025,
1699,37.3,gf,0.750,mm,OK,--,2:11:01 PM,12/29/2025,
1700,36.0,gf,0.740,mm,OK,--,2:11:01 PM,12/29/2025,
1701,34.8,gf,0.735,mm,OK,--,2:11:01 PM,12/29/2025,
1702,33.9,gf,0.730,mm,OK,--,2:11:01 PM,12/29/2025,
1703,33.2,gf,0.730,mm,OK,--,2:11:01 PM,12/29/2025,
1704,32.7,gf,0.725,mm,OK,--,2:11:02 PM,12/29/2025,
1705,32.4,gf,0.720,mm,OK,--,2:11:02 PM,12/29/2025,
1706,32.0,gf,0.720,mm,OK,--,2:11:02 PM,12/29/2025,
1707,31.7,gf,0.710,mm,OK,--,2:11:02 PM,12/29/2025,
1708,31.9,gf,0.705,mm,OK,--,2:11:02 PM,12/29/2025,
1709,32.0,gf,0.700,mm,OK,--,2:11:02 PM,12/29/2025,
1710,32.2,gf,0.695,mm,OK,--,2:11:02 PM,12/29/2025,
1711,32.5,gf,0.690,mm,OK,--,2:11:02 PM,12/29/2025,
1712,32.5,gf,0.690,mm,OK,--,2:11:02 PM,12/29/2025,
1713,31.8,gf,0.685,mm,OK,--,2:11:02 PM,12/29/2025,
1714,30.9,gf,0.680,mm,OK,--,2:11:03 PM,12/29/2025,
1715,30.1,gf,0.675,mm,OK,--,2:11:03 PM,12/29/2025,
1716,29.4,gf,0.670,mm,OK,--,2:11:03 PM,12/29/2025,
1717,28.8,gf,0.665,mm,OK,--,2:11:03 PM,12/29/2025,
1718,28.5,gf,0.665,mm,OK,--,2:11:03 PM,12/29/2025,
1719,27.9,gf,0.660,mm,OK,--,2:11:03 PM,12/29/2025,
1720,27.0,gf,0.655,mm,OK,--,2:11:03 PM,12/29/2025,
1721,26.4,gf,0.650,mm,OK,--,2:11:03 PM,12/29/2025,
1722,25.9,gf,0.645,mm,OK,--,2:11:03 PM,12/29/2025,
1723,25.8,gf,0.640,mm,OK,--,2:11:03 PM,12/29/2025,
1724,25.5,gf,0.630,mm,OK,--,2:11:04 PM,12/29/2025,
1725,25.2,gf,0.630,mm,OK,--,2:11:04 PM,12/29/2025,
1726,25.0,gf,0.625,mm,OK,--,2:11:04 PM,12/29/2025,
1727,24.8,gf,0.620,mm,OK,--,2:11:04 PM,12/29/2025,
1728,24.0,gf,0.610,mm,OK,--,2:11:04 PM,12/29/2025,
1729,23.8,gf,0.600,mm,OK,--,2:11:04 PM,12/29/2025,
1730,23.4,gf,0.590,mm,OK,--,2:11:04 PM,12/29/2025,
1731,22.4,gf,0.580,mm,OK,--,2:11:04 PM,12/29/2025,
1732,21.9,gf,0.565,mm,OK,--,2:11:04 PM,12/29/2025,
1733,21.3,gf,0.555,mm,OK,--,2:11:04 PM,12/29/2025,
1734,21.1,gf,0.545,mm,OK,--,2:11:05 PM,12/29/2025,
1735,21.3,gf,0.535,mm,OK,--,2:11:05 PM,12/29/2025,
1736,21.4,gf,0.530,mm,OK,--,2:11:05 PM,12/29/2025,
1737,21.5,gf,0.520,mm,OK,--,2:11:05 PM,12/29/2025,
1738,21.8,gf,0.520,mm,OK,--,2:11:05 PM,12/29/2025,
1739,21.5,gf,0.515,mm,OK,--,2:11:05 PM,12/29/2025,
1740,21.4,gf,0.510,mm,OK,--,2:11:05 PM,12/29/2025,
1741,21.4,gf,0.505,mm,OK,--,2:11:05 PM,12/29/2025,
1742,21.2,gf,0.505,mm,OK,--,2:11:05 PM,12/29/2025,
1743,20.6,gf,0.500,mm,OK,--,2:11:05 PM,12/29/2025,
1744,20.1,gf,0.490,mm,OK,--,2:11:06 PM,12/29/2025,
1745,19.5,gf,0.485,mm,OK,--,2:11:06 PM,12/29/2025,
1746,19.5,gf,0.480,mm,OK,--,2:11:06 PM,12/29/2025,
1747,19.3,gf,0.480,mm,OK,--,2:11:06 PM,12/29/2025,
1748,19.1,gf,0.475,mm,OK,--,2:11:06 PM,12/29/2025,
1749,18.6,gf,0.475,mm,OK,--,2:11:06 PM,12/29/2025,
1750,18.5,gf,0.470,mm,OK,--,2:11:06 PM,12/29/2025,
1751,18.2,gf,0.465,mm,OK,--,2:11:06 PM,12/29/2025,
1752,18.1,gf,0.455,mm,OK,--,2:11:06 PM,12/29/2025,
1753,18.0,gf,0.450,mm,OK,--,2:11:06 PM,12/29/2025,
1754,18.1,gf,0.445,mm,OK,--,2:11:07 PM,12/29/2025,
1755,18.2,gf,0.440,mm,OK,--,2:11:07 PM,12/29/2025,
1756,17.9,gf,0.440,mm,OK,--,2:11:07 PM,12/29/2025,
1757,17.9,gf,0.435,mm,OK,--,2:11:07 PM,12/29/2025,
1758,17.7,gf,0.430,mm,OK,--,2:11:07 PM,12/29/2025,
1759,17.9,gf,0.430,mm,OK,--,2:11:07 PM,12/29/2025,
1760,17.8,gf,0.425,mm,OK,--,2:11:07 PM,12/29/2025,
1761,17.7,gf,0.415,mm,OK,--,2:11:07 PM,12/29/2025,
1762,17.9,gf,0.410,mm,OK,--,2:11:07 PM,12/29/2025,
1763,18.2,gf,0.410,mm,OK,--,2:11:07 PM,12/29/2025,
1764,18.1,gf,0.405,mm,OK,--,2:11:08 PM,12/29/2025,
1765,17.9,gf,0.405,mm,OK,--,2:11:08 PM,12/29/2025,
1766,17.7,gf,0.400,mm,OK,--,2:11:08 PM,12/29/2025,
1767,18.1,gf,0.400,mm,OK,--,2:11:08 PM,12/29/2025,
1768,18.1,gf,0.395,mm,OK,--,2:11:08 PM,12/29/2025,
1769,17.7,gf,0.395,mm,OK,--,2:11:08 PM,12/29/2025,
1770,17.7,gf,0.390,mm,OK,--,2:11:08 PM,12/29/2025,
1771,18.0,gf,0.385,mm,OK,--,2:11:08 PM,12/29/2025,
1772,18.2,gf,0.385,mm,OK,--,2:11:08 PM,12/29/2025,
1773,18.2,gf,0.385,mm,OK,--,2:11:08 PM,12/29/2025,
1774,18.0,gf,0.385,mm,OK,--,2:11:09 PM,12/29/2025,
1775,17.8,gf,0.380,mm,OK,--,2:11:09 PM,12/29/2025,
1776,17.7,gf,0.380,mm,OK,--,2:11:09 PM,12/29/2025,
1777,17.1,gf,0.380,mm,OK,--,2:11:09 PM,12/29/2025,
1778,16.9,gf,0.375,mm,OK,--,2:11:09 PM,12/29/2025,
1779,17.0,gf,0.375,mm,OK,--,2:11:09 PM,12/29/2025,
1780,16.8,gf,0.375,mm,OK,--,2:11:09 PM,12/29/2025,
1781,16.8,gf,0.375,mm,OK,--,2:11:09 PM,12/29/2025,
1782,16.2,gf,0.370,mm,OK,--,2:11:09 PM,12/29/2025,
1783,16.2,gf,0.370,mm,OK,--,2:11:09 PM,12/29/2025,
1784,15.7,gf,0.365,mm,OK,--,2:11:10 PM,12/29/2025,
1785,15.4,gf,0.365,mm,OK,--,2:11:10 PM,12/29/2025,
1786,15.4,gf,0.360,mm,OK,--,2:11:10 PM,12/29/2025,
1787,15.3,gf,0.360,mm,OK,--,2:11:10 PM,12/29/2025,
1788,15.2,gf,0.355,mm,OK,--,2:11:10 PM,12/29/2025,
1789,15.0,gf,0.355,mm,OK,--,2:11:10 PM,12/29/2025,
1790,14.8,gf,0.350,mm,OK,--,2:11:10 PM,12/29/2025,
1791,14.4,gf,0.345,mm,OK,--,2:11:10 PM,12/29/2025,
1792,14.2,gf,0.340,mm,OK,--,2:11:10 PM,12/29/2025,
1793,14.1,gf,0.335,mm,OK,--,2:11:10 PM,12/29/2025,
1794,14.0,gf,0.325,mm,OK,--,2:11:11 PM,12/29/2025,
1795,13.8,gf,0.320,mm,OK,--,2:11:11 PM,12/29/2025,
1796,12.9,gf,0.315,mm,OK,--,2:11:11 PM,12/29/2025,
1797,12.3,gf,0.310,mm,OK,--,2:11:11 PM,12/29/2025,
1798,11.9,gf,0.305,mm,OK,--,2:11:11 PM,12/29/2025,
1799,11.8,gf,0.300,mm,OK,--,2:11:11 PM,12/29/2025,
1800,11.5,gf,0.290,mm,OK,--,2:11:11 PM,12/29/2025,
1801,12.0,gf,0.285,mm,OK,--,2:11:11 PM,12/29/2025,
1802,12.3,gf,0.285,mm,OK,--,2:11:11 PM,12/29/2025,
1803,12.5,gf,0.280,mm,OK,--,2:11:11 PM,12/29/2025,
1804,12.3,gf,0.280,mm,OK,--,2:11:12 PM,12/29/2025,
1805,12.0,gf,0.275,mm,OK,--,2:11:12 PM,12/29/2025,
1806,11.3,gf,0.270,mm,OK,--,2:11:12 PM,12/29/2025,
1807,10.8,gf,0.265,mm,OK,--,2:11:12 PM,12/29/2025,
1808,10.0,gf,0.260,mm,OK,--,2:11:12 PM,12/29/2025,
1809,9.6,gf,0.260,mm,OK,--,2:11:12 PM,12/29/2025,
1810,9.4,gf,0.255,mm,OK,--,2:11:12 PM,12/29/2025,
1811,9.3,gf,0.255,mm,OK,--,2:11:12 PM,12/29/2025,
1812,9.5,gf,0.250,mm,OK,--,2:11:12 PM,12/29/2025,
1813,9.8,gf,0.250,mm,OK,--,2:11:12 PM,12/29/2025,
1814,8.2,gf,0.250,mm,OK,--,2:11:13 PM,12/29/2025,
1815,6.6,gf,0.245,mm,OK,--,2:11:13 PM,12/29/2025,
1816,5.7,gf,0.240,mm,OK,--,2:11:13 PM,12/29/2025,
1817,4.4,gf,0.240,mm,OK,--,2:11:13 PM,12/29/2025,
1818,2.9,gf,0.240,mm,OK,--,2:11:13 PM,12/29/2025,
1819,1.5,gf,0.235,mm,OK,--,2:11:13 PM,12/29/2025,
1820,0.3,gf,0.235,mm,OK,--,2:11:13 PM,12/29/2025,
1821,0.0,gf,0.235,mm,OK,--,2:11:13 PM,12/29/2025,
1822,0.0,gf,0.230,mm,OK,--,2:11:13 PM,12/29/2025,
1823,0.0,gf,0.225,mm,OK,--,2:11:13 PM,12/29/2025,
1824,0.0,gf,0.210,mm,OK,--,2:11:14 PM,12/29/2025,
1825,0.0,gf,0.190,mm,OK,--,2:11:14 PM,12/29/2025,
1826,0.0,gf,0.160,mm,OK,--,2:11:14 PM,12/29/2025,
1827,0.0,gf,0.135,mm,OK,--,2:11:14 PM,12/29/2025,
1828,0.0,gf,0.105,mm,OK,--,2:11:14 PM,12/29/2025,
1829,0.0,gf,0.080,mm,OK,--,2:11:14 PM,12/29/2025,
1830,0.0,gf,0.060,mm,OK,--,2:11:14 PM,12/29/2025,
1831,0.0,gf,0.035,mm,OK,--,2:11:14 PM,12/29/2025,
1832,0.0,gf,0.020,mm,OK,--,2:11:14 PM,12/29/2025,
1833,0.0,gf,0.005,mm,OK,--,2:11:14 PM,12/29/2025,
1834,0.0,gf,-0.005,mm,OK,--,2:11:15 PM,12/29/2025,
1835,0.0,gf,-0.005,mm,OK,--,2:11:15 PM,12/29/2025,
1836,0.0,gf,-0.010,mm,OK,--,2:11:15 PM,12/29/2025,
1837,0.1,gf,-0.010,mm,OK,--,2:11:15 PM,12/29/2025,
1838,0.0,gf,-0.010,mm,OK,--,2:11:15 PM,12/29/2025,
1839,0.0,gf,-0.010,mm,OK,--,2:11:15 PM,12/29/2025,
1840,0.0,gf,-0.010,mm,OK,--,2:11:15 PM,12/29/2025,
1841,0.0,gf,-0.010,mm,OK,--,2:11:15 PM,12/29/2025,
1842,0.0,gf,-0.010,mm,OK,--,2:11:15 PM,12/29/2025,
1843,0.0,gf,-0.010,mm,OK,--,2:11:15 PM,12/29/2025,
1844,0.1,gf,-0.010,mm,OK,--,2:11:16 PM,12/29/2025,
1845,0.0,gf,-0.010,mm,OK,--,2:11:16 PM,12/29/2025,
1846,0.5,gf,-0.005,mm,OK,--,2:11:16 PM,12/29/2025,
1847,0.3,gf,0.000,mm,OK,--,2:11:16 PM,12/29/2025,
1848,0.0,gf,0.005,mm,OK,--,2:11:16 PM,12/29/2025,
1849,0.0,gf,0.005,mm,OK,--,2:11:16 PM,12/29/2025,
1850,0.0,gf,0.010,mm,OK,--,2:11:16 PM,12/29/2025,
1851,0.0,gf,0.010,mm,OK,--,2:11:16 PM,12/29/2025,
1852,0.0,gf,0.010,mm,OK,--,2:11:16 PM,12/29/2025,
1853,0.0,gf,0.015,mm,OK,--,2:11:16 PM,12/29/2025,
1854,0.0,gf,0.015,mm,OK,--,2:11:17 PM,12/29/2025,
1855,0.0,gf,0.015,mm,OK,--,2:11:17 PM,12/29/2025,
1856,0.0,gf,0.020,mm,OK,--,2:11:17 PM,12/29/2025,
1857,0.0,gf,0.020,mm,OK,--,2:11:17 PM,12/29/2025,
1858,0.0,gf,0.020,mm,OK,--,2:11:17 PM,12/29/2025,
1859,0.0,gf,0.020,mm,OK,--,2:11:17 PM,12/29/2025,
1860,0.0,gf,0.025,mm,OK,--,2:11:17 PM,12/29/2025,
1861,0.1,gf,0.025,mm,OK,--,2:11:17 PM,12/29/2025,
