Maximum,191.6,@,No.955,,,,,,
Minimum,-0.2,@,No.26,,,,,,
Average,48.31,,,,,,,,
Data Quantity,1578,,,,,,,,
Number of NG,0,,,,,,,,
No.,Force,Unit,Displacement,Unit,Judge,Position,Time,Date,
1,0.0,gf,0.000,mm,OK,--,4:12:53 PM,12/27/2025,
2,0.0,gf,0.000,mm,OK,--,4:12:53 PM,12/27/2025,
3,0.0,gf,0.000,mm,OK,--,4:12:53 PM,12/27/2025,
4,0.0,gf,0.000,mm,OK,--,4:12:53 PM,12/27/2025,
5,0.0,gf,0.000,mm,OK,--,4:12:53 PM,12/27/2025,
6,0.0,gf,0.000,mm,OK,--,4:12:53 PM,12/27/2025,
7,0.0,gf,0.000,mm,OK,--,4:12:53 PM,12/27/2025,
8,0.0,gf,0.000,mm,OK,--,4:12:53 PM,12/27/2025,
9,0.0,gf,0.000,mm,OK,--,4:12:53 PM,12/27/2025,
10,0.0,gf,0.000,mm,OK,--,4:12:54 PM,12/27/2025,
11,0.0,gf,0.000,mm,OK,--,4:12:54 PM,12/27/2025,
12,0.0,gf,0.000,mm,OK,--,4:12:54 PM,12/27/2025,
13,-0.1,gf,0.000,mm,OK,--,4:12:54 PM,12/27/2025,
14,0.0,gf,0.000,mm,OK,--,4:12:54 PM,12/27/2025,
15,0.0,gf,0.000,mm,OK,--,4:12:54 PM,12/27/2025,
16,0.0,gf,0.000,mm,OK,--,4:12:54 PM,12/27/2025,
17,0.0,gf,0.000,mm,OK,--,4:12:54 PM,12/27/2025,
18,0.0,gf,0.000,mm,OK,--,4:12:54 PM,12/27/2025,
19,0.0,gf,0.000,mm,OK,--,4:12:54 PM,12/27/2025,
20,0.0,gf,0.000,mm,OK,--,4:12:55 PM,12/27/2025,
21,0.1,gf,0.000,mm,OK,--,4:12:55 PM,12/27/2025,
22,0.1,gf,0.000,mm,OK,--,4:12:55 PM,12/27/2025,
23,0.0,gf,0.000,mm,OK,--,4:12:55 PM,12/27/2025,
24,0.0,gf,0.000,mm,OK,--,4:12:55 PM,12/27/2025,
25,0.1,gf,0.000,mm,OK,--,4:12:55 PM,12/27/2025,
26,-0.2,gf,0.000,mm,OK,--,4:12:55 PM,12/27/2025,
27,0.0,gf,0.005,mm,OK,--,4:12:55 PM,12/27/2025,
28,0.0,gf,0.005,mm,OK,--,4:12:55 PM,12/27/2025,
29,0.0,gf,0.005,mm,OK,--,4:12:55 PM,12/27/2025,
30,0.0,gf,0.010,mm,OK,--,4:12:56 PM,12/27/2025,
31,0.1,gf,0.010,mm,OK,--,4:12:56 PM,12/27/2025,
32,0.0,gf,0.015,mm,OK,--,4:12:56 PM,12/27/2025,
33,0.0,gf,0.015,mm,OK,--,4:12:56 PM,12/27/2025,
34,0.0,gf,0.020,mm,OK,--,4:12:56 PM,12/27/2025,
35,0.0,gf,0.020,mm,OK,--,4:12:56 PM,12/27/2025,
36,0.7,gf,0.025,mm,OK,--,4:12:56 PM,12/27/2025,
37,3.1,gf,0.030,mm,OK,--,4:12:56 PM,12/27/2025,
38,5.8,gf,0.030,mm,OK,--,4:12:56 PM,12/27/2025,
39,8.3,gf,0.035,mm,OK,--,4:12:56 PM,12/27/2025,
40,11.0,gf,0.035,mm,OK,--,4:12:57 PM,12/27/2025,
41,13.7,gf,0.040,mm,OK,--,4:12:57 PM,12/27/2025,
42,16.6,gf,0.040,mm,OK,--,4:12:57 PM,12/27/2025,
43,17.6,gf,0.045,mm,OK,--,4:12:57 PM,12/27/2025,
44,17.5,gf,0.045,mm,OK,--,4:12:57 PM,12/27/2025,
45,17.6,gf,0.045,mm,OK,--,4:12:57 PM,12/27/2025,
46,17.6,gf,0.045,mm,OK,--,4:12:57 PM,12/27/2025,
47,17.8,gf,0.045,mm,OK,--,4:12:57 PM,12/27/2025,
48,18.1,gf,0.045,mm,OK,--,4:12:57 PM,12/27/2025,
49,18.6,gf,0.045,mm,OK,--,4:12:57 PM,12/27/2025,
50,19.4,gf,0.045,mm,OK,--,4:12:58 PM,12/27/2025,
51,20.1,gf,0.045,mm,OK,--,4:12:58 PM,12/27/2025,
52,21.1,gf,0.045,mm,OK,--,4:12:58 PM,12/27/2025,
53,22.3,gf,0.050,mm,OK,--,4:12:58 PM,12/27/2025,
54,23.7,gf,0.050,mm,OK,--,4:12:58 PM,12/27/2025,
55,25.1,gf,0.050,mm,OK,--,4:12:58 PM,12/27/2025,
56,26.3,gf,0.050,mm,OK,--,4:12:58 PM,12/27/2025,
57,27.5,gf,0.055,mm,OK,--,4:12:58 PM,12/27/2025,
58,28.6,gf,0.055,mm,OK,--,4:12:58 PM,12/27/2025,
59,29.5,gf,0.055,mm,OK,--,4:12:58 PM,12/27/2025,
60,30.5,gf,0.055,mm,OK,--,4:12:59 PM,12/27/2025,
61,31.8,gf,0.060,mm,OK,--,4:12:59 PM,12/27/2025,
62,33.2,gf,0.060,mm,OK,--,4:12:59 PM,12/27/2025,
63,33.8,gf,0.060,mm,OK,--,4:12:59 PM,12/27/2025,
64,34.2,gf,0.065,mm,OK,--,4:12:59 PM,12/27/2025,
65,34.3,gf,0.065,mm,OK,--,4:12:59 PM,12/27/2025,
66,34.5,gf,0.065,mm,OK,--,4:12:59 PM,12/27/2025,
67,34.6,gf,0.065,mm,OK,--,4:12:59 PM,12/27/2025,
68,34.8,gf,0.065,mm,OK,--,4:12:59 PM,12/27/2025,
69,35.0,gf,0.065,mm,OK,--,4:12:59 PM,12/27/2025,
70,35.4,gf,0.070,mm,OK,--,4:13:00 PM,12/27/2025,
71,35.8,gf,0.070,mm,OK,--,4:13:00 PM,12/27/2025,
72,35.8,gf,0.070,mm,OK,--,4:13:00 PM,12/27/2025,
73,35.9,gf,0.070,mm,OK,--,4:13:00 PM,12/27/2025,
74,36.0,gf,0.070,mm,OK,--,4:13:00 PM,12/27/2025,
75,36.1,gf,0.070,mm,OK,--,4:13:00 PM,12/27/2025,
76,36.2,gf,0.070,mm,OK,--,4:13:00 PM,12/27/2025,
77,36.5,gf,0.070,mm,OK,--,4:13:00 PM,12/27/2025,
78,36.6,gf,0.075,mm,OK,--,4:13:00 PM,12/27/2025,
79,36.9,gf,0.075,mm,OK,--,4:13:00 PM,12/27/2025,
80,37.0,gf,0.075,mm,OK,--,4:13:01 PM,12/27/2025,
81,37.1,gf,0.075,mm,OK,--,4:13:01 PM,12/27/2025,
82,37.3,gf,0.075,mm,OK,--,4:13:01 PM,12/27/2025,
83,37.8,gf,0.080,mm,OK,--,4:13:01 PM,12/27/2025,
84,38.4,gf,0.080,mm,OK,--,4:13:01 PM,12/27/2025,
85,38.8,gf,0.080,mm,OK,--,4:13:01 PM,12/27/2025,
86,39.0,gf,0.085,mm,OK,--,4:13:01 PM,12/27/2025,
87,39.3,gf,0.085,mm,OK,--,4:13:01 PM,12/27/2025,
88,39.7,gf,0.085,mm,OK,--,4:13:01 PM,12/27/2025,
89,40.0,gf,0.085,mm,OK,--,4:13:01 PM,12/27/2025,
90,40.3,gf,0.090,mm,OK,--,4:13:02 PM,12/27/2025,
91,40.8,gf,0.090,mm,OK,--,4:13:02 PM,12/27/2025,
92,41.0,gf,0.095,mm,OK,--,4:13:02 PM,12/27/2025,
93,40.8,gf,0.100,mm,OK,--,4:13:02 PM,12/27/2025,
94,41.0,gf,0.100,mm,OK,--,4:13:02 PM,12/27/2025,
95,40.9,gf,0.100,mm,OK,--,4:13:02 PM,12/27/2025,
96,40.9,gf,0.105,mm,OK,--,4:13:02 PM,12/27/2025,
97,41.0,gf,0.105,mm,OK,--,4:13:02 PM,12/27/2025,
98,41.2,gf,0.105,mm,OK,--,4:13:02 PM,12/27/2025,
99,41.4,gf,0.105,mm,OK,--,4:13:02 PM,12/27/2025,
100,41.5,gf,0.110,mm,OK,--,4:13:03 PM,12/27/2025,
101,41.7,gf,0.110,mm,OK,--,4:13:03 PM,12/27/2025,
102,42.1,gf,0.110,mm,OK,--,4:13:03 PM,12/27/2025,
103,42.3,gf,0.115,mm,OK,--,4:13:03 PM,12/27/2025,
104,42.4,gf,0.120,mm,OK,--,4:13:03 PM,12/27/2025,
105,42.5,gf,0.120,mm,OK,--,4:13:03 PM,12/27/2025,
106,42.7,gf,0.120,mm,OK,--,4:13:03 PM,12/27/2025,
107,42.8,gf,0.125,mm,OK,--,4:13:03 PM,12/27/2025,
108,43.0,gf,0.130,mm,OK,--,4:13:03 PM,12/27/2025,
109,43.1,gf,0.130,mm,OK,--,4:13:03 PM,12/27/2025,
110,43.3,gf,0.130,mm,OK,--,4:13:04 PM,12/27/2025,
111,43.5,gf,0.135,mm,OK,--,4:13:04 PM,12/27/2025,
112,43.6,gf,0.140,mm,OK,--,4:13:04 PM,12/27/2025,
113,43.7,gf,0.140,mm,OK,--,4:13:04 PM,12/27/2025,
114,44.0,gf,0.145,mm,OK,--,4:13:04 PM,12/27/2025,
115,44.3,gf,0.150,mm,OK,--,4:13:04 PM,12/27/2025,
116,44.5,gf,0.150,mm,OK,--,4:13:04 PM,12/27/2025,
117,44.7,gf,0.155,mm,OK,--,4:13:04 PM,12/27/2025,
118,44.9,gf,0.160,mm,OK,--,4:13:04 PM,12/27/2025,
119,45.1,gf,0.160,mm,OK,--,4:13:04 PM,12/27/2025,
120,45.5,gf,0.165,mm,OK,--,4:13:05 PM,12/27/2025,
121,45.8,gf,0.170,mm,OK,--,4:13:05 PM,12/27/2025,
122,45.8,gf,0.175,mm,OK,--,4:13:05 PM,12/27/2025,
123,45.9,gf,0.180,mm,OK,--,4:13:05 PM,12/27/2025,
124,46.1,gf,0.180,mm,OK,--,4:13:05 PM,12/27/2025,
125,46.2,gf,0.185,mm,OK,--,4:13:05 PM,12/27/2025,
126,46.1,gf,0.185,mm,OK,--,4:13:05 PM,12/27/2025,
127,46.1,gf,0.185,mm,OK,--,4:13:05 PM,12/27/2025,
128,46.3,gf,0.190,mm,OK,--,4:13:05 PM,12/27/2025,
129,46.6,gf,0.190,mm,OK,--,4:13:05 PM,12/27/2025,
130,46.7,gf,0.195,mm,OK,--,4:13:06 PM,12/27/2025,
131,46.8,gf,0.195,mm,OK,--,4:13:06 PM,12/27/2025,
132,47.0,gf,0.200,mm,OK,--,4:13:06 PM,12/27/2025,
133,47.2,gf,0.205,mm,OK,--,4:13:06 PM,12/27/2025,
134,47.4,gf,0.210,mm,OK,--,4:13:06 PM,12/27/2025,
135,47.6,gf,0.215,mm,OK,--,4:13:06 PM,12/27/2025,
136,47.7,gf,0.220,mm,OK,--,4:13:06 PM,12/27/2025,
137,47.8,gf,0.225,mm,OK,--,4:13:06 PM,12/27/2025,
138,47.9,gf,0.230,mm,OK,--,4:13:06 PM,12/27/2025,
139,47.9,gf,0.235,mm,OK,--,4:13:06 PM,12/27/2025,
140,47.9,gf,0.240,mm,OK,--,4:13:07 PM,12/27/2025,
141,47.9,gf,0.245,mm,OK,--,4:13:07 PM,12/27/2025,
142,47.9,gf,0.250,mm,OK,--,4:13:07 PM,12/27/2025,
143,48.1,gf,0.250,mm,OK,--,4:13:07 PM,12/27/2025,
144,48.2,gf,0.255,mm,OK,--,4:13:07 PM,12/27/2025,
145,48.1,gf,0.260,mm,OK,--,4:13:07 PM,12/27/2025,
146,48.1,gf,0.265,mm,OK,--,4:13:07 PM,12/27/2025,
147,48.2,gf,0.265,mm,OK,--,4:13:07 PM,12/27/2025,
148,48.5,gf,0.270,mm,OK,--,4:13:07 PM,12/27/2025,
149,48.6,gf,0.275,mm,OK,--,4:13:07 PM,12/27/2025,
150,48.8,gf,0.280,mm,OK,--,4:13:08 PM,12/27/2025,
151,48.8,gf,0.290,mm,OK,--,4:13:08 PM,12/27/2025,
152,48.9,gf,0.295,mm,OK,--,4:13:08 PM,12/27/2025,
153,48.9,gf,0.300,mm,OK,--,4:13:08 PM,12/27/2025,
154,49.0,gf,0.310,mm,OK,--,4:13:08 PM,12/27/2025,
155,49.1,gf,0.315,mm,OK,--,4:13:08 PM,12/27/2025,
156,49.0,gf,0.320,mm,OK,--,4:13:08 PM,12/27/2025,
157,49.1,gf,0.325,mm,OK,--,4:13:08 PM,12/27/2025,
158,48.9,gf,0.330,mm,OK,--,4:13:08 PM,12/27/2025,
159,49.0,gf,0.335,mm,OK,--,4:13:08 PM,12/27/2025,
160,49.0,gf,0.340,mm,OK,--,4:13:09 PM,12/27/2025,
161,49.1,gf,0.340,mm,OK,--,4:13:09 PM,12/27/2025,
162,49.1,gf,0.345,mm,OK,--,4:13:09 PM,12/27/2025,
163,49.1,gf,0.350,mm,OK,--,4:13:09 PM,12/27/2025,
164,49.1,gf,0.355,mm,OK,--,4:13:09 PM,12/27/2025,
165,49.0,gf,0.360,mm,OK,--,4:13:09 PM,12/27/2025,
166,49.0,gf,0.360,mm,OK,--,4:13:09 PM,12/27/2025,
167,49.1,gf,0.365,mm,OK,--,4:13:09 PM,12/27/2025,
168,49.2,gf,0.370,mm,OK,--,4:13:09 PM,12/27/2025,
169,49.1,gf,0.370,mm,OK,--,4:13:09 PM,12/27/2025,
170,49.1,gf,0.375,mm,OK,--,4:13:10 PM,12/27/2025,
171,49.2,gf,0.375,mm,OK,--,4:13:10 PM,12/27/2025,
172,49.2,gf,0.380,mm,OK,--,4:13:10 PM,12/27/2025,
173,49.4,gf,0.385,mm,OK,--,4:13:10 PM,12/27/2025,
174,49.1,gf,0.390,mm,OK,--,4:13:10 PM,12/27/2025,
175,49.1,gf,0.395,mm,OK,--,4:13:10 PM,12/27/2025,
176,49.1,gf,0.400,mm,OK,--,4:13:10 PM,12/27/2025,
177,49.0,gf,0.405,mm,OK,--,4:13:10 PM,12/27/2025,
178,49.1,gf,0.410,mm,OK,--,4:13:10 PM,12/27/2025,
179,49.1,gf,0.420,mm,OK,--,4:13:10 PM,12/27/2025,
180,49.1,gf,0.425,mm,OK,--,4:13:11 PM,12/27/2025,
181,48.9,gf,0.430,mm,OK,--,4:13:11 PM,12/27/2025,
182,49.0,gf,0.430,mm,OK,--,4:13:11 PM,12/27/2025,
183,49.1,gf,0.435,mm,OK,--,4:13:11 PM,12/27/2025,
184,48.8,gf,0.440,mm,OK,--,4:13:11 PM,12/27/2025,
185,48.8,gf,0.440,mm,OK,--,4:13:11 PM,12/27/2025,
186,48.9,gf,0.440,mm,OK,--,4:13:11 PM,12/27/2025,
187,48.9,gf,0.445,mm,OK,--,4:13:11 PM,12/27/2025,
188,48.9,gf,0.445,mm,OK,--,4:13:11 PM,12/27/2025,
189,48.9,gf,0.450,mm,OK,--,4:13:11 PM,12/27/2025,
190,49.0,gf,0.450,mm,OK,--,4:13:12 PM,12/27/2025,
191,49.1,gf,0.455,mm,OK,--,4:13:12 PM,12/27/2025,
192,49.2,gf,0.460,mm,OK,--,4:13:12 PM,12/27/2025,
193,49.1,gf,0.465,mm,OK,--,4:13:12 PM,12/27/2025,
194,49.2,gf,0.470,mm,OK,--,4:13:12 PM,12/27/2025,
195,49.2,gf,0.475,mm,OK,--,4:13:12 PM,12/27/2025,
196,49.2,gf,0.485,mm,OK,--,4:13:12 PM,12/27/2025,
197,49.2,gf,0.490,mm,OK,--,4:13:12 PM,12/27/2025,
198,48.9,gf,0.495,mm,OK,--,4:13:12 PM,12/27/2025,
199,48.8,gf,0.505,mm,OK,--,4:13:12 PM,12/27/2025,
200,48.7,gf,0.510,mm,OK,--,4:13:13 PM,12/27/2025,
201,48.5,gf,0.515,mm,OK,--,4:13:13 PM,12/27/2025,
202,48.6,gf,0.525,mm,OK,--,4:13:13 PM,12/27/2025,
203,48.7,gf,0.530,mm,OK,--,4:13:13 PM,12/27/2025,
204,48.5,gf,0.540,mm,OK,--,4:13:13 PM,12/27/2025,
205,48.4,gf,0.550,mm,OK,--,4:13:13 PM,12/27/2025,
206,48.3,gf,0.555,mm,OK,--,4:13:13 PM,12/27/2025,
207,48.5,gf,0.565,mm,OK,--,4:13:13 PM,12/27/2025,
208,48.6,gf,0.570,mm,OK,--,4:13:13 PM,12/27/2025,
209,48.3,gf,0.580,mm,OK,--,4:13:13 PM,12/27/2025,
210,48.5,gf,0.585,mm,OK,--,4:13:14 PM,12/27/2025,
211,48.1,gf,0.590,mm,OK,--,4:13:14 PM,12/27/2025,
212,48.0,gf,0.595,mm,OK,--,4:13:14 PM,12/27/2025,
213,48.2,gf,0.600,mm,OK,--,4:13:14 PM,12/27/2025,
214,48.3,gf,0.605,mm,OK,--,4:13:14 PM,12/27/2025,
215,48.3,gf,0.605,mm,OK,--,4:13:14 PM,12/27/2025,
216,48.2,gf,0.610,mm,OK,--,4:13:14 PM,12/27/2025,
217,48.2,gf,0.615,mm,OK,--,4:13:14 PM,12/27/2025,
218,48.0,gf,0.620,mm,OK,--,4:13:14 PM,12/27/2025,
219,47.9,gf,0.625,mm,OK,--,4:13:14 PM,12/27/2025,
220,47.8,gf,0.630,mm,OK,--,4:13:15 PM,12/27/2025,
221,47.9,gf,0.630,mm,OK,--,4:13:15 PM,12/27/2025,
222,47.9,gf,0.635,mm,OK,--,4:13:15 PM,12/27/2025,
223,47.7,gf,0.640,mm,OK,--,4:13:15 PM,12/27/2025,
224,47.8,gf,0.640,mm,OK,--,4:13:15 PM,12/27/2025,
225,47.8,gf,0.645,mm,OK,--,4:13:15 PM,12/27/2025,
226,47.8,gf,0.650,mm,OK,--,4:13:15 PM,12/27/2025,
227,47.7,gf,0.655,mm,OK,--,4:13:15 PM,12/27/2025,
228,47.9,gf,0.660,mm,OK,--,4:13:15 PM,12/27/2025,
229,47.6,gf,0.665,mm,OK,--,4:13:15 PM,12/27/2025,
230,47.8,gf,0.665,mm,OK,--,4:13:16 PM,12/27/2025,
231,47.5,gf,0.670,mm,OK,--,4:13:16 PM,12/27/2025,
232,47.6,gf,0.675,mm,OK,--,4:13:16 PM,12/27/2025,
233,47.7,gf,0.675,mm,OK,--,4:13:16 PM,12/27/2025,
234,48.2,gf,0.685,mm,OK,--,4:13:16 PM,12/27/2025,
235,48.0,gf,0.690,mm,OK,--,4:13:16 PM,12/27/2025,
236,47.8,gf,0.700,mm,OK,--,4:13:16 PM,12/27/2025,
237,47.5,gf,0.705,mm,OK,--,4:13:16 PM,12/27/2025,
238,47.1,gf,0.705,mm,OK,--,4:13:16 PM,12/27/2025,
239,47.0,gf,0.710,mm,OK,--,4:13:16 PM,12/27/2025,
240,47.5,gf,0.710,mm,OK,--,4:13:17 PM,12/27/2025,
241,47.4,gf,0.715,mm,OK,--,4:13:17 PM,12/27/2025,
242,47.2,gf,0.720,mm,OK,--,4:13:17 PM,12/27/2025,
243,47.1,gf,0.720,mm,OK,--,4:13:17 PM,12/27/2025,
244,47.1,gf,0.720,mm,OK,--,4:13:17 PM,12/27/2025,
245,47.1,gf,0.725,mm,OK,--,4:13:17 PM,12/27/2025,
246,47.1,gf,0.725,mm,OK,--,4:13:17 PM,12/27/2025,
247,47.0,gf,0.730,mm,OK,--,4:13:17 PM,12/27/2025,
248,46.8,gf,0.730,mm,OK,--,4:13:17 PM,12/27/2025,
249,47.1,gf,0.730,mm,OK,--,4:13:17 PM,12/27/2025,
250,47.1,gf,0.735,mm,OK,--,4:13:18 PM,12/27/2025,
251,47.1,gf,0.740,mm,OK,--,4:13:18 PM,12/27/2025,
252,47.1,gf,0.740,mm,OK,--,4:13:18 PM,12/27/2025,
253,47.4,gf,0.745,mm,OK,--,4:13:18 PM,12/27/2025,
254,47.4,gf,0.750,mm,OK,--,4:13:18 PM,12/27/2025,
255,47.3,gf,0.755,mm,OK,--,4:13:18 PM,12/27/2025,
256,47.4,gf,0.760,mm,OK,--,4:13:18 PM,12/27/2025,
257,47.4,gf,0.765,mm,OK,--,4:13:18 PM,12/27/2025,
258,47.4,gf,0.775,mm,OK,--,4:13:18 PM,12/27/2025,
259,47.5,gf,0.785,mm,OK,--,4:13:18 PM,12/27/2025,
260,47.5,gf,0.800,mm,OK,--,4:13:19 PM,12/27/2025,
261,47.4,gf,0.820,mm,OK,--,4:13:19 PM,12/27/2025,
262,47.0,gf,0.840,mm,OK,--,4:13:19 PM,12/27/2025,
263,46.5,gf,0.855,mm,OK,--,4:13:19 PM,12/27/2025,
264,46.2,gf,0.870,mm,OK,--,4:13:19 PM,12/27/2025,
265,46.0,gf,0.885,mm,OK,--,4:13:19 PM,12/27/2025,
266,45.8,gf,0.895,mm,OK,--,4:13:19 PM,12/27/2025,
267,45.8,gf,0.900,mm,OK,--,4:13:19 PM,12/27/2025,
268,45.7,gf,0.910,mm,OK,--,4:13:19 PM,12/27/2025,
269,45.7,gf,0.915,mm,OK,--,4:13:19 PM,12/27/2025,
270,45.8,gf,0.925,mm,OK,--,4:13:20 PM,12/27/2025,
271,45.9,gf,0.935,mm,OK,--,4:13:20 PM,12/27/2025,
272,45.8,gf,0.945,mm,OK,--,4:13:20 PM,12/27/2025,
273,45.6,gf,0.955,mm,OK,--,4:13:20 PM,12/27/2025,
274,45.5,gf,0.960,mm,OK,--,4:13:20 PM,12/27/2025,
275,45.5,gf,0.970,mm,OK,--,4:13:20 PM,12/27/2025,
276,45.6,gf,0.975,mm,OK,--,4:13:20 PM,12/27/2025,
277,45.6,gf,0.985,mm,OK,--,4:13:20 PM,12/27/2025,
278,45.1,gf,0.995,mm,OK,--,4:13:20 PM,12/27/2025,
279,45.1,gf,1.000,mm,OK,--,4:13:20 PM,12/27/2025,
280,45.4,gf,1.005,mm,OK,--,4:13:21 PM,12/27/2025,
281,45.1,gf,1.010,mm,OK,--,4:13:21 PM,12/27/2025,
282,45.3,gf,1.020,mm,OK,--,4:13:21 PM,12/27/2025,
283,45.0,gf,1.035,mm,OK,--,4:13:21 PM,12/27/2025,
284,44.8,gf,1.045,mm,OK,--,4:13:21 PM,12/27/2025,
285,44.6,gf,1.055,mm,OK,--,4:13:21 PM,12/27/2025,
286,44.6,gf,1.065,mm,OK,--,4:13:21 PM,12/27/2025,
287,44.6,gf,1.070,mm,OK,--,4:13:21 PM,12/27/2025,
288,44.5,gf,1.075,mm,OK,--,4:13:21 PM,12/27/2025,
289,44.7,gf,1.085,mm,OK,--,4:13:21 PM,12/27/2025,
290,44.5,gf,1.090,mm,OK,--,4:13:22 PM,12/27/2025,
291,44.5,gf,1.095,mm,OK,--,4:13:22 PM,12/27/2025,
292,44.4,gf,1.100,mm,OK,--,4:13:22 PM,12/27/2025,
293,44.4,gf,1.105,mm,OK,--,4:13:22 PM,12/27/2025,
294,44.6,gf,1.110,mm,OK,--,4:13:22 PM,12/27/2025,
295,44.7,gf,1.115,mm,OK,--,4:13:22 PM,12/27/2025,
296,44.4,gf,1.120,mm,OK,--,4:13:22 PM,12/27/2025,
297,44.2,gf,1.125,mm,OK,--,4:13:22 PM,12/27/2025,
298,44.1,gf,1.125,mm,OK,--,4:13:22 PM,12/27/2025,
299,44.2,gf,1.130,mm,OK,--,4:13:22 PM,12/27/2025,
300,44.3,gf,1.135,mm,OK,--,4:13:23 PM,12/27/2025,
301,44.4,gf,1.140,mm,OK,--,4:13:23 PM,12/27/2025,
302,43.9,gf,1.140,mm,OK,--,4:13:23 PM,12/27/2025,
303,44.1,gf,1.145,mm,OK,--,4:13:23 PM,12/27/2025,
304,44.1,gf,1.145,mm,OK,--,4:13:23 PM,12/27/2025,
305,44.1,gf,1.150,mm,OK,--,4:13:23 PM,12/27/2025,
306,43.9,gf,1.155,mm,OK,--,4:13:23 PM,12/27/2025,
307,43.9,gf,1.155,mm,OK,--,4:13:23 PM,12/27/2025,
308,44.2,gf,1.160,mm,OK,--,4:13:23 PM,12/27/2025,
309,43.8,gf,1.165,mm,OK,--,4:13:23 PM,12/27/2025,
310,43.7,gf,1.165,mm,OK,--,4:13:24 PM,12/27/2025,
311,43.8,gf,1.170,mm,OK,--,4:13:24 PM,12/27/2025,
312,43.8,gf,1.170,mm,OK,--,4:13:24 PM,12/27/2025,
313,43.7,gf,1.175,mm,OK,--,4:13:24 PM,12/27/2025,
314,43.7,gf,1.175,mm,OK,--,4:13:24 PM,12/27/2025,
315,43.7,gf,1.180,mm,OK,--,4:13:24 PM,12/27/2025,
316,43.7,gf,1.180,mm,OK,--,4:13:24 PM,12/27/2025,
317,43.7,gf,1.185,mm,OK,--,4:13:24 PM,12/27/2025,
318,43.6,gf,1.185,mm,OK,--,4:13:24 PM,12/27/2025,
319,43.7,gf,1.185,mm,OK,--,4:13:24 PM,12/27/2025,
320,43.7,gf,1.190,mm,OK,--,4:13:25 PM,12/27/2025,
321,43.6,gf,1.190,mm,OK,--,4:13:25 PM,12/27/2025,
322,43.7,gf,1.190,mm,OK,--,4:13:25 PM,12/27/2025,
323,43.8,gf,1.195,mm,OK,--,4:13:25 PM,12/27/2025,
324,43.5,gf,1.195,mm,OK,--,4:13:25 PM,12/27/2025,
325,43.6,gf,1.195,mm,OK,--,4:13:25 PM,12/27/2025,
326,43.5,gf,1.195,mm,OK,--,4:13:25 PM,12/27/2025,
327,43.4,gf,1.200,mm,OK,--,4:13:25 PM,12/27/2025,
328,43.6,gf,1.200,mm,OK,--,4:13:25 PM,12/27/2025,
329,43.4,gf,1.200,mm,OK,--,4:13:25 PM,12/27/2025,
330,43.5,gf,1.200,mm,OK,--,4:13:26 PM,12/27/2025,
331,43.5,gf,1.200,mm,OK,--,4:13:26 PM,12/27/2025,
332,43.6,gf,1.205,mm,OK,--,4:13:26 PM,12/27/2025,
333,43.8,gf,1.205,mm,OK,--,4:13:26 PM,12/27/2025,
334,43.9,gf,1.205,mm,OK,--,4:13:26 PM,12/27/2025,
335,43.9,gf,1.210,mm,OK,--,4:13:26 PM,12/27/2025,
336,43.7,gf,1.210,mm,OK,--,4:13:26 PM,12/27/2025,
337,43.5,gf,1.210,mm,OK,--,4:13:26 PM,12/27/2025,
338,43.3,gf,1.215,mm,OK,--,4:13:26 PM,12/27/2025,
339,43.2,gf,1.215,mm,OK,--,4:13:26 PM,12/27/2025,
340,43.3,gf,1.215,mm,OK,--,4:13:27 PM,12/27/2025,
341,43.3,gf,1.215,mm,OK,--,4:13:27 PM,12/27/2025,
342,43.3,gf,1.215,mm,OK,--,4:13:27 PM,12/27/2025,
343,43.3,gf,1.215,mm,OK,--,4:13:27 PM,12/27/2025,
344,43.4,gf,1.220,mm,OK,--,4:13:27 PM,12/27/2025,
345,43.5,gf,1.220,mm,OK,--,4:13:27 PM,12/27/2025,
346,43.5,gf,1.220,mm,OK,--,4:13:27 PM,12/27/2025,
347,43.4,gf,1.225,mm,OK,--,4:13:27 PM,12/27/2025,
348,43.4,gf,1.225,mm,OK,--,4:13:27 PM,12/27/2025,
349,43.4,gf,1.225,mm,OK,--,4:13:27 PM,12/27/2025,
350,43.3,gf,1.225,mm,OK,--,4:13:28 PM,12/27/2025,
351,43.2,gf,1.230,mm,OK,--,4:13:28 PM,12/27/2025,
352,43.1,gf,1.230,mm,OK,--,4:13:28 PM,12/27/2025,
353,43.1,gf,1.230,mm,OK,--,4:13:28 PM,12/27/2025,
354,43.4,gf,1.230,mm,OK,--,4:13:28 PM,12/27/2025,
355,43.6,gf,1.235,mm,OK,--,4:13:28 PM,12/27/2025,
356,43.6,gf,1.235,mm,OK,--,4:13:28 PM,12/27/2025,
357,43.4,gf,1.240,mm,OK,--,4:13:28 PM,12/27/2025,
358,43.5,gf,1.245,mm,OK,--,4:13:28 PM,12/27/2025,
359,43.4,gf,1.245,mm,OK,--,4:13:28 PM,12/27/2025,
360,43.1,gf,1.245,mm,OK,--,4:13:29 PM,12/27/2025,
361,43.3,gf,1.250,mm,OK,--,4:13:29 PM,12/27/2025,
362,43.4,gf,1.255,mm,OK,--,4:13:29 PM,12/27/2025,
363,43.4,gf,1.255,mm,OK,--,4:13:29 PM,12/27/2025,
364,43.4,gf,1.265,mm,OK,--,4:13:29 PM,12/27/2025,
365,43.4,gf,1.270,mm,OK,--,4:13:29 PM,12/27/2025,
366,43.2,gf,1.275,mm,OK,--,4:13:29 PM,12/27/2025,
367,43.0,gf,1.280,mm,OK,--,4:13:29 PM,12/27/2025,
368,43.2,gf,1.285,mm,OK,--,4:13:29 PM,12/27/2025,
369,43.1,gf,1.290,mm,OK,--,4:13:29 PM,12/27/2025,
370,42.9,gf,1.300,mm,OK,--,4:13:30 PM,12/27/2025,
371,42.8,gf,1.305,mm,OK,--,4:13:30 PM,12/27/2025,
372,42.6,gf,1.315,mm,OK,--,4:13:30 PM,12/27/2025,
373,42.6,gf,1.320,mm,OK,--,4:13:30 PM,12/27/2025,
374,42.5,gf,1.325,mm,OK,--,4:13:30 PM,12/27/2025,
375,42.4,gf,1.330,mm,OK,--,4:13:30 PM,12/27/2025,
376,42.4,gf,1.340,mm,OK,--,4:13:30 PM,12/27/2025,
377,42.3,gf,1.345,mm,OK,--,4:13:30 PM,12/27/2025,
378,42.2,gf,1.350,mm,OK,--,4:13:30 PM,12/27/2025,
379,42.0,gf,1.355,mm,OK,--,4:13:30 PM,12/27/2025,
380,42.1,gf,1.360,mm,OK,--,4:13:31 PM,12/27/2025,
381,42.2,gf,1.365,mm,OK,--,4:13:31 PM,12/27/2025,
382,42.2,gf,1.380,mm,OK,--,4:13:31 PM,12/27/2025,
383,42.0,gf,1.390,mm,OK,--,4:13:31 PM,12/27/2025,
384,41.7,gf,1.405,mm,OK,--,4:13:31 PM,12/27/2025,
385,41.5,gf,1.410,mm,OK,--,4:13:31 PM,12/27/2025,
386,41.2,gf,1.415,mm,OK,--,4:13:31 PM,12/27/2025,
387,41.1,gf,1.415,mm,OK,--,4:13:31 PM,12/27/2025,
388,41.2,gf,1.420,mm,OK,--,4:13:31 PM,12/27/2025,
389,41.3,gf,1.420,mm,OK,--,4:13:31 PM,12/27/2025,
390,41.4,gf,1.425,mm,OK,--,4:13:32 PM,12/27/2025,
391,41.2,gf,1.430,mm,OK,--,4:13:32 PM,12/27/2025,
392,41.0,gf,1.430,mm,OK,--,4:13:32 PM,12/27/2025,
393,41.1,gf,1.430,mm,OK,--,4:13:32 PM,12/27/2025,
394,41.3,gf,1.435,mm,OK,--,4:13:32 PM,12/27/2025,
395,41.3,gf,1.435,mm,OK,--,4:13:32 PM,12/27/2025,
396,41.2,gf,1.440,mm,OK,--,4:13:32 PM,12/27/2025,
397,41.3,gf,1.440,mm,OK,--,4:13:32 PM,12/27/2025,
398,41.4,gf,1.445,mm,OK,--,4:13:32 PM,12/27/2025,
399,41.1,gf,1.445,mm,OK,--,4:13:32 PM,12/27/2025,
400,40.7,gf,1.450,mm,OK,--,4:13:33 PM,12/27/2025,
401,40.8,gf,1.450,mm,OK,--,4:13:33 PM,12/27/2025,
402,40.8,gf,1.450,mm,OK,--,4:13:33 PM,12/27/2025,
403,40.7,gf,1.450,mm,OK,--,4:13:33 PM,12/27/2025,
404,40.7,gf,1.450,mm,OK,--,4:13:33 PM,12/27/2025,
405,40.8,gf,1.455,mm,OK,--,4:13:33 PM,12/27/2025,
406,40.7,gf,1.455,mm,OK,--,4:13:33 PM,12/27/2025,
407,40.9,gf,1.455,mm,OK,--,4:13:33 PM,12/27/2025,
408,40.4,gf,1.455,mm,OK,--,4:13:33 PM,12/27/2025,
409,40.6,gf,1.455,mm,OK,--,4:13:33 PM,12/27/2025,
410,40.6,gf,1.455,mm,OK,--,4:13:34 PM,12/27/2025,
411,40.5,gf,1.455,mm,OK,--,4:13:34 PM,12/27/2025,
412,40.5,gf,1.455,mm,OK,--,4:13:34 PM,12/27/2025,
413,40.6,gf,1.455,mm,OK,--,4:13:34 PM,12/27/2025,
414,40.7,gf,1.455,mm,OK,--,4:13:34 PM,12/27/2025,
415,40.9,gf,1.455,mm,OK,--,4:13:34 PM,12/27/2025,
416,40.8,gf,1.460,mm,OK,--,4:13:34 PM,12/27/2025,
417,40.9,gf,1.460,mm,OK,--,4:13:34 PM,12/27/2025,
418,41.1,gf,1.460,mm,OK,--,4:13:34 PM,12/27/2025,
419,41.1,gf,1.460,mm,OK,--,4:13:34 PM,12/27/2025,
420,41.3,gf,1.460,mm,OK,--,4:13:35 PM,12/27/2025,
421,41.3,gf,1.465,mm,OK,--,4:13:35 PM,12/27/2025,
422,41.1,gf,1.465,mm,OK,--,4:13:35 PM,12/27/2025,
423,40.9,gf,1.465,mm,OK,--,4:13:35 PM,12/27/2025,
424,41.1,gf,1.470,mm,OK,--,4:13:35 PM,12/27/2025,
425,41.3,gf,1.475,mm,OK,--,4:13:35 PM,12/27/2025,
426,40.8,gf,1.475,mm,OK,--,4:13:35 PM,12/27/2025,
427,40.7,gf,1.475,mm,OK,--,4:13:35 PM,12/27/2025,
428,40.9,gf,1.480,mm,OK,--,4:13:35 PM,12/27/2025,
429,41.2,gf,1.480,mm,OK,--,4:13:35 PM,12/27/2025,
430,40.9,gf,1.485,mm,OK,--,4:13:36 PM,12/27/2025,
431,40.5,gf,1.485,mm,OK,--,4:13:36 PM,12/27/2025,
432,40.7,gf,1.490,mm,OK,--,4:13:36 PM,12/27/2025,
433,40.8,gf,1.490,mm,OK,--,4:13:36 PM,12/27/2025,
434,40.7,gf,1.490,mm,OK,--,4:13:36 PM,12/27/2025,
435,40.6,gf,1.490,mm,OK,--,4:13:36 PM,12/27/2025,
436,40.6,gf,1.495,mm,OK,--,4:13:36 PM,12/27/2025,
437,40.6,gf,1.495,mm,OK,--,4:13:36 PM,12/27/2025,
438,40.8,gf,1.495,mm,OK,--,4:13:36 PM,12/27/2025,
439,41.0,gf,1.495,mm,OK,--,4:13:36 PM,12/27/2025,
440,41.0,gf,1.500,mm,OK,--,4:13:37 PM,12/27/2025,
441,41.0,gf,1.500,mm,OK,--,4:13:37 PM,12/27/2025,
442,41.0,gf,1.505,mm,OK,--,4:13:37 PM,12/27/2025,
443,41.0,gf,1.510,mm,OK,--,4:13:37 PM,12/27/2025,
444,40.7,gf,1.510,mm,OK,--,4:13:37 PM,12/27/2025,
445,40.7,gf,1.515,mm,OK,--,4:13:37 PM,12/27/2025,
446,40.5,gf,1.515,mm,OK,--,4:13:37 PM,12/27/2025,
447,40.6,gf,1.520,mm,OK,--,4:13:37 PM,12/27/2025,
448,40.7,gf,1.520,mm,OK,--,4:13:37 PM,12/27/2025,
449,40.8,gf,1.525,mm,OK,--,4:13:37 PM,12/27/2025,
450,40.9,gf,1.525,mm,OK,--,4:13:38 PM,12/27/2025,
451,40.8,gf,1.530,mm,OK,--,4:13:38 PM,12/27/2025,
452,40.8,gf,1.535,mm,OK,--,4:13:38 PM,12/27/2025,
453,40.6,gf,1.540,mm,OK,--,4:13:38 PM,12/27/2025,
454,40.6,gf,1.550,mm,OK,--,4:13:38 PM,12/27/2025,
455,40.5,gf,1.550,mm,OK,--,4:13:38 PM,12/27/2025,
456,40.4,gf,1.555,mm,OK,--,4:13:38 PM,12/27/2025,
457,40.6,gf,1.565,mm,OK,--,4:13:38 PM,12/27/2025,
458,40.6,gf,1.570,mm,OK,--,4:13:38 PM,12/27/2025,
459,40.7,gf,1.575,mm,OK,--,4:13:38 PM,12/27/2025,
460,40.6,gf,1.585,mm,OK,--,4:13:39 PM,12/27/2025,
461,40.3,gf,1.590,mm,OK,--,4:13:39 PM,12/27/2025,
462,40.2,gf,1.595,mm,OK,--,4:13:39 PM,12/27/2025,
463,40.3,gf,1.600,mm,OK,--,4:13:39 PM,12/27/2025,
464,40.2,gf,1.605,mm,OK,--,4:13:39 PM,12/27/2025,
465,40.1,gf,1.610,mm,OK,--,4:13:39 PM,12/27/2025,
466,40.1,gf,1.615,mm,OK,--,4:13:39 PM,12/27/2025,
467,40.2,gf,1.625,mm,OK,--,4:13:39 PM,12/27/2025,
468,40.2,gf,1.635,mm,OK,--,4:13:39 PM,12/27/2025,
469,40.1,gf,1.640,mm,OK,--,4:13:39 PM,12/27/2025,
470,40.0,gf,1.645,mm,OK,--,4:13:40 PM,12/27/2025,
471,40.0,gf,1.655,mm,OK,--,4:13:40 PM,12/27/2025,
472,40.0,gf,1.660,mm,OK,--,4:13:40 PM,12/27/2025,
473,40.1,gf,1.665,mm,OK,--,4:13:40 PM,12/27/2025,
474,40.0,gf,1.675,mm,OK,--,4:13:40 PM,12/27/2025,
475,39.8,gf,1.685,mm,OK,--,4:13:40 PM,12/27/2025,
476,39.7,gf,1.695,mm,OK,--,4:13:40 PM,12/27/2025,
477,39.6,gf,1.705,mm,OK,--,4:13:40 PM,12/27/2025,
478,39.3,gf,1.710,mm,OK,--,4:13:40 PM,12/27/2025,
479,39.3,gf,1.715,mm,OK,--,4:13:40 PM,12/27/2025,
480,39.2,gf,1.720,mm,OK,--,4:13:41 PM,12/27/2025,
481,39.0,gf,1.725,mm,OK,--,4:13:41 PM,12/27/2025,
482,38.8,gf,1.730,mm,OK,--,4:13:41 PM,12/27/2025,
483,38.9,gf,1.735,mm,OK,--,4:13:41 PM,12/27/2025,
484,39.0,gf,1.740,mm,OK,--,4:13:41 PM,12/27/2025,
485,39.0,gf,1.750,mm,OK,--,4:13:41 PM,12/27/2025,
486,38.9,gf,1.760,mm,OK,--,4:13:41 PM,12/27/2025,
487,38.6,gf,1.765,mm,OK,--,4:13:41 PM,12/27/2025,
488,38.7,gf,1.770,mm,OK,--,4:13:41 PM,12/27/2025,
489,38.6,gf,1.775,mm,OK,--,4:13:41 PM,12/27/2025,
490,38.6,gf,1.780,mm,OK,--,4:13:42 PM,12/27/2025,
491,38.4,gf,1.785,mm,OK,--,4:13:42 PM,12/27/2025,
492,37.6,gf,1.785,mm,OK,--,4:13:42 PM,12/27/2025,
493,37.9,gf,1.785,mm,OK,--,4:13:42 PM,12/27/2025,
494,38.5,gf,1.790,mm,OK,--,4:13:42 PM,12/27/2025,
495,38.8,gf,1.795,mm,OK,--,4:13:42 PM,12/27/2025,
496,38.4,gf,1.800,mm,OK,--,4:13:42 PM,12/27/2025,
497,38.5,gf,1.805,mm,OK,--,4:13:42 PM,12/27/2025,
498,38.4,gf,1.810,mm,OK,--,4:13:42 PM,12/27/2025,
499,38.2,gf,1.815,mm,OK,--,4:13:42 PM,12/27/2025,
500,38.1,gf,1.825,mm,OK,--,4:13:43 PM,12/27/2025,
501,38.2,gf,1.830,mm,OK,--,4:13:43 PM,12/27/2025,
502,37.9,gf,1.835,mm,OK,--,4:13:43 PM,12/27/2025,
503,38.3,gf,1.840,mm,OK,--,4:13:43 PM,12/27/2025,
504,38.4,gf,1.855,mm,OK,--,4:13:43 PM,12/27/2025,
505,37.9,gf,1.865,mm,OK,--,4:13:43 PM,12/27/2025,
506,37.6,gf,1.865,mm,OK,--,4:13:43 PM,12/27/2025,
507,37.7,gf,1.870,mm,OK,--,4:13:43 PM,12/27/2025,
508,37.7,gf,1.870,mm,OK,--,4:13:43 PM,12/27/2025,
509,37.8,gf,1.875,mm,OK,--,4:13:43 PM,12/27/2025,
510,37.7,gf,1.880,mm,OK,--,4:13:44 PM,12/27/2025,
511,37.7,gf,1.880,mm,OK,--,4:13:44 PM,12/27/2025,
512,37.5,gf,1.885,mm,OK,--,4:13:44 PM,12/27/2025,
513,37.6,gf,1.885,mm,OK,--,4:13:44 PM,12/27/2025,
514,37.8,gf,1.890,mm,OK,--,4:13:44 PM,12/27/2025,
515,38.0,gf,1.895,mm,OK,--,4:13:44 PM,12/27/2025,
516,37.9,gf,1.900,mm,OK,--,4:13:44 PM,12/27/2025,
517,37.8,gf,1.905,mm,OK,--,4:13:44 PM,12/27/2025,
518,37.6,gf,1.910,mm,OK,--,4:13:44 PM,12/27/2025,
519,37.5,gf,1.915,mm,OK,--,4:13:44 PM,12/27/2025,
520,37.5,gf,1.920,mm,OK,--,4:13:45 PM,12/27/2025,
521,37.7,gf,1.925,mm,OK,--,4:13:45 PM,12/27/2025,
522,37.6,gf,1.930,mm,OK,--,4:13:45 PM,12/27/2025,
523,37.7,gf,1.935,mm,OK,--,4:13:45 PM,12/27/2025,
524,37.7,gf,1.940,mm,OK,--,4:13:45 PM,12/27/2025,
525,37.8,gf,1.945,mm,OK,--,4:13:45 PM,12/27/2025,
526,37.5,gf,1.950,mm,OK,--,4:13:45 PM,12/27/2025,
527,37.1,gf,1.950,mm,OK,--,4:13:45 PM,12/27/2025,
528,37.0,gf,1.950,mm,OK,--,4:13:45 PM,12/27/2025,
529,36.9,gf,1.950,mm,OK,--,4:13:45 PM,12/27/2025,
530,36.9,gf,1.955,mm,OK,--,4:13:46 PM,12/27/2025,
531,36.9,gf,1.955,mm,OK,--,4:13:46 PM,12/27/2025,
532,36.8,gf,1.955,mm,OK,--,4:13:46 PM,12/27/2025,
533,36.8,gf,1.955,mm,OK,--,4:13:46 PM,12/27/2025,
534,36.9,gf,1.955,mm,OK,--,4:13:46 PM,12/27/2025,
535,36.9,gf,1.955,mm,OK,--,4:13:46 PM,12/27/2025,
536,37.4,gf,1.960,mm,OK,--,4:13:46 PM,12/27/2025,
537,37.7,gf,1.965,mm,OK,--,4:13:46 PM,12/27/2025,
538,37.4,gf,1.965,mm,OK,--,4:13:46 PM,12/27/2025,
539,37.4,gf,1.970,mm,OK,--,4:13:46 PM,12/27/2025,
540,37.2,gf,1.975,mm,OK,--,4:13:47 PM,12/27/2025,
541,37.1,gf,1.975,mm,OK,--,4:13:47 PM,12/27/2025,
542,37.2,gf,1.980,mm,OK,--,4:13:47 PM,12/27/2025,
543,37.2,gf,1.985,mm,OK,--,4:13:47 PM,12/27/2025,
544,37.1,gf,1.985,mm,OK,--,4:13:47 PM,12/27/2025,
545,37.3,gf,1.990,mm,OK,--,4:13:47 PM,12/27/2025,
546,37.3,gf,1.995,mm,OK,--,4:13:47 PM,12/27/2025,
547,37.3,gf,2.000,mm,OK,--,4:13:47 PM,12/27/2025,
548,37.0,gf,2.010,mm,OK,--,4:13:47 PM,12/27/2025,
549,36.9,gf,2.015,mm,OK,--,4:13:47 PM,12/27/2025,
550,36.8,gf,2.025,mm,OK,--,4:13:48 PM,12/27/2025,
551,36.7,gf,2.030,mm,OK,--,4:13:48 PM,12/27/2025,
552,36.9,gf,2.035,mm,OK,--,4:13:48 PM,12/27/2025,
553,36.9,gf,2.040,mm,OK,--,4:13:48 PM,12/27/2025,
554,36.7,gf,2.045,mm,OK,--,4:13:48 PM,12/27/2025,
555,36.8,gf,2.045,mm,OK,--,4:13:48 PM,12/27/2025,
556,36.7,gf,2.050,mm,OK,--,4:13:48 PM,12/27/2025,
557,36.7,gf,2.055,mm,OK,--,4:13:48 PM,12/27/2025,
558,36.7,gf,2.055,mm,OK,--,4:13:48 PM,12/27/2025,
559,36.7,gf,2.060,mm,OK,--,4:13:48 PM,12/27/2025,
560,36.7,gf,2.065,mm,OK,--,4:13:49 PM,12/27/2025,
561,36.8,gf,2.065,mm,OK,--,4:13:49 PM,12/27/2025,
562,36.7,gf,2.070,mm,OK,--,4:13:49 PM,12/27/2025,
563,36.8,gf,2.075,mm,OK,--,4:13:49 PM,12/27/2025,
564,36.7,gf,2.075,mm,OK,--,4:13:49 PM,12/27/2025,
565,36.7,gf,2.080,mm,OK,--,4:13:49 PM,12/27/2025,
566,36.6,gf,2.085,mm,OK,--,4:13:49 PM,12/27/2025,
567,36.7,gf,2.085,mm,OK,--,4:13:49 PM,12/27/2025,
568,36.8,gf,2.090,mm,OK,--,4:13:49 PM,12/27/2025,
569,36.9,gf,2.095,mm,OK,--,4:13:49 PM,12/27/2025,
570,37.1,gf,2.100,mm,OK,--,4:13:50 PM,12/27/2025,
571,37.1,gf,2.100,mm,OK,--,4:13:50 PM,12/27/2025,
572,37.1,gf,2.105,mm,OK,--,4:13:50 PM,12/27/2025,
573,37.0,gf,2.110,mm,OK,--,4:13:50 PM,12/27/2025,
574,36.9,gf,2.115,mm,OK,--,4:13:50 PM,12/27/2025,
575,36.9,gf,2.120,mm,OK,--,4:13:50 PM,12/27/2025,
576,36.9,gf,2.120,mm,OK,--,4:13:50 PM,12/27/2025,
577,37.0,gf,2.125,mm,OK,--,4:13:50 PM,12/27/2025,
578,37.0,gf,2.130,mm,OK,--,4:13:50 PM,12/27/2025,
579,36.9,gf,2.135,mm,OK,--,4:13:50 PM,12/27/2025,
580,36.9,gf,2.140,mm,OK,--,4:13:51 PM,12/27/2025,
581,36.9,gf,2.140,mm,OK,--,4:13:51 PM,12/27/2025,
582,37.1,gf,2.145,mm,OK,--,4:13:51 PM,12/27/2025,
583,37.1,gf,2.150,mm,OK,--,4:13:51 PM,12/27/2025,
584,37.0,gf,2.155,mm,OK,--,4:13:51 PM,12/27/2025,
585,37.0,gf,2.155,mm,OK,--,4:13:51 PM,12/27/2025,
586,37.2,gf,2.160,mm,OK,--,4:13:51 PM,12/27/2025,
587,37.2,gf,2.165,mm,OK,--,4:13:51 PM,12/27/2025,
588,37.2,gf,2.170,mm,OK,--,4:13:51 PM,12/27/2025,
589,37.0,gf,2.175,mm,OK,--,4:13:51 PM,12/27/2025,
590,37.0,gf,2.175,mm,OK,--,4:13:52 PM,12/27/2025,
591,37.1,gf,2.180,mm,OK,--,4:13:52 PM,12/27/2025,
592,37.0,gf,2.185,mm,OK,--,4:13:52 PM,12/27/2025,
593,37.0,gf,2.185,mm,OK,--,4:13:52 PM,12/27/2025,
594,37.0,gf,2.190,mm,OK,--,4:13:52 PM,12/27/2025,
595,37.2,gf,2.195,mm,OK,--,4:13:52 PM,12/27/2025,
596,37.3,gf,2.200,mm,OK,--,4:13:52 PM,12/27/2025,
597,37.3,gf,2.200,mm,OK,--,4:13:52 PM,12/27/2025,
598,37.3,gf,2.205,mm,OK,--,4:13:52 PM,12/27/2025,
599,37.2,gf,2.210,mm,OK,--,4:13:52 PM,12/27/2025,
600,37.2,gf,2.210,mm,OK,--,4:13:53 PM,12/27/2025,
601,37.4,gf,2.210,mm,OK,--,4:13:53 PM,12/27/2025,
602,37.5,gf,2.215,mm,OK,--,4:13:53 PM,12/27/2025,
603,37.5,gf,2.220,mm,OK,--,4:13:53 PM,12/27/2025,
604,37.4,gf,2.220,mm,OK,--,4:13:53 PM,12/27/2025,
605,37.3,gf,2.225,mm,OK,--,4:13:53 PM,12/27/2025,
606,37.4,gf,2.225,mm,OK,--,4:13:53 PM,12/27/2025,
607,37.4,gf,2.230,mm,OK,--,4:13:53 PM,12/27/2025,
608,37.5,gf,2.230,mm,OK,--,4:13:53 PM,12/27/2025,
609,37.7,gf,2.235,mm,OK,--,4:13:53 PM,12/27/2025,
610,37.8,gf,2.240,mm,OK,--,4:13:54 PM,12/27/2025,
611,37.7,gf,2.245,mm,OK,--,4:13:54 PM,12/27/2025,
612,37.7,gf,2.245,mm,OK,--,4:13:54 PM,12/27/2025,
613,37.8,gf,2.250,mm,OK,--,4:13:54 PM,12/27/2025,
614,37.8,gf,2.255,mm,OK,--,4:13:54 PM,12/27/2025,
615,37.8,gf,2.260,mm,OK,--,4:13:54 PM,12/27/2025,
616,37.8,gf,2.265,mm,OK,--,4:13:54 PM,12/27/2025,
617,37.9,gf,2.270,mm,OK,--,4:13:54 PM,12/27/2025,
618,37.8,gf,2.275,mm,OK,--,4:13:54 PM,12/27/2025,
619,37.7,gf,2.275,mm,OK,--,4:13:54 PM,12/27/2025,
620,37.7,gf,2.280,mm,OK,--,4:13:55 PM,12/27/2025,
621,37.6,gf,2.280,mm,OK,--,4:13:55 PM,12/27/2025,
622,37.8,gf,2.285,mm,OK,--,4:13:55 PM,12/27/2025,
623,37.9,gf,2.290,mm,OK,--,4:13:55 PM,12/27/2025,
624,38.1,gf,2.290,mm,OK,--,4:13:55 PM,12/27/2025,
625,38.2,gf,2.295,mm,OK,--,4:13:55 PM,12/27/2025,
626,38.4,gf,2.300,mm,OK,--,4:13:55 PM,12/27/2025,
627,38.5,gf,2.305,mm,OK,--,4:13:55 PM,12/27/2025,
628,38.6,gf,2.310,mm,OK,--,4:13:55 PM,12/27/2025,
629,38.7,gf,2.310,mm,OK,--,4:13:55 PM,12/27/2025,
630,38.8,gf,2.315,mm,OK,--,4:13:56 PM,12/27/2025,
631,39.0,gf,2.325,mm,OK,--,4:13:56 PM,12/27/2025,
632,38.7,gf,2.330,mm,OK,--,4:13:56 PM,12/27/2025,
633,38.4,gf,2.335,mm,OK,--,4:13:56 PM,12/27/2025,
634,38.4,gf,2.335,mm,OK,--,4:13:56 PM,12/27/2025,
635,38.5,gf,2.340,mm,OK,--,4:13:56 PM,12/27/2025,
636,38.7,gf,2.340,mm,OK,--,4:13:56 PM,12/27/2025,
637,38.7,gf,2.345,mm,OK,--,4:13:56 PM,12/27/2025,
638,38.5,gf,2.345,mm,OK,--,4:13:56 PM,12/27/2025,
639,38.5,gf,2.350,mm,OK,--,4:13:56 PM,12/27/2025,
640,38.4,gf,2.350,mm,OK,--,4:13:57 PM,12/27/2025,
641,38.4,gf,2.355,mm,OK,--,4:13:57 PM,12/27/2025,
642,38.4,gf,2.355,mm,OK,--,4:13:57 PM,12/27/2025,
643,38.6,gf,2.360,mm,OK,--,4:13:57 PM,12/27/2025,
644,38.7,gf,2.360,mm,OK,--,4:13:57 PM,12/27/2025,
645,38.6,gf,2.365,mm,OK,--,4:13:57 PM,12/27/2025,
646,38.6,gf,2.365,mm,OK,--,4:13:57 PM,12/27/2025,
647,38.6,gf,2.370,mm,OK,--,4:13:57 PM,12/27/2025,
648,38.5,gf,2.370,mm,OK,--,4:13:57 PM,12/27/2025,
649,38.5,gf,2.370,mm,OK,--,4:13:57 PM,12/27/2025,
650,38.6,gf,2.375,mm,OK,--,4:13:58 PM,12/27/2025,
651,38.6,gf,2.375,mm,OK,--,4:13:58 PM,12/27/2025,
652,38.6,gf,2.380,mm,OK,--,4:13:58 PM,12/27/2025,
653,38.5,gf,2.380,mm,OK,--,4:13:58 PM,12/27/2025,
654,38.5,gf,2.380,mm,OK,--,4:13:58 PM,12/27/2025,
655,38.5,gf,2.385,mm,OK,--,4:13:58 PM,12/27/2025,
656,38.5,gf,2.385,mm,OK,--,4:13:58 PM,12/27/2025,
657,38.5,gf,2.385,mm,OK,--,4:13:58 PM,12/27/2025,
658,38.4,gf,2.385,mm,OK,--,4:13:58 PM,12/27/2025,
659,38.3,gf,2.390,mm,OK,--,4:13:58 PM,12/27/2025,
660,38.4,gf,2.390,mm,OK,--,4:13:59 PM,12/27/2025,
661,38.6,gf,2.390,mm,OK,--,4:13:59 PM,12/27/2025,
662,38.8,gf,2.395,mm,OK,--,4:13:59 PM,12/27/2025,
663,38.9,gf,2.395,mm,OK,--,4:13:59 PM,12/27/2025,
664,38.9,gf,2.400,mm,OK,--,4:13:59 PM,12/27/2025,
665,38.8,gf,2.400,mm,OK,--,4:13:59 PM,12/27/2025,
666,38.8,gf,2.405,mm,OK,--,4:13:59 PM,12/27/2025,
667,38.9,gf,2.405,mm,OK,--,4:13:59 PM,12/27/2025,
668,38.9,gf,2.405,mm,OK,--,4:13:59 PM,12/27/2025,
669,39.0,gf,2.410,mm,OK,--,4:13:59 PM,12/27/2025,
670,39.0,gf,2.410,mm,OK,--,4:14:00 PM,12/27/2025,
671,39.0,gf,2.415,mm,OK,--,4:14:00 PM,12/27/2025,
672,39.1,gf,2.415,mm,OK,--,4:14:00 PM,12/27/2025,
673,39.2,gf,2.420,mm,OK,--,4:14:00 PM,12/27/2025,
674,39.3,gf,2.425,mm,OK,--,4:14:00 PM,12/27/2025,
675,39.2,gf,2.425,mm,OK,--,4:14:00 PM,12/27/2025,
676,39.1,gf,2.430,mm,OK,--,4:14:00 PM,12/27/2025,
677,39.2,gf,2.435,mm,OK,--,4:14:00 PM,12/27/2025,
678,39.2,gf,2.435,mm,OK,--,4:14:00 PM,12/27/2025,
679,39.2,gf,2.440,mm,OK,--,4:14:00 PM,12/27/2025,
680,39.2,gf,2.445,mm,OK,--,4:14:01 PM,12/27/2025,
681,39.2,gf,2.450,mm,OK,--,4:14:01 PM,12/27/2025,
682,39.2,gf,2.450,mm,OK,--,4:14:01 PM,12/27/2025,
683,39.3,gf,2.455,mm,OK,--,4:14:01 PM,12/27/2025,
684,39.3,gf,2.460,mm,OK,--,4:14:01 PM,12/27/2025,
685,39.4,gf,2.460,mm,OK,--,4:14:01 PM,12/27/2025,
686,39.4,gf,2.465,mm,OK,--,4:14:01 PM,12/27/2025,
687,39.4,gf,2.470,mm,OK,--,4:14:01 PM,12/27/2025,
688,39.4,gf,2.470,mm,OK,--,4:14:01 PM,12/27/2025,
689,39.4,gf,2.475,mm,OK,--,4:14:01 PM,12/27/2025,
690,39.4,gf,2.480,mm,OK,--,4:14:02 PM,12/27/2025,
691,39.4,gf,2.480,mm,OK,--,4:14:02 PM,12/27/2025,
692,39.4,gf,2.485,mm,OK,--,4:14:02 PM,12/27/2025,
693,39.4,gf,2.485,mm,OK,--,4:14:02 PM,12/27/2025,
694,39.4,gf,2.490,mm,OK,--,4:14:02 PM,12/27/2025,
695,39.4,gf,2.495,mm,OK,--,4:14:02 PM,12/27/2025,
696,39.3,gf,2.495,mm,OK,--,4:14:02 PM,12/27/2025,
697,39.4,gf,2.500,mm,OK,--,4:14:02 PM,12/27/2025,
698,39.5,gf,2.500,mm,OK,--,4:14:02 PM,12/27/2025,
699,39.5,gf,2.505,mm,OK,--,4:14:02 PM,12/27/2025,
700,39.4,gf,2.510,mm,OK,--,4:14:03 PM,12/27/2025,
701,39.3,gf,2.510,mm,OK,--,4:14:03 PM,12/27/2025,
702,39.3,gf,2.510,mm,OK,--,4:14:03 PM,12/27/2025,
703,39.4,gf,2.515,mm,OK,--,4:14:03 PM,12/27/2025,
704,39.6,gf,2.520,mm,OK,--,4:14:03 PM,12/27/2025,
705,39.5,gf,2.520,mm,OK,--,4:14:03 PM,12/27/2025,
706,39.5,gf,2.525,mm,OK,--,4:14:03 PM,12/27/2025,
707,39.6,gf,2.525,mm,OK,--,4:14:03 PM,12/27/2025,
708,39.7,gf,2.530,mm,OK,--,4:14:03 PM,12/27/2025,
709,39.7,gf,2.530,mm,OK,--,4:14:03 PM,12/27/2025,
710,39.7,gf,2.535,mm,OK,--,4:14:04 PM,12/27/2025,
711,39.7,gf,2.535,mm,OK,--,4:14:04 PM,12/27/2025,
712,39.7,gf,2.540,mm,OK,--,4:14:04 PM,12/27/2025,
713,39.9,gf,2.540,mm,OK,--,4:14:04 PM,12/27/2025,
714,40.0,gf,2.545,mm,OK,--,4:14:04 PM,12/27/2025,
715,40.0,gf,2.550,mm,OK,--,4:14:04 PM,12/27/2025,
716,39.8,gf,2.555,mm,OK,--,4:14:04 PM,12/27/2025,
717,39.6,gf,2.560,mm,OK,--,4:14:04 PM,12/27/2025,
718,39.8,gf,2.560,mm,OK,--,4:14:04 PM,12/27/2025,
719,39.8,gf,2.565,mm,OK,--,4:14:04 PM,12/27/2025,
720,39.9,gf,2.570,mm,OK,--,4:14:05 PM,12/27/2025,
721,39.9,gf,2.570,mm,OK,--,4:14:05 PM,12/27/2025,
722,39.8,gf,2.575,mm,OK,--,4:14:05 PM,12/27/2025,
723,39.9,gf,2.575,mm,OK,--,4:14:05 PM,12/27/2025,
724,39.9,gf,2.580,mm,OK,--,4:14:05 PM,12/27/2025,
725,39.9,gf,2.580,mm,OK,--,4:14:05 PM,12/27/2025,
726,39.9,gf,2.585,mm,OK,--,4:14:05 PM,12/27/2025,
727,39.8,gf,2.585,mm,OK,--,4:14:05 PM,12/27/2025,
728,39.9,gf,2.590,mm,OK,--,4:14:05 PM,12/27/2025,
729,40.0,gf,2.590,mm,OK,--,4:14:05 PM,12/27/2025,
730,40.1,gf,2.595,mm,OK,--,4:14:06 PM,12/27/2025,
731,40.0,gf,2.600,mm,OK,--,4:14:06 PM,12/27/2025,
732,40.0,gf,2.605,mm,OK,--,4:14:06 PM,12/27/2025,
733,40.0,gf,2.605,mm,OK,--,4:14:06 PM,12/27/2025,
734,40.4,gf,2.610,mm,OK,--,4:14:06 PM,12/27/2025,
735,40.7,gf,2.615,mm,OK,--,4:14:06 PM,12/27/2025,
736,40.9,gf,2.625,mm,OK,--,4:14:06 PM,12/27/2025,
737,41.0,gf,2.625,mm,OK,--,4:14:06 PM,12/27/2025,
738,41.2,gf,2.630,mm,OK,--,4:14:06 PM,12/27/2025,
739,41.4,gf,2.635,mm,OK,--,4:14:06 PM,12/27/2025,
740,41.6,gf,2.640,mm,OK,--,4:14:07 PM,12/27/2025,
741,41.9,gf,2.645,mm,OK,--,4:14:07 PM,12/27/2025,
742,42.1,gf,2.650,mm,OK,--,4:14:07 PM,12/27/2025,
743,42.4,gf,2.655,mm,OK,--,4:14:07 PM,12/27/2025,
744,42.6,gf,2.660,mm,OK,--,4:14:07 PM,12/27/2025,
745,42.8,gf,2.665,mm,OK,--,4:14:07 PM,12/27/2025,
746,43.1,gf,2.675,mm,OK,--,4:14:07 PM,12/27/2025,
747,43.3,gf,2.680,mm,OK,--,4:14:07 PM,12/27/2025,
748,43.5,gf,2.685,mm,OK,--,4:14:07 PM,12/27/2025,
749,43.7,gf,2.690,mm,OK,--,4:14:07 PM,12/27/2025,
750,43.9,gf,2.695,mm,OK,--,4:14:08 PM,12/27/2025,
751,44.0,gf,2.700,mm,OK,--,4:14:08 PM,12/27/2025,
752,44.0,gf,2.705,mm,OK,--,4:14:08 PM,12/27/2025,
753,44.0,gf,2.715,mm,OK,--,4:14:08 PM,12/27/2025,
754,44.1,gf,2.720,mm,OK,--,4:14:08 PM,12/27/2025,
755,44.2,gf,2.725,mm,OK,--,4:14:08 PM,12/27/2025,
756,44.3,gf,2.730,mm,OK,--,4:14:08 PM,12/27/2025,
757,44.3,gf,2.735,mm,OK,--,4:14:08 PM,12/27/2025,
758,44.5,gf,2.740,mm,OK,--,4:14:08 PM,12/27/2025,
759,44.5,gf,2.745,mm,OK,--,4:14:08 PM,12/27/2025,
760,44.6,gf,2.750,mm,OK,--,4:14:09 PM,12/27/2025,
761,44.7,gf,2.750,mm,OK,--,4:14:09 PM,12/27/2025,
762,44.7,gf,2.755,mm,OK,--,4:14:09 PM,12/27/2025,
763,44.8,gf,2.755,mm,OK,--,4:14:09 PM,12/27/2025,
764,44.9,gf,2.760,mm,OK,--,4:14:09 PM,12/27/2025,
765,44.9,gf,2.765,mm,OK,--,4:14:09 PM,12/27/2025,
766,45.0,gf,2.765,mm,OK,--,4:14:09 PM,12/27/2025,
767,45.2,gf,2.770,mm,OK,--,4:14:09 PM,12/27/2025,
768,45.3,gf,2.770,mm,OK,--,4:14:09 PM,12/27/2025,
769,45.4,gf,2.775,mm,OK,--,4:14:09 PM,12/27/2025,
770,45.4,gf,2.780,mm,OK,--,4:14:10 PM,12/27/2025,
771,45.6,gf,2.780,mm,OK,--,4:14:10 PM,12/27/2025,
772,45.6,gf,2.785,mm,OK,--,4:14:10 PM,12/27/2025,
773,45.7,gf,2.785,mm,OK,--,4:14:10 PM,12/27/2025,
774,45.7,gf,2.790,mm,OK,--,4:14:10 PM,12/27/2025,
775,45.9,gf,2.795,mm,OK,--,4:14:10 PM,12/27/2025,
776,45.9,gf,2.795,mm,OK,--,4:14:10 PM,12/27/2025,
777,46.1,gf,2.800,mm,OK,--,4:14:10 PM,12/27/2025,
778,46.0,gf,2.805,mm,OK,--,4:14:10 PM,12/27/2025,
779,46.1,gf,2.810,mm,OK,--,4:14:10 PM,12/27/2025,
780,46.1,gf,2.810,mm,OK,--,4:14:11 PM,12/27/2025,
781,46.2,gf,2.815,mm,OK,--,4:14:11 PM,12/27/2025,
782,46.2,gf,2.820,mm,OK,--,4:14:11 PM,12/27/2025,
783,46.2,gf,2.825,mm,OK,--,4:14:11 PM,12/27/2025,
784,46.2,gf,2.830,mm,OK,--,4:14:11 PM,12/27/2025,
785,46.2,gf,2.835,mm,OK,--,4:14:11 PM,12/27/2025,
786,46.2,gf,2.835,mm,OK,--,4:14:11 PM,12/27/2025,
787,46.3,gf,2.840,mm,OK,--,4:14:11 PM,12/27/2025,
788,46.3,gf,2.845,mm,OK,--,4:14:11 PM,12/27/2025,
789,46.3,gf,2.850,mm,OK,--,4:14:11 PM,12/27/2025,
790,46.3,gf,2.850,mm,OK,--,4:14:12 PM,12/27/2025,
791,46.3,gf,2.855,mm,OK,--,4:14:12 PM,12/27/2025,
792,46.4,gf,2.855,mm,OK,--,4:14:12 PM,12/27/2025,
793,46.4,gf,2.860,mm,OK,--,4:14:12 PM,12/27/2025,
794,46.4,gf,2.860,mm,OK,--,4:14:12 PM,12/27/2025,
795,46.4,gf,2.865,mm,OK,--,4:14:12 PM,12/27/2025,
796,46.4,gf,2.870,mm,OK,--,4:14:12 PM,12/27/2025,
797,46.4,gf,2.870,mm,OK,--,4:14:12 PM,12/27/2025,
798,46.4,gf,2.875,mm,OK,--,4:14:12 PM,12/27/2025,
799,46.4,gf,2.880,mm,OK,--,4:14:12 PM,12/27/2025,
800,46.5,gf,2.885,mm,OK,--,4:14:13 PM,12/27/2025,
801,46.5,gf,2.890,mm,OK,--,4:14:13 PM,12/27/2025,
802,46.5,gf,2.895,mm,OK,--,4:14:13 PM,12/27/2025,
803,46.5,gf,2.900,mm,OK,--,4:14:13 PM,12/27/2025,
804,46.6,gf,2.905,mm,OK,--,4:14:13 PM,12/27/2025,
805,46.6,gf,2.910,mm,OK,--,4:14:13 PM,12/27/2025,
806,46.6,gf,2.915,mm,OK,--,4:14:13 PM,12/27/2025,
807,46.6,gf,2.920,mm,OK,--,4:14:13 PM,12/27/2025,
808,46.6,gf,2.925,mm,OK,--,4:14:13 PM,12/27/2025,
809,46.7,gf,2.930,mm,OK,--,4:14:13 PM,12/27/2025,
810,46.6,gf,2.930,mm,OK,--,4:14:14 PM,12/27/2025,
811,46.7,gf,2.935,mm,OK,--,4:14:14 PM,12/27/2025,
812,46.7,gf,2.940,mm,OK,--,4:14:14 PM,12/27/2025,
813,46.7,gf,2.940,mm,OK,--,4:14:14 PM,12/27/2025,
814,46.7,gf,2.945,mm,OK,--,4:14:14 PM,12/27/2025,
815,46.7,gf,2.950,mm,OK,--,4:14:14 PM,12/27/2025,
816,46.8,gf,2.955,mm,OK,--,4:14:14 PM,12/27/2025,
817,46.8,gf,2.955,mm,OK,--,4:14:14 PM,12/27/2025,
818,46.8,gf,2.960,mm,OK,--,4:14:14 PM,12/27/2025,
819,46.8,gf,2.965,mm,OK,--,4:14:14 PM,12/27/2025,
820,46.9,gf,2.970,mm,OK,--,4:14:15 PM,12/27/2025,
821,46.8,gf,2.975,mm,OK,--,4:14:15 PM,12/27/2025,
822,46.9,gf,2.975,mm,OK,--,4:14:15 PM,12/27/2025,
823,46.9,gf,2.980,mm,OK,--,4:14:15 PM,12/27/2025,
824,46.9,gf,2.985,mm,OK,--,4:14:15 PM,12/27/2025,
825,46.9,gf,2.990,mm,OK,--,4:14:15 PM,12/27/2025,
826,46.9,gf,2.995,mm,OK,--,4:14:15 PM,12/27/2025,
827,46.9,gf,3.000,mm,OK,--,4:14:15 PM,12/27/2025,
828,47.0,gf,3.005,mm,OK,--,4:14:15 PM,12/27/2025,
829,47.0,gf,3.005,mm,OK,--,4:14:15 PM,12/27/2025,
830,47.0,gf,3.010,mm,OK,--,4:14:16 PM,12/27/2025,
831,47.0,gf,3.015,mm,OK,--,4:14:16 PM,12/27/2025,
832,47.1,gf,3.015,mm,OK,--,4:14:16 PM,12/27/2025,
833,47.0,gf,3.020,mm,OK,--,4:14:16 PM,12/27/2025,
834,47.1,gf,3.025,mm,OK,--,4:14:16 PM,12/27/2025,
835,47.1,gf,3.030,mm,OK,--,4:14:16 PM,12/27/2025,
836,47.1,gf,3.035,mm,OK,--,4:14:16 PM,12/27/2025,
837,47.1,gf,3.035,mm,OK,--,4:14:16 PM,12/27/2025,
838,47.2,gf,3.040,mm,OK,--,4:14:16 PM,12/27/2025,
839,47.2,gf,3.045,mm,OK,--,4:14:16 PM,12/27/2025,
840,47.2,gf,3.050,mm,OK,--,4:14:17 PM,12/27/2025,
841,47.2,gf,3.055,mm,OK,--,4:14:17 PM,12/27/2025,
842,47.3,gf,3.060,mm,OK,--,4:14:17 PM,12/27/2025,
843,47.3,gf,3.065,mm,OK,--,4:14:17 PM,12/27/2025,
844,47.3,gf,3.070,mm,OK,--,4:14:17 PM,12/27/2025,
845,47.3,gf,3.070,mm,OK,--,4:14:17 PM,12/27/2025,
846,47.4,gf,3.075,mm,OK,--,4:14:17 PM,12/27/2025,
847,47.3,gf,3.080,mm,OK,--,4:14:17 PM,12/27/2025,
848,47.4,gf,3.080,mm,OK,--,4:14:17 PM,12/27/2025,
849,47.4,gf,3.085,mm,OK,--,4:14:17 PM,12/27/2025,
850,47.4,gf,3.085,mm,OK,--,4:14:18 PM,12/27/2025,
851,47.4,gf,3.090,mm,OK,--,4:14:18 PM,12/27/2025,
852,47.5,gf,3.090,mm,OK,--,4:14:18 PM,12/27/2025,
853,47.4,gf,3.095,mm,OK,--,4:14:18 PM,12/27/2025,
854,47.5,gf,3.100,mm,OK,--,4:14:18 PM,12/27/2025,
855,47.5,gf,3.100,mm,OK,--,4:14:18 PM,12/27/2025,
856,47.5,gf,3.105,mm,OK,--,4:14:18 PM,12/27/2025,
857,47.5,gf,3.105,mm,OK,--,4:14:18 PM,12/27/2025,
858,47.5,gf,3.110,mm,OK,--,4:14:18 PM,12/27/2025,
859,47.5,gf,3.115,mm,OK,--,4:14:18 PM,12/27/2025,
860,47.5,gf,3.115,mm,OK,--,4:14:19 PM,12/27/2025,
861,47.5,gf,3.115,mm,OK,--,4:14:19 PM,12/27/2025,
862,47.5,gf,3.120,mm,OK,--,4:14:19 PM,12/27/2025,
863,47.5,gf,3.120,mm,OK,--,4:14:19 PM,12/27/2025,
864,47.5,gf,3.125,mm,OK,--,4:14:19 PM,12/27/2025,
865,47.8,gf,3.125,mm,OK,--,4:14:19 PM,12/27/2025,
866,48.1,gf,3.130,mm,OK,--,4:14:19 PM,12/27/2025,
867,48.7,gf,3.130,mm,OK,--,4:14:19 PM,12/27/2025,
868,49.4,gf,3.135,mm,OK,--,4:14:19 PM,12/27/2025,
869,50.0,gf,3.140,mm,OK,--,4:14:19 PM,12/27/2025,
870,50.6,gf,3.140,mm,OK,--,4:14:20 PM,12/27/2025,
871,50.9,gf,3.145,mm,OK,--,4:14:20 PM,12/27/2025,
872,51.2,gf,3.145,mm,OK,--,4:14:20 PM,12/27/2025,
873,51.6,gf,3.145,mm,OK,--,4:14:20 PM,12/27/2025,
874,52.2,gf,3.150,mm,OK,--,4:14:20 PM,12/27/2025,
875,53.2,gf,3.150,mm,OK,--,4:14:20 PM,12/27/2025,
876,54.8,gf,3.155,mm,OK,--,4:14:20 PM,12/27/2025,
877,56.4,gf,3.160,mm,OK,--,4:14:20 PM,12/27/2025,
878,58.4,gf,3.165,mm,OK,--,4:14:20 PM,12/27/2025,
879,60.5,gf,3.165,mm,OK,--,4:14:20 PM,12/27/2025,
880,63.0,gf,3.170,mm,OK,--,4:14:21 PM,12/27/2025,
881,65.4,gf,3.175,mm,OK,--,4:14:21 PM,12/27/2025,
882,67.8,gf,3.175,mm,OK,--,4:14:21 PM,12/27/2025,
883,70.0,gf,3.180,mm,OK,--,4:14:21 PM,12/27/2025,
884,72.3,gf,3.185,mm,OK,--,4:14:21 PM,12/27/2025,
885,74.6,gf,3.185,mm,OK,--,4:14:21 PM,12/27/2025,
886,77.0,gf,3.190,mm,OK,--,4:14:21 PM,12/27/2025,
887,79.4,gf,3.190,mm,OK,--,4:14:21 PM,12/27/2025,
888,81.7,gf,3.195,mm,OK,--,4:14:21 PM,12/27/2025,
889,83.5,gf,3.195,mm,OK,--,4:14:21 PM,12/27/2025,
890,85.8,gf,3.200,mm,OK,--,4:14:21 PM,12/27/2025,
891,88.0,gf,3.200,mm,OK,--,4:14:22 PM,12/27/2025,
892,89.7,gf,3.205,mm,OK,--,4:14:22 PM,12/27/2025,
893,91.2,gf,3.205,mm,OK,--,4:14:22 PM,12/27/2025,
894,92.7,gf,3.205,mm,OK,--,4:14:22 PM,12/27/2025,
895,94.2,gf,3.210,mm,OK,--,4:14:22 PM,12/27/2025,
896,95.1,gf,3.210,mm,OK,--,4:14:22 PM,12/27/2025,
897,96.1,gf,3.210,mm,OK,--,4:14:22 PM,12/27/2025,
898,97.2,gf,3.210,mm,OK,--,4:14:22 PM,12/27/2025,
899,98.4,gf,3.215,mm,OK,--,4:14:22 PM,12/27/2025,
900,99.7,gf,3.215,mm,OK,--,4:14:22 PM,12/27/2025,
901,101.1,gf,3.215,mm,OK,--,4:14:23 PM,12/27/2025,
902,102.4,gf,3.220,mm,OK,--,4:14:23 PM,12/27/2025,
903,103.6,gf,3.220,mm,OK,--,4:14:23 PM,12/27/2025,
904,104.9,gf,3.220,mm,OK,--,4:14:23 PM,12/27/2025,
905,106.3,gf,3.220,mm,OK,--,4:14:23 PM,12/27/2025,
906,107.7,gf,3.225,mm,OK,--,4:14:23 PM,12/27/2025,
907,109.6,gf,3.225,mm,OK,--,4:14:23 PM,12/27/2025,
908,111.7,gf,3.225,mm,OK,--,4:14:23 PM,12/27/2025,
909,113.8,gf,3.230,mm,OK,--,4:14:23 PM,12/27/2025,
910,116.0,gf,3.230,mm,OK,--,4:14:23 PM,12/27/2025,
911,118.2,gf,3.235,mm,OK,--,4:14:24 PM,12/27/2025,
912,120.8,gf,3.235,mm,OK,--,4:14:24 PM,12/27/2025,
913,123.4,gf,3.240,mm,OK,--,4:14:24 PM,12/27/2025,
914,125.5,gf,3.240,mm,OK,--,4:14:24 PM,12/27/2025,
915,127.5,gf,3.245,mm,OK,--,4:14:24 PM,12/27/2025,
916,129.5,gf,3.245,mm,OK,--,4:14:24 PM,12/27/2025,
917,131.3,gf,3.245,mm,OK,--,4:14:24 PM,12/27/2025,
918,133.2,gf,3.250,mm,OK,--,4:14:24 PM,12/27/2025,
919,135.5,gf,3.250,mm,OK,--,4:14:24 PM,12/27/2025,
920,137.3,gf,3.255,mm,OK,--,4:14:24 PM,12/27/2025,
921,139.0,gf,3.255,mm,OK,--,4:14:25 PM,12/27/2025,
922,140.9,gf,3.255,mm,OK,--,4:14:25 PM,12/27/2025,
923,142.8,gf,3.260,mm,OK,--,4:14:25 PM,12/27/2025,
924,144.9,gf,3.260,mm,OK,--,4:14:25 PM,12/27/2025,
925,146.7,gf,3.265,mm,OK,--,4:14:25 PM,12/27/2025,
926,148.0,gf,3.265,mm,OK,--,4:14:25 PM,12/27/2025,
927,148.9,gf,3.265,mm,OK,--,4:14:25 PM,12/27/2025,
928,149.9,gf,3.265,mm,OK,--,4:14:25 PM,12/27/2025,
929,151.1,gf,3.270,mm,OK,--,4:14:25 PM,12/27/2025,
930,153.0,gf,3.270,mm,OK,--,4:14:25 PM,12/27/2025,
931,155.3,gf,3.270,mm,OK,--,4:14:26 PM,12/27/2025,
932,157.5,gf,3.275,mm,OK,--,4:14:26 PM,12/27/2025,
933,159.8,gf,3.275,mm,OK,--,4:14:26 PM,12/27/2025,
934,161.9,gf,3.280,mm,OK,--,4:14:26 PM,12/27/2025,
935,163.8,gf,3.280,mm,OK,--,4:14:26 PM,12/27/2025,
936,165.7,gf,3.285,mm,OK,--,4:14:26 PM,12/27/2025,
937,167.5,gf,3.285,mm,OK,--,4:14:26 PM,12/27/2025,
938,169.4,gf,3.285,mm,OK,--,4:14:26 PM,12/27/2025,
939,170.7,gf,3.290,mm,OK,--,4:14:26 PM,12/27/2025,
940,172.3,gf,3.290,mm,OK,--,4:14:26 PM,12/27/2025,
941,173.6,gf,3.290,mm,OK,--,4:14:27 PM,12/27/2025,
942,174.9,gf,3.290,mm,OK,--,4:14:27 PM,12/27/2025,
943,176.4,gf,3.295,mm,OK,--,4:14:27 PM,12/27/2025,
944,177.8,gf,3.295,mm,OK,--,4:14:27 PM,12/27/2025,
945,179.7,gf,3.295,mm,OK,--,4:14:27 PM,12/27/2025,
946,181.8,gf,3.300,mm,OK,--,4:14:27 PM,12/27/2025,
947,184.2,gf,3.300,mm,OK,--,4:14:27 PM,12/27/2025,
948,186.3,gf,3.305,mm,OK,--,4:14:27 PM,12/27/2025,
949,187.9,gf,3.305,mm,OK,--,4:14:27 PM,12/27/2025,
950,189.4,gf,3.305,mm,OK,--,4:14:27 PM,12/27/2025,
951,190.5,gf,3.310,mm,OK,--,4:14:28 PM,12/27/2025,
952,191.1,gf,3.310,mm,OK,--,4:14:28 PM,12/27/2025,
953,191.5,gf,3.310,mm,OK,--,4:14:28 PM,12/27/2025,
954,191.5,gf,3.310,mm,OK,--,4:14:28 PM,12/27/2025,
955,191.6,gf,3.310,mm,OK,--,4:14:28 PM,12/27/2025,
956,191.5,gf,3.310,mm,OK,--,4:14:28 PM,12/27/2025,
957,191.4,gf,3.310,mm,OK,--,4:14:28 PM,12/27/2025,
958,191.3,gf,3.310,mm,OK,--,4:14:28 PM,12/27/2025,
959,191.3,gf,3.310,mm,OK,--,4:14:28 PM,12/27/2025,
960,191.3,gf,3.310,mm,OK,--,4:14:28 PM,12/27/2025,
961,191.2,gf,3.310,mm,OK,--,4:14:29 PM,12/27/2025,
962,191.2,gf,3.310,mm,OK,--,4:14:29 PM,12/27/2025,
963,191.0,gf,3.310,mm,OK,--,4:14:29 PM,12/27/2025,
964,191.1,gf,3.310,mm,OK,--,4:14:29 PM,12/27/2025,
965,191.1,gf,3.310,mm,OK,--,4:14:29 PM,12/27/2025,
966,191.1,gf,3.310,mm,OK,--,4:14:29 PM,12/27/2025,
967,191.1,gf,3.310,mm,OK,--,4:14:29 PM,12/27/2025,
968,191.0,gf,3.310,mm,OK,--,4:14:29 PM,12/27/2025,
969,191.0,gf,3.310,mm,OK,--,4:14:29 PM,12/27/2025,
970,191.0,gf,3.310,mm,OK,--,4:14:29 PM,12/27/2025,
971,191.0,gf,3.310,mm,OK,--,4:14:30 PM,12/27/2025,
972,191.0,gf,3.310,mm,OK,--,4:14:30 PM,12/27/2025,
973,191.0,gf,3.310,mm,OK,--,4:14:30 PM,12/27/2025,
974,190.9,gf,3.310,mm,OK,--,4:14:30 PM,12/27/2025,
975,190.9,gf,3.310,mm,OK,--,4:14:30 PM,12/27/2025,
976,190.9,gf,3.310,mm,OK,--,4:14:30 PM,12/27/2025,
977,190.9,gf,3.310,mm,OK,--,4:14:30 PM,12/27/2025,
978,190.7,gf,3.310,mm,OK,--,4:14:30 PM,12/27/2025,
979,190.5,gf,3.310,mm,OK,--,4:14:30 PM,12/27/2025,
980,190.4,gf,3.310,mm,OK,--,4:14:30 PM,12/27/2025,
981,190.2,gf,3.310,mm,OK,--,4:14:31 PM,12/27/2025,
982,190.2,gf,3.310,mm,OK,--,4:14:31 PM,12/27/2025,
983,190.1,gf,3.310,mm,OK,--,4:14:31 PM,12/27/2025,
984,189.8,gf,3.310,mm,OK,--,4:14:31 PM,12/27/2025,
985,189.3,gf,3.310,mm,OK,--,4:14:31 PM,12/27/2025,
986,189.0,gf,3.310,mm,OK,--,4:14:31 PM,12/27/2025,
987,188.1,gf,3.310,mm,OK,--,4:14:31 PM,12/27/2025,
988,186.2,gf,3.305,mm,OK,--,4:14:31 PM,12/27/2025,
989,183.6,gf,3.305,mm,OK,--,4:14:31 PM,12/27/2025,
990,180.2,gf,3.300,mm,OK,--,4:14:31 PM,12/27/2025,
991,176.5,gf,3.300,mm,OK,--,4:14:32 PM,12/27/2025,
992,172.2,gf,3.295,mm,OK,--,4:14:32 PM,12/27/2025,
993,168.0,gf,3.290,mm,OK,--,4:14:32 PM,12/27/2025,
994,164.9,gf,3.285,mm,OK,--,4:14:32 PM,12/27/2025,
995,162.6,gf,3.285,mm,OK,--,4:14:32 PM,12/27/2025,
996,160.8,gf,3.285,mm,OK,--,4:14:32 PM,12/27/2025,
997,159.0,gf,3.280,mm,OK,--,4:14:32 PM,12/27/2025,
998,157.1,gf,3.280,mm,OK,--,4:14:32 PM,12/27/2025,
999,154.7,gf,3.275,mm,OK,--,4:14:32 PM,12/27/2025,
1000,152.8,gf,3.275,mm,OK,--,4:14:32 PM,12/27/2025,
1001,151.2,gf,3.275,mm,OK,--,4:14:33 PM,12/27/2025,
1002,149.4,gf,3.270,mm,OK,--,4:14:33 PM,12/27/2025,
1003,147.9,gf,3.270,mm,OK,--,4:14:33 PM,12/27/2025,
1004,146.4,gf,3.270,mm,OK,--,4:14:33 PM,12/27/2025,
1005,145.3,gf,3.265,mm,OK,--,4:14:33 PM,12/27/2025,
1006,144.1,gf,3.265,mm,OK,--,4:14:33 PM,12/27/2025,
1007,142.7,gf,3.265,mm,OK,--,4:14:33 PM,12/27/2025,
1008,141.7,gf,3.265,mm,OK,--,4:14:33 PM,12/27/2025,
1009,141.0,gf,3.265,mm,OK,--,4:14:33 PM,12/27/2025,
1010,140.0,gf,3.260,mm,OK,--,4:14:33 PM,12/27/2025,
1011,138.6,gf,3.260,mm,OK,--,4:14:34 PM,12/27/2025,
1012,137.1,gf,3.260,mm,OK,--,4:14:34 PM,12/27/2025,
1013,135.8,gf,3.255,mm,OK,--,4:14:34 PM,12/27/2025,
1014,134.7,gf,3.255,mm,OK,--,4:14:34 PM,12/27/2025,
1015,133.2,gf,3.255,mm,OK,--,4:14:34 PM,12/27/2025,
1016,131.0,gf,3.255,mm,OK,--,4:14:34 PM,12/27/2025,
1017,128.4,gf,3.250,mm,OK,--,4:14:34 PM,12/27/2025,
1018,126.5,gf,3.250,mm,OK,--,4:14:34 PM,12/27/2025,
1019,123.6,gf,3.245,mm,OK,--,4:14:34 PM,12/27/2025,
1020,119.7,gf,3.240,mm,OK,--,4:14:34 PM,12/27/2025,
1021,117.2,gf,3.240,mm,OK,--,4:14:35 PM,12/27/2025,
1022,113.8,gf,3.235,mm,OK,--,4:14:35 PM,12/27/2025,
1023,111.1,gf,3.235,mm,OK,--,4:14:35 PM,12/27/2025,
1024,108.3,gf,3.230,mm,OK,--,4:14:35 PM,12/27/2025,
1025,105.6,gf,3.230,mm,OK,--,4:14:35 PM,12/27/2025,
1026,103.3,gf,3.225,mm,OK,--,4:14:35 PM,12/27/2025,
1027,101.1,gf,3.225,mm,OK,--,4:14:35 PM,12/27/2025,
1028,98.9,gf,3.220,mm,OK,--,4:14:35 PM,12/27/2025,
1029,95.9,gf,3.220,mm,OK,--,4:14:35 PM,12/27/2025,
1030,92.1,gf,3.215,mm,OK,--,4:14:35 PM,12/27/2025,
1031,88.4,gf,3.210,mm,OK,--,4:14:36 PM,12/27/2025,
1032,85.2,gf,3.205,mm,OK,--,4:14:36 PM,12/27/2025,
1033,82.4,gf,3.205,mm,OK,--,4:14:36 PM,12/27/2025,
1034,79.8,gf,3.200,mm,OK,--,4:14:36 PM,12/27/2025,
1035,77.7,gf,3.200,mm,OK,--,4:14:36 PM,12/27/2025,
1036,76.0,gf,3.200,mm,OK,--,4:14:36 PM,12/27/2025,
1037,74.3,gf,3.195,mm,OK,--,4:14:36 PM,12/27/2025,
1038,72.4,gf,3.195,mm,OK,--,4:14:36 PM,12/27/2025,
1039,70.6,gf,3.190,mm,OK,--,4:14:36 PM,12/27/2025,
1040,68.9,gf,3.190,mm,OK,--,4:14:36 PM,12/27/2025,
1041,67.3,gf,3.190,mm,OK,--,4:14:37 PM,12/27/2025,
1042,66.1,gf,3.185,mm,OK,--,4:14:37 PM,12/27/2025,
1043,64.5,gf,3.185,mm,OK,--,4:14:37 PM,12/27/2025,
1044,63.0,gf,3.185,mm,OK,--,4:14:37 PM,12/27/2025,
1045,61.2,gf,3.180,mm,OK,--,4:14:37 PM,12/27/2025,
1046,59.6,gf,3.180,mm,OK,--,4:14:37 PM,12/27/2025,
1047,57.9,gf,3.175,mm,OK,--,4:14:37 PM,12/27/2025,
1048,56.0,gf,3.175,mm,OK,--,4:14:37 PM,12/27/2025,
1049,53.9,gf,3.170,mm,OK,--,4:14:37 PM,12/27/2025,
1050,52.5,gf,3.170,mm,OK,--,4:14:38 PM,12/27/2025,
1051,51.1,gf,3.165,mm,OK,--,4:14:38 PM,12/27/2025,
1052,50.0,gf,3.165,mm,OK,--,4:14:38 PM,12/27/2025,
1053,49.5,gf,3.160,mm,OK,--,4:14:38 PM,12/27/2025,
1054,49.1,gf,3.160,mm,OK,--,4:14:38 PM,12/27/2025,
1055,48.8,gf,3.160,mm,OK,--,4:14:38 PM,12/27/2025,
1056,48.3,gf,3.155,mm,OK,--,4:14:38 PM,12/27/2025,
1057,48.0,gf,3.155,mm,OK,--,4:14:38 PM,12/27/2025,
1058,47.8,gf,3.155,mm,OK,--,4:14:38 PM,12/27/2025,
1059,47.5,gf,3.150,mm,OK,--,4:14:38 PM,12/27/2025,
1060,47.4,gf,3.150,mm,OK,--,4:14:38 PM,12/27/2025,
1061,47.2,gf,3.145,mm,OK,--,4:14:39 PM,12/27/2025,
1062,47.2,gf,3.145,mm,OK,--,4:14:39 PM,12/27/2025,
1063,47.1,gf,3.140,mm,OK,--,4:14:39 PM,12/27/2025,
1064,47.1,gf,3.140,mm,OK,--,4:14:39 PM,12/27/2025,
1065,47.1,gf,3.140,mm,OK,--,4:14:39 PM,12/27/2025,
1066,47.1,gf,3.135,mm,OK,--,4:14:39 PM,12/27/2025,
1067,47.0,gf,3.135,mm,OK,--,4:14:39 PM,12/27/2025,
1068,47.1,gf,3.130,mm,OK,--,4:14:39 PM,12/27/2025,
1069,47.0,gf,3.130,mm,OK,--,4:14:39 PM,12/27/2025,
1070,47.0,gf,3.125,mm,OK,--,4:14:39 PM,12/27/2025,
1071,47.0,gf,3.125,mm,OK,--,4:14:40 PM,12/27/2025,
1072,47.0,gf,3.120,mm,OK,--,4:14:40 PM,12/27/2025,
1073,47.0,gf,3.120,mm,OK,--,4:14:40 PM,12/27/2025,
1074,47.0,gf,3.115,mm,OK,--,4:14:40 PM,12/27/2025,
1075,47.0,gf,3.115,mm,OK,--,4:14:40 PM,12/27/2025,
1076,47.0,gf,3.110,mm,OK,--,4:14:40 PM,12/27/2025,
1077,47.0,gf,3.110,mm,OK,--,4:14:40 PM,12/27/2025,
1078,46.9,gf,3.105,mm,OK,--,4:14:40 PM,12/27/2025,
1079,46.9,gf,3.100,mm,OK,--,4:14:40 PM,12/27/2025,
1080,46.9,gf,3.095,mm,OK,--,4:14:40 PM,12/27/2025,
1081,46.9,gf,3.090,mm,OK,--,4:14:41 PM,12/27/2025,
1082,46.9,gf,3.085,mm,OK,--,4:14:41 PM,12/27/2025,
1083,46.8,gf,3.075,mm,OK,--,4:14:41 PM,12/27/2025,
1084,46.8,gf,3.070,mm,OK,--,4:14:41 PM,12/27/2025,
1085,46.7,gf,3.055,mm,OK,--,4:14:41 PM,12/27/2025,
1086,46.7,gf,3.050,mm,OK,--,4:14:41 PM,12/27/2025,
1087,46.6,gf,3.040,mm,OK,--,4:14:41 PM,12/27/2025,
1088,46.6,gf,3.030,mm,OK,--,4:14:41 PM,12/27/2025,
1089,46.6,gf,3.025,mm,OK,--,4:14:41 PM,12/27/2025,
1090,46.5,gf,3.015,mm,OK,--,4:14:41 PM,12/27/2025,
1091,46.4,gf,3.010,mm,OK,--,4:14:42 PM,12/27/2025,
1092,46.5,gf,3.005,mm,OK,--,4:14:42 PM,12/27/2025,
1093,46.4,gf,3.000,mm,OK,--,4:14:42 PM,12/27/2025,
1094,46.4,gf,2.995,mm,OK,--,4:14:42 PM,12/27/2025,
1095,46.4,gf,2.990,mm,OK,--,4:14:42 PM,12/27/2025,
1096,46.3,gf,2.990,mm,OK,--,4:14:42 PM,12/27/2025,
1097,46.3,gf,2.985,mm,OK,--,4:14:42 PM,12/27/2025,
1098,46.3,gf,2.980,mm,OK,--,4:14:42 PM,12/27/2025,
1099,46.3,gf,2.975,mm,OK,--,4:14:42 PM,12/27/2025,
1100,46.2,gf,2.975,mm,OK,--,4:14:42 PM,12/27/2025,
1101,46.2,gf,2.970,mm,OK,--,4:14:43 PM,12/27/2025,
1102,46.2,gf,2.965,mm,OK,--,4:14:43 PM,12/27/2025,
1103,46.2,gf,2.955,mm,OK,--,4:14:43 PM,12/27/2025,
1104,46.1,gf,2.950,mm,OK,--,4:14:43 PM,12/27/2025,
1105,46.1,gf,2.945,mm,OK,--,4:14:43 PM,12/27/2025,
1106,46.0,gf,2.940,mm,OK,--,4:14:43 PM,12/27/2025,
1107,46.0,gf,2.930,mm,OK,--,4:14:43 PM,12/27/2025,
1108,45.9,gf,2.920,mm,OK,--,4:14:43 PM,12/27/2025,
1109,45.9,gf,2.915,mm,OK,--,4:14:43 PM,12/27/2025,
1110,45.8,gf,2.905,mm,OK,--,4:14:43 PM,12/27/2025,
1111,45.8,gf,2.895,mm,OK,--,4:14:44 PM,12/27/2025,
1112,45.7,gf,2.885,mm,OK,--,4:14:44 PM,12/27/2025,
1113,45.7,gf,2.880,mm,OK,--,4:14:44 PM,12/27/2025,
1114,45.6,gf,2.870,mm,OK,--,4:14:44 PM,12/27/2025,
1115,45.6,gf,2.865,mm,OK,--,4:14:44 PM,12/27/2025,
1116,45.6,gf,2.855,mm,OK,--,4:14:44 PM,12/27/2025,
1117,45.5,gf,2.850,mm,OK,--,4:14:44 PM,12/27/2025,
1118,45.5,gf,2.845,mm,OK,--,4:14:44 PM,12/27/2025,
1119,45.4,gf,2.840,mm,OK,--,4:14:44 PM,12/27/2025,
1120,45.4,gf,2.835,mm,OK,--,4:14:45 PM,12/27/2025,
1121,45.3,gf,2.825,mm,OK,--,4:14:45 PM,12/27/2025,
1122,45.2,gf,2.820,mm,OK,--,4:14:45 PM,12/27/2025,
1123,45.0,gf,2.815,mm,OK,--,4:14:45 PM,12/27/2025,
1124,44.7,gf,2.810,mm,OK,--,4:14:45 PM,12/27/2025,
1125,44.5,gf,2.800,mm,OK,--,4:14:45 PM,12/27/2025,
1126,44.2,gf,2.795,mm,OK,--,4:14:45 PM,12/27/2025,
1127,43.9,gf,2.790,mm,OK,--,4:14:45 PM,12/27/2025,
1128,43.5,gf,2.780,mm,OK,--,4:14:45 PM,12/27/2025,
1129,43.0,gf,2.775,mm,OK,--,4:14:45 PM,12/27/2025,
1130,42.5,gf,2.770,mm,OK,--,4:14:45 PM,12/27/2025,
1131,42.0,gf,2.760,mm,OK,--,4:14:46 PM,12/27/2025,
1132,41.5,gf,2.755,mm,OK,--,4:14:46 PM,12/27/2025,
1133,41.0,gf,2.745,mm,OK,--,4:14:46 PM,12/27/2025,
1134,40.6,gf,2.740,mm,OK,--,4:14:46 PM,12/27/2025,
1135,40.3,gf,2.735,mm,OK,--,4:14:46 PM,12/27/2025,
1136,40.1,gf,2.730,mm,OK,--,4:14:46 PM,12/27/2025,
1137,40.0,gf,2.725,mm,OK,--,4:14:46 PM,12/27/2025,
1138,39.8,gf,2.720,mm,OK,--,4:14:46 PM,12/27/2025,
1139,39.7,gf,2.715,mm,OK,--,4:14:46 PM,12/27/2025,
1140,39.6,gf,2.710,mm,OK,--,4:14:46 PM,12/27/2025,
1141,39.3,gf,2.710,mm,OK,--,4:14:47 PM,12/27/2025,
1142,39.0,gf,2.705,mm,OK,--,4:14:47 PM,12/27/2025,
1143,38.8,gf,2.700,mm,OK,--,4:14:47 PM,12/27/2025,
1144,38.6,gf,2.700,mm,OK,--,4:14:47 PM,12/27/2025,
1145,38.6,gf,2.695,mm,OK,--,4:14:47 PM,12/27/2025,
1146,38.6,gf,2.695,mm,OK,--,4:14:47 PM,12/27/2025,
1147,38.4,gf,2.690,mm,OK,--,4:14:47 PM,12/27/2025,
1148,38.2,gf,2.690,mm,OK,--,4:14:47 PM,12/27/2025,
1149,38.3,gf,2.685,mm,OK,--,4:14:47 PM,12/27/2025,
1150,38.1,gf,2.685,mm,OK,--,4:14:47 PM,12/27/2025,
1151,38.0,gf,2.685,mm,OK,--,4:14:48 PM,12/27/2025,
1152,38.0,gf,2.680,mm,OK,--,4:14:48 PM,12/27/2025,
1153,37.9,gf,2.680,mm,OK,--,4:14:48 PM,12/27/2025,
1154,37.7,gf,2.675,mm,OK,--,4:14:48 PM,12/27/2025,
1155,37.5,gf,2.670,mm,OK,--,4:14:48 PM,12/27/2025,
1156,37.3,gf,2.665,mm,OK,--,4:14:48 PM,12/27/2025,
1157,37.2,gf,2.665,mm,OK,--,4:14:48 PM,12/27/2025,
1158,37.0,gf,2.660,mm,OK,--,4:14:48 PM,12/27/2025,
1159,36.8,gf,2.655,mm,OK,--,4:14:48 PM,12/27/2025,
1160,36.7,gf,2.650,mm,OK,--,4:14:48 PM,12/27/2025,
1161,36.5,gf,2.645,mm,OK,--,4:14:49 PM,12/27/2025,
1162,36.0,gf,2.640,mm,OK,--,4:14:49 PM,12/27/2025,
1163,35.3,gf,2.635,mm,OK,--,4:14:49 PM,12/27/2025,
1164,34.4,gf,2.625,mm,OK,--,4:14:49 PM,12/27/2025,
1165,34.0,gf,2.620,mm,OK,--,4:14:49 PM,12/27/2025,
1166,33.6,gf,2.615,mm,OK,--,4:14:49 PM,12/27/2025,
1167,33.3,gf,2.610,mm,OK,--,4:14:49 PM,12/27/2025,
1168,32.9,gf,2.605,mm,OK,--,4:14:49 PM,12/27/2025,
1169,32.4,gf,2.600,mm,OK,--,4:14:49 PM,12/27/2025,
1170,32.0,gf,2.595,mm,OK,--,4:14:49 PM,12/27/2025,
1171,31.5,gf,2.590,mm,OK,--,4:14:50 PM,12/27/2025,
1172,30.9,gf,2.585,mm,OK,--,4:14:50 PM,12/27/2025,
1173,30.6,gf,2.575,mm,OK,--,4:14:50 PM,12/27/2025,
1174,30.6,gf,2.570,mm,OK,--,4:14:50 PM,12/27/2025,
1175,30.7,gf,2.565,mm,OK,--,4:14:50 PM,12/27/2025,
1176,30.4,gf,2.555,mm,OK,--,4:14:50 PM,12/27/2025,
1177,30.4,gf,2.550,mm,OK,--,4:14:50 PM,12/27/2025,
1178,30.3,gf,2.545,mm,OK,--,4:14:50 PM,12/27/2025,
1179,30.4,gf,2.540,mm,OK,--,4:14:50 PM,12/27/2025,
1180,30.2,gf,2.540,mm,OK,--,4:14:50 PM,12/27/2025,
1181,30.1,gf,2.535,mm,OK,--,4:14:51 PM,12/27/2025,
1182,30.2,gf,2.530,mm,OK,--,4:14:51 PM,12/27/2025,
1183,30.1,gf,2.525,mm,OK,--,4:14:51 PM,12/27/2025,
1184,29.8,gf,2.525,mm,OK,--,4:14:51 PM,12/27/2025,
1185,29.7,gf,2.520,mm,OK,--,4:14:51 PM,12/27/2025,
1186,29.6,gf,2.515,mm,OK,--,4:14:51 PM,12/27/2025,
1187,29.5,gf,2.510,mm,OK,--,4:14:51 PM,12/27/2025,
1188,29.3,gf,2.510,mm,OK,--,4:14:51 PM,12/27/2025,
1189,29.2,gf,2.505,mm,OK,--,4:14:51 PM,12/27/2025,
1190,29.1,gf,2.495,mm,OK,--,4:14:51 PM,12/27/2025,
1191,29.1,gf,2.490,mm,OK,--,4:14:52 PM,12/27/2025,
1192,29.0,gf,2.485,mm,OK,--,4:14:52 PM,12/27/2025,
1193,28.9,gf,2.480,mm,OK,--,4:14:52 PM,12/27/2025,
1194,28.8,gf,2.475,mm,OK,--,4:14:52 PM,12/27/2025,
1195,28.8,gf,2.465,mm,OK,--,4:14:52 PM,12/27/2025,
1196,28.8,gf,2.460,mm,OK,--,4:14:52 PM,12/27/2025,
1197,28.8,gf,2.455,mm,OK,--,4:14:52 PM,12/27/2025,
1198,28.7,gf,2.450,mm,OK,--,4:14:52 PM,12/27/2025,
1199,28.6,gf,2.445,mm,OK,--,4:14:52 PM,12/27/2025,
1200,28.6,gf,2.445,mm,OK,--,4:14:52 PM,12/27/2025,
1201,28.4,gf,2.440,mm,OK,--,4:14:53 PM,12/27/2025,
1202,28.3,gf,2.435,mm,OK,--,4:14:53 PM,12/27/2025,
1203,28.2,gf,2.430,mm,OK,--,4:14:53 PM,12/27/2025,
1204,28.1,gf,2.425,mm,OK,--,4:14:53 PM,12/27/2025,
1205,28.3,gf,2.420,mm,OK,--,4:14:53 PM,12/27/2025,
1206,28.1,gf,2.420,mm,OK,--,4:14:53 PM,12/27/2025,
1207,27.5,gf,2.415,mm,OK,--,4:14:53 PM,12/27/2025,
1208,27.6,gf,2.405,mm,OK,--,4:14:53 PM,12/27/2025,
1209,27.2,gf,2.390,mm,OK,--,4:14:53 PM,12/27/2025,
1210,27.8,gf,2.380,mm,OK,--,4:14:53 PM,12/27/2025,
1211,27.5,gf,2.370,mm,OK,--,4:14:54 PM,12/27/2025,
1212,27.5,gf,2.360,mm,OK,--,4:14:54 PM,12/27/2025,
1213,27.3,gf,2.350,mm,OK,--,4:14:54 PM,12/27/2025,
1214,27.2,gf,2.345,mm,OK,--,4:14:54 PM,12/27/2025,
1215,27.0,gf,2.330,mm,OK,--,4:14:54 PM,12/27/2025,
1216,26.8,gf,2.320,mm,OK,--,4:14:54 PM,12/27/2025,
1217,26.5,gf,2.310,mm,OK,--,4:14:54 PM,12/27/2025,
1218,26.4,gf,2.300,mm,OK,--,4:14:54 PM,12/27/2025,
1219,26.1,gf,2.290,mm,OK,--,4:14:54 PM,12/27/2025,
1220,25.7,gf,2.285,mm,OK,--,4:14:54 PM,12/27/2025,
1221,25.5,gf,2.275,mm,OK,--,4:14:55 PM,12/27/2025,
1222,25.4,gf,2.265,mm,OK,--,4:14:55 PM,12/27/2025,
1223,25.3,gf,2.260,mm,OK,--,4:14:55 PM,12/27/2025,
1224,25.2,gf,2.250,mm,OK,--,4:14:55 PM,12/27/2025,
1225,25.0,gf,2.245,mm,OK,--,4:14:55 PM,12/27/2025,
1226,24.7,gf,2.235,mm,OK,--,4:14:55 PM,12/27/2025,
1227,24.8,gf,2.225,mm,OK,--,4:14:55 PM,12/27/2025,
1228,24.8,gf,2.220,mm,OK,--,4:14:55 PM,12/27/2025,
1229,24.8,gf,2.210,mm,OK,--,4:14:55 PM,12/27/2025,
1230,25.1,gf,2.200,mm,OK,--,4:14:55 PM,12/27/2025,
1231,25.1,gf,2.190,mm,OK,--,4:14:56 PM,12/27/2025,
1232,25.1,gf,2.180,mm,OK,--,4:14:56 PM,12/27/2025,
1233,24.7,gf,2.170,mm,OK,--,4:14:56 PM,12/27/2025,
1234,24.7,gf,2.160,mm,OK,--,4:14:56 PM,12/27/2025,
1235,24.5,gf,2.150,mm,OK,--,4:14:56 PM,12/27/2025,
1236,24.5,gf,2.140,mm,OK,--,4:14:56 PM,12/27/2025,
1237,24.5,gf,2.130,mm,OK,--,4:14:56 PM,12/27/2025,
1238,24.5,gf,2.125,mm,OK,--,4:14:56 PM,12/27/2025,
1239,24.4,gf,2.120,mm,OK,--,4:14:56 PM,12/27/2025,
1240,24.2,gf,2.110,mm,OK,--,4:14:56 PM,12/27/2025,
1241,24.4,gf,2.105,mm,OK,--,4:14:57 PM,12/27/2025,
1242,24.5,gf,2.095,mm,OK,--,4:14:57 PM,12/27/2025,
1243,24.6,gf,2.090,mm,OK,--,4:14:57 PM,12/27/2025,
1244,24.6,gf,2.085,mm,OK,--,4:14:57 PM,12/27/2025,
1245,24.5,gf,2.085,mm,OK,--,4:14:57 PM,12/27/2025,
1246,24.5,gf,2.080,mm,OK,--,4:14:57 PM,12/27/2025,
1247,24.4,gf,2.075,mm,OK,--,4:14:57 PM,12/27/2025,
1248,24.3,gf,2.070,mm,OK,--,4:14:57 PM,12/27/2025,
1249,24.5,gf,2.065,mm,OK,--,4:14:57 PM,12/27/2025,
1250,24.7,gf,2.060,mm,OK,--,4:14:57 PM,12/27/2025,
1251,24.7,gf,2.055,mm,OK,--,4:14:58 PM,12/27/2025,
1252,24.4,gf,2.050,mm,OK,--,4:14:58 PM,12/27/2025,
1253,24.3,gf,2.045,mm,OK,--,4:14:58 PM,12/27/2025,
1254,24.0,gf,2.035,mm,OK,--,4:14:58 PM,12/27/2025,
1255,24.2,gf,2.025,mm,OK,--,4:14:58 PM,12/27/2025,
1256,24.3,gf,2.015,mm,OK,--,4:14:58 PM,12/27/2025,
1257,24.5,gf,2.000,mm,OK,--,4:14:58 PM,12/27/2025,
1258,24.8,gf,1.980,mm,OK,--,4:14:58 PM,12/27/2025,
1259,25.1,gf,1.960,mm,OK,--,4:14:58 PM,12/27/2025,
1260,25.0,gf,1.940,mm,OK,--,4:14:58 PM,12/27/2025,
1261,25.1,gf,1.925,mm,OK,--,4:14:59 PM,12/27/2025,
1262,24.9,gf,1.900,mm,OK,--,4:14:59 PM,12/27/2025,
1263,25.3,gf,1.870,mm,OK,--,4:14:59 PM,12/27/2025,
1264,25.5,gf,1.850,mm,OK,--,4:14:59 PM,12/27/2025,
1265,25.7,gf,1.835,mm,OK,--,4:14:59 PM,12/27/2025,
1266,25.9,gf,1.820,mm,OK,--,4:14:59 PM,12/27/2025,
1267,26.0,gf,1.810,mm,OK,--,4:14:59 PM,12/27/2025,
1268,26.2,gf,1.805,mm,OK,--,4:14:59 PM,12/27/2025,
1269,26.3,gf,1.800,mm,OK,--,4:14:59 PM,12/27/2025,
1270,26.3,gf,1.795,mm,OK,--,4:14:59 PM,12/27/2025,
1271,26.2,gf,1.790,mm,OK,--,4:15:00 PM,12/27/2025,
1272,26.0,gf,1.780,mm,OK,--,4:15:00 PM,12/27/2025,
1273,26.0,gf,1.775,mm,OK,--,4:15:00 PM,12/27/2025,
1274,26.4,gf,1.770,mm,OK,--,4:15:00 PM,12/27/2025,
1275,26.4,gf,1.770,mm,OK,--,4:15:00 PM,12/27/2025,
1276,26.4,gf,1.765,mm,OK,--,4:15:00 PM,12/27/2025,
1277,26.3,gf,1.760,mm,OK,--,4:15:00 PM,12/27/2025,
1278,26.5,gf,1.760,mm,OK,--,4:15:00 PM,12/27/2025,
1279,26.5,gf,1.755,mm,OK,--,4:15:00 PM,12/27/2025,
1280,26.3,gf,1.750,mm,OK,--,4:15:00 PM,12/27/2025,
1281,26.0,gf,1.745,mm,OK,--,4:15:01 PM,12/27/2025,
1282,26.2,gf,1.740,mm,OK,--,4:15:01 PM,12/27/2025,
1283,26.2,gf,1.730,mm,OK,--,4:15:01 PM,12/27/2025,
1284,26.3,gf,1.725,mm,OK,--,4:15:01 PM,12/27/2025,
1285,26.3,gf,1.715,mm,OK,--,4:15:01 PM,12/27/2025,
1286,26.4,gf,1.705,mm,OK,--,4:15:01 PM,12/27/2025,
1287,26.6,gf,1.690,mm,OK,--,4:15:01 PM,12/27/2025,
1288,26.6,gf,1.670,mm,OK,--,4:15:01 PM,12/27/2025,
1289,26.9,gf,1.655,mm,OK,--,4:15:01 PM,12/27/2025,
1290,27.0,gf,1.635,mm,OK,--,4:15:01 PM,12/27/2025,
1291,27.5,gf,1.615,mm,OK,--,4:15:02 PM,12/27/2025,
1292,27.6,gf,1.605,mm,OK,--,4:15:02 PM,12/27/2025,
1293,27.5,gf,1.595,mm,OK,--,4:15:02 PM,12/27/2025,
1294,27.7,gf,1.580,mm,OK,--,4:15:02 PM,12/27/2025,
1295,27.9,gf,1.565,mm,OK,--,4:15:02 PM,12/27/2025,
1296,28.2,gf,1.555,mm,OK,--,4:15:02 PM,12/27/2025,
1297,28.3,gf,1.540,mm,OK,--,4:15:02 PM,12/27/2025,
1298,28.2,gf,1.530,mm,OK,--,4:15:02 PM,12/27/2025,
1299,28.6,gf,1.515,mm,OK,--,4:15:02 PM,12/27/2025,
1300,28.6,gf,1.505,mm,OK,--,4:15:02 PM,12/27/2025,
1301,28.8,gf,1.490,mm,OK,--,4:15:03 PM,12/27/2025,
1302,28.9,gf,1.465,mm,OK,--,4:15:03 PM,12/27/2025,
1303,29.4,gf,1.430,mm,OK,--,4:15:03 PM,12/27/2025,
1304,29.4,gf,1.400,mm,OK,--,4:15:03 PM,12/27/2025,
1305,29.5,gf,1.380,mm,OK,--,4:15:03 PM,12/27/2025,
1306,29.7,gf,1.360,mm,OK,--,4:15:03 PM,12/27/2025,
1307,30.0,gf,1.340,mm,OK,--,4:15:03 PM,12/27/2025,
1308,30.2,gf,1.330,mm,OK,--,4:15:03 PM,12/27/2025,
1309,30.2,gf,1.320,mm,OK,--,4:15:03 PM,12/27/2025,
1310,30.4,gf,1.310,mm,OK,--,4:15:03 PM,12/27/2025,
1311,30.6,gf,1.305,mm,OK,--,4:15:04 PM,12/27/2025,
1312,30.3,gf,1.300,mm,OK,--,4:15:04 PM,12/27/2025,
1313,30.4,gf,1.295,mm,OK,--,4:15:04 PM,12/27/2025,
1314,30.6,gf,1.285,mm,OK,--,4:15:04 PM,12/27/2025,
1315,30.6,gf,1.280,mm,OK,--,4:15:04 PM,12/27/2025,
1316,30.5,gf,1.275,mm,OK,--,4:15:04 PM,12/27/2025,
1317,30.4,gf,1.270,mm,OK,--,4:15:04 PM,12/27/2025,
1318,30.5,gf,1.265,mm,OK,--,4:15:04 PM,12/27/2025,
1319,30.7,gf,1.260,mm,OK,--,4:15:04 PM,12/27/2025,
1320,30.7,gf,1.255,mm,OK,--,4:15:04 PM,12/27/2025,
1321,30.9,gf,1.250,mm,OK,--,4:15:05 PM,12/27/2025,
1322,30.9,gf,1.245,mm,OK,--,4:15:05 PM,12/27/2025,
1323,30.8,gf,1.240,mm,OK,--,4:15:05 PM,12/27/2025,
1324,30.7,gf,1.230,mm,OK,--,4:15:05 PM,12/27/2025,
1325,31.0,gf,1.225,mm,OK,--,4:15:05 PM,12/27/2025,
1326,31.0,gf,1.225,mm,OK,--,4:15:05 PM,12/27/2025,
1327,30.9,gf,1.220,mm,OK,--,4:15:05 PM,12/27/2025,
1328,30.9,gf,1.210,mm,OK,--,4:15:05 PM,12/27/2025,
1329,30.8,gf,1.205,mm,OK,--,4:15:05 PM,12/27/2025,
1330,30.9,gf,1.195,mm,OK,--,4:15:05 PM,12/27/2025,
1331,31.1,gf,1.185,mm,OK,--,4:15:06 PM,12/27/2025,
1332,31.3,gf,1.175,mm,OK,--,4:15:06 PM,12/27/2025,
1333,31.4,gf,1.165,mm,OK,--,4:15:06 PM,12/27/2025,
1334,31.6,gf,1.160,mm,OK,--,4:15:06 PM,12/27/2025,
1335,31.5,gf,1.155,mm,OK,--,4:15:06 PM,12/27/2025,
1336,31.5,gf,1.145,mm,OK,--,4:15:06 PM,12/27/2025,
1337,31.6,gf,1.135,mm,OK,--,4:15:06 PM,12/27/2025,
1338,31.9,gf,1.130,mm,OK,--,4:15:06 PM,12/27/2025,
1339,31.9,gf,1.125,mm,OK,--,4:15:06 PM,12/27/2025,
1340,31.8,gf,1.115,mm,OK,--,4:15:06 PM,12/27/2025,
1341,32.1,gf,1.110,mm,OK,--,4:15:07 PM,12/27/2025,
1342,32.2,gf,1.105,mm,OK,--,4:15:07 PM,12/27/2025,
1343,32.1,gf,1.100,mm,OK,--,4:15:07 PM,12/27/2025,
1344,32.1,gf,1.095,mm,OK,--,4:15:07 PM,12/27/2025,
1345,32.3,gf,1.090,mm,OK,--,4:15:07 PM,12/27/2025,
1346,32.3,gf,1.085,mm,OK,--,4:15:07 PM,12/27/2025,
1347,32.2,gf,1.080,mm,OK,--,4:15:07 PM,12/27/2025,
1348,32.4,gf,1.080,mm,OK,--,4:15:07 PM,12/27/2025,
1349,32.6,gf,1.075,mm,OK,--,4:15:07 PM,12/27/2025,
1350,32.5,gf,1.075,mm,OK,--,4:15:07 PM,12/27/2025,
1351,32.2,gf,1.070,mm,OK,--,4:15:08 PM,12/27/2025,
1352,32.1,gf,1.065,mm,OK,--,4:15:08 PM,12/27/2025,
1353,32.4,gf,1.060,mm,OK,--,4:15:08 PM,12/27/2025,
1354,32.5,gf,1.055,mm,OK,--,4:15:08 PM,12/27/2025,
1355,32.4,gf,1.050,mm,OK,--,4:15:08 PM,12/27/2025,
1356,32.4,gf,1.045,mm,OK,--,4:15:08 PM,12/27/2025,
1357,32.6,gf,1.040,mm,OK,--,4:15:08 PM,12/27/2025,
1358,32.9,gf,1.035,mm,OK,--,4:15:08 PM,12/27/2025,
1359,33.0,gf,1.030,mm,OK,--,4:15:08 PM,12/27/2025,
1360,32.8,gf,1.025,mm,OK,--,4:15:08 PM,12/27/2025,
1361,32.8,gf,1.020,mm,OK,--,4:15:09 PM,12/27/2025,
1362,32.9,gf,1.015,mm,OK,--,4:15:09 PM,12/27/2025,
1363,33.0,gf,1.015,mm,OK,--,4:15:09 PM,12/27/2025,
1364,33.0,gf,1.010,mm,OK,--,4:15:09 PM,12/27/2025,
1365,32.8,gf,1.005,mm,OK,--,4:15:09 PM,12/27/2025,
1366,32.9,gf,1.000,mm,OK,--,4:15:09 PM,12/27/2025,
1367,32.9,gf,0.990,mm,OK,--,4:15:09 PM,12/27/2025,
1368,32.9,gf,0.985,mm,OK,--,4:15:09 PM,12/27/2025,
1369,33.1,gf,0.980,mm,OK,--,4:15:09 PM,12/27/2025,
1370,33.0,gf,0.970,mm,OK,--,4:15:09 PM,12/27/2025,
1371,33.0,gf,0.965,mm,OK,--,4:15:10 PM,12/27/2025,
1372,33.1,gf,0.955,mm,OK,--,4:15:10 PM,12/27/2025,
1373,33.3,gf,0.945,mm,OK,--,4:15:10 PM,12/27/2025,
1374,33.2,gf,0.935,mm,OK,--,4:15:10 PM,12/27/2025,
1375,33.3,gf,0.925,mm,OK,--,4:15:10 PM,12/27/2025,
1376,33.2,gf,0.910,mm,OK,--,4:15:10 PM,12/27/2025,
1377,33.5,gf,0.900,mm,OK,--,4:15:10 PM,12/27/2025,
1378,33.7,gf,0.890,mm,OK,--,4:15:10 PM,12/27/2025,
1379,33.7,gf,0.885,mm,OK,--,4:15:10 PM,12/27/2025,
1380,33.8,gf,0.880,mm,OK,--,4:15:10 PM,12/27/2025,
1381,33.7,gf,0.875,mm,OK,--,4:15:11 PM,12/27/2025,
1382,34.0,gf,0.870,mm,OK,--,4:15:11 PM,12/27/2025,
1383,34.3,gf,0.870,mm,OK,--,4:15:11 PM,12/27/2025,
1384,34.3,gf,0.870,mm,OK,--,4:15:11 PM,12/27/2025,
1385,34.1,gf,0.870,mm,OK,--,4:15:11 PM,12/27/2025,
1386,34.0,gf,0.865,mm,OK,--,4:15:11 PM,12/27/2025,
1387,33.9,gf,0.860,mm,OK,--,4:15:11 PM,12/27/2025,
1388,33.9,gf,0.860,mm,OK,--,4:15:11 PM,12/27/2025,
1389,33.9,gf,0.855,mm,OK,--,4:15:11 PM,12/27/2025,
1390,34.0,gf,0.850,mm,OK,--,4:15:11 PM,12/27/2025,
1391,34.2,gf,0.850,mm,OK,--,4:15:12 PM,12/27/2025,
1392,34.3,gf,0.845,mm,OK,--,4:15:12 PM,12/27/2025,
1393,34.4,gf,0.845,mm,OK,--,4:15:12 PM,12/27/2025,
1394,34.2,gf,0.840,mm,OK,--,4:15:12 PM,12/27/2025,
1395,34.1,gf,0.835,mm,OK,--,4:15:12 PM,12/27/2025,
1396,34.0,gf,0.835,mm,OK,--,4:15:12 PM,12/27/2025,
1397,33.9,gf,0.830,mm,OK,--,4:15:12 PM,12/27/2025,
1398,34.2,gf,0.825,mm,OK,--,4:15:12 PM,12/27/2025,
1399,34.5,gf,0.820,mm,OK,--,4:15:12 PM,12/27/2025,
1400,34.5,gf,0.820,mm,OK,--,4:15:12 PM,12/27/2025,
1401,34.5,gf,0.815,mm,OK,--,4:15:13 PM,12/27/2025,
1402,34.3,gf,0.810,mm,OK,--,4:15:13 PM,12/27/2025,
1403,34.4,gf,0.805,mm,OK,--,4:15:13 PM,12/27/2025,
1404,34.4,gf,0.795,mm,OK,--,4:15:13 PM,12/27/2025,
1405,34.8,gf,0.785,mm,OK,--,4:15:13 PM,12/27/2025,
1406,34.8,gf,0.775,mm,OK,--,4:15:13 PM,12/27/2025,
1407,35.1,gf,0.765,mm,OK,--,4:15:13 PM,12/27/2025,
1408,35.1,gf,0.755,mm,OK,--,4:15:13 PM,12/27/2025,
1409,35.2,gf,0.750,mm,OK,--,4:15:13 PM,12/27/2025,
1410,35.2,gf,0.740,mm,OK,--,4:15:13 PM,12/27/2025,
1411,35.4,gf,0.730,mm,OK,--,4:15:14 PM,12/27/2025,
1412,35.8,gf,0.725,mm,OK,--,4:15:14 PM,12/27/2025,
1413,36.0,gf,0.720,mm,OK,--,4:15:14 PM,12/27/2025,
1414,35.9,gf,0.710,mm,OK,--,4:15:14 PM,12/27/2025,
1415,35.8,gf,0.705,mm,OK,--,4:15:14 PM,12/27/2025,
1416,36.0,gf,0.695,mm,OK,--,4:15:14 PM,12/27/2025,
1417,36.4,gf,0.690,mm,OK,--,4:15:14 PM,12/27/2025,
1418,36.6,gf,0.685,mm,OK,--,4:15:14 PM,12/27/2025,
1419,36.7,gf,0.685,mm,OK,--,4:15:14 PM,12/27/2025,
1420,36.8,gf,0.685,mm,OK,--,4:15:14 PM,12/27/2025,
1421,36.8,gf,0.680,mm,OK,--,4:15:15 PM,12/27/2025,
1422,36.8,gf,0.680,mm,OK,--,4:15:15 PM,12/27/2025,
1423,36.7,gf,0.680,mm,OK,--,4:15:15 PM,12/27/2025,
1424,36.3,gf,0.675,mm,OK,--,4:15:15 PM,12/27/2025,
1425,36.3,gf,0.670,mm,OK,--,4:15:15 PM,12/27/2025,
1426,36.5,gf,0.665,mm,OK,--,4:15:15 PM,12/27/2025,
1427,36.7,gf,0.665,mm,OK,--,4:15:15 PM,12/27/2025,
1428,36.8,gf,0.660,mm,OK,--,4:15:15 PM,12/27/2025,
1429,36.8,gf,0.660,mm,OK,--,4:15:15 PM,12/27/2025,
1430,36.8,gf,0.660,mm,OK,--,4:15:15 PM,12/27/2025,
1431,36.7,gf,0.655,mm,OK,--,4:15:16 PM,12/27/2025,
1432,36.4,gf,0.650,mm,OK,--,4:15:16 PM,12/27/2025,
1433,36.5,gf,0.650,mm,OK,--,4:15:16 PM,12/27/2025,
1434,36.4,gf,0.645,mm,OK,--,4:15:16 PM,12/27/2025,
1435,36.5,gf,0.635,mm,OK,--,4:15:16 PM,12/27/2025,
1436,36.9,gf,0.630,mm,OK,--,4:15:16 PM,12/27/2025,
1437,37.2,gf,0.630,mm,OK,--,4:15:16 PM,12/27/2025,
1438,37.1,gf,0.625,mm,OK,--,4:15:16 PM,12/27/2025,
1439,37.0,gf,0.625,mm,OK,--,4:15:16 PM,12/27/2025,
1440,37.0,gf,0.620,mm,OK,--,4:15:16 PM,12/27/2025,
1441,36.8,gf,0.610,mm,OK,--,4:15:17 PM,12/27/2025,
1442,37.0,gf,0.600,mm,OK,--,4:15:17 PM,12/27/2025,
1443,37.2,gf,0.595,mm,OK,--,4:15:17 PM,12/27/2025,
1444,37.3,gf,0.590,mm,OK,--,4:15:17 PM,12/27/2025,
1445,37.4,gf,0.585,mm,OK,--,4:15:17 PM,12/27/2025,
1446,37.4,gf,0.585,mm,OK,--,4:15:17 PM,12/27/2025,
1447,37.5,gf,0.580,mm,OK,--,4:15:17 PM,12/27/2025,
1448,37.4,gf,0.575,mm,OK,--,4:15:17 PM,12/27/2025,
1449,37.4,gf,0.575,mm,OK,--,4:15:17 PM,12/27/2025,
1450,37.3,gf,0.570,mm,OK,--,4:15:17 PM,12/27/2025,
1451,37.3,gf,0.560,mm,OK,--,4:15:18 PM,12/27/2025,
1452,37.5,gf,0.555,mm,OK,--,4:15:18 PM,12/27/2025,
1453,37.5,gf,0.550,mm,OK,--,4:15:18 PM,12/27/2025,
1454,37.3,gf,0.545,mm,OK,--,4:15:18 PM,12/27/2025,
1455,37.6,gf,0.540,mm,OK,--,4:15:18 PM,12/27/2025,
1456,37.6,gf,0.535,mm,OK,--,4:15:18 PM,12/27/2025,
1457,37.5,gf,0.525,mm,OK,--,4:15:18 PM,12/27/2025,
1458,37.7,gf,0.520,mm,OK,--,4:15:18 PM,12/27/2025,
1459,37.9,gf,0.515,mm,OK,--,4:15:18 PM,12/27/2025,
1460,38.0,gf,0.510,mm,OK,--,4:15:18 PM,12/27/2025,
1461,37.9,gf,0.505,mm,OK,--,4:15:19 PM,12/27/2025,
1462,38.1,gf,0.500,mm,OK,--,4:15:19 PM,12/27/2025,
1463,38.2,gf,0.495,mm,OK,--,4:15:19 PM,12/27/2025,
1464,38.3,gf,0.485,mm,OK,--,4:15:19 PM,12/27/2025,
1465,38.6,gf,0.480,mm,OK,--,4:15:19 PM,12/27/2025,
1466,38.6,gf,0.475,mm,OK,--,4:15:19 PM,12/27/2025,
1467,38.8,gf,0.475,mm,OK,--,4:15:19 PM,12/27/2025,
1468,38.8,gf,0.470,mm,OK,--,4:15:19 PM,12/27/2025,
1469,38.8,gf,0.465,mm,OK,--,4:15:19 PM,12/27/2025,
1470,38.8,gf,0.460,mm,OK,--,4:15:19 PM,12/27/2025,
1471,38.9,gf,0.455,mm,OK,--,4:15:20 PM,12/27/2025,
1472,38.9,gf,0.450,mm,OK,--,4:15:20 PM,12/27/2025,
1473,38.8,gf,0.445,mm,OK,--,4:15:20 PM,12/27/2025,
1474,38.9,gf,0.440,mm,OK,--,4:15:20 PM,12/27/2025,
1475,38.9,gf,0.440,mm,OK,--,4:15:20 PM,12/27/2025,
1476,39.1,gf,0.435,mm,OK,--,4:15:20 PM,12/27/2025,
1477,38.9,gf,0.430,mm,OK,--,4:15:20 PM,12/27/2025,
1478,38.9,gf,0.425,mm,OK,--,4:15:20 PM,12/27/2025,
1479,38.9,gf,0.420,mm,OK,--,4:15:20 PM,12/27/2025,
1480,38.8,gf,0.415,mm,OK,--,4:15:20 PM,12/27/2025,
1481,38.8,gf,0.410,mm,OK,--,4:15:21 PM,12/27/2025,
1482,38.9,gf,0.400,mm,OK,--,4:15:21 PM,12/27/2025,
1483,39.1,gf,0.395,mm,OK,--,4:15:21 PM,12/27/2025,
1484,38.8,gf,0.380,mm,OK,--,4:15:21 PM,12/27/2025,
1485,39.0,gf,0.365,mm,OK,--,4:15:21 PM,12/27/2025,
1486,39.2,gf,0.360,mm,OK,--,4:15:21 PM,12/27/2025,
1487,39.4,gf,0.355,mm,OK,--,4:15:21 PM,12/27/2025,
1488,39.4,gf,0.350,mm,OK,--,4:15:21 PM,12/27/2025,
1489,39.1,gf,0.345,mm,OK,--,4:15:21 PM,12/27/2025,
1490,39.0,gf,0.335,mm,OK,--,4:15:21 PM,12/27/2025,
1491,39.2,gf,0.330,mm,OK,--,4:15:22 PM,12/27/2025,
1492,39.2,gf,0.320,mm,OK,--,4:15:22 PM,12/27/2025,
1493,38.9,gf,0.310,mm,OK,--,4:15:22 PM,12/27/2025,
1494,39.4,gf,0.290,mm,OK,--,4:15:22 PM,12/27/2025,
1495,39.7,gf,0.285,mm,OK,--,4:15:22 PM,12/27/2025,
1496,39.7,gf,0.280,mm,OK,--,4:15:22 PM,12/27/2025,
1497,39.6,gf,0.275,mm,OK,--,4:15:22 PM,12/27/2025,
1498,39.4,gf,0.270,mm,OK,--,4:15:22 PM,12/27/2025,
1499,39.5,gf,0.265,mm,OK,--,4:15:22 PM,12/27/2025,
1500,39.6,gf,0.260,mm,OK,--,4:15:22 PM,12/27/2025,
1501,39.7,gf,0.260,mm,OK,--,4:15:23 PM,12/27/2025,
1502,39.7,gf,0.255,mm,OK,--,4:15:23 PM,12/27/2025,
1503,39.6,gf,0.255,mm,OK,--,4:15:23 PM,12/27/2025,
1504,39.4,gf,0.250,mm,OK,--,4:15:23 PM,12/27/2025,
1505,39.4,gf,0.245,mm,OK,--,4:15:23 PM,12/27/2025,
1506,39.4,gf,0.240,mm,OK,--,4:15:23 PM,12/27/2025,
1507,39.4,gf,0.235,mm,OK,--,4:15:23 PM,12/27/2025,
1508,39.2,gf,0.235,mm,OK,--,4:15:23 PM,12/27/2025,
1509,38.9,gf,0.225,mm,OK,--,4:15:23 PM,12/27/2025,
1510,38.9,gf,0.220,mm,OK,--,4:15:23 PM,12/27/2025,
1511,39.0,gf,0.215,mm,OK,--,4:15:24 PM,12/27/2025,
1512,39.0,gf,0.210,mm,OK,--,4:15:24 PM,12/27/2025,
1513,39.0,gf,0.210,mm,OK,--,4:15:24 PM,12/27/2025,
1514,38.9,gf,0.205,mm,OK,--,4:15:24 PM,12/27/2025,
1515,38.8,gf,0.205,mm,OK,--,4:15:24 PM,12/27/2025,
1516,38.8,gf,0.205,mm,OK,--,4:15:24 PM,12/27/2025,
1517,38.8,gf,0.200,mm,OK,--,4:15:24 PM,12/27/2025,
1518,38.8,gf,0.200,mm,OK,--,4:15:24 PM,12/27/2025,
1519,38.6,gf,0.195,mm,OK,--,4:15:24 PM,12/27/2025,
1520,38.4,gf,0.195,mm,OK,--,4:15:24 PM,12/27/2025,
1521,38.5,gf,0.190,mm,OK,--,4:15:25 PM,12/27/2025,
1522,38.5,gf,0.190,mm,OK,--,4:15:25 PM,12/27/2025,
1523,38.5,gf,0.190,mm,OK,--,4:15:25 PM,12/27/2025,
1524,38.3,gf,0.185,mm,OK,--,4:15:25 PM,12/27/2025,
1525,38.3,gf,0.185,mm,OK,--,4:15:25 PM,12/27/2025,
1526,38.2,gf,0.180,mm,OK,--,4:15:25 PM,12/27/2025,
1527,38.2,gf,0.180,mm,OK,--,4:15:25 PM,12/27/2025,
1528,38.0,gf,0.180,mm,OK,--,4:15:25 PM,12/27/2025,
1529,37.8,gf,0.175,mm,OK,--,4:15:25 PM,12/27/2025,
1530,37.6,gf,0.170,mm,OK,--,4:15:25 PM,12/27/2025,
1531,37.4,gf,0.170,mm,OK,--,4:15:26 PM,12/27/2025,
1532,37.4,gf,0.165,mm,OK,--,4:15:26 PM,12/27/2025,
1533,37.2,gf,0.160,mm,OK,--,4:15:26 PM,12/27/2025,
1534,37.1,gf,0.160,mm,OK,--,4:15:26 PM,12/27/2025,
1535,36.7,gf,0.155,mm,OK,--,4:15:26 PM,12/27/2025,
1536,36.5,gf,0.150,mm,OK,--,4:15:26 PM,12/27/2025,
1537,36.4,gf,0.150,mm,OK,--,4:15:26 PM,12/27/2025,
1538,36.3,gf,0.145,mm,OK,--,4:15:26 PM,12/27/2025,
1539,35.7,gf,0.140,mm,OK,--,4:15:26 PM,12/27/2025,
1540,35.2,gf,0.135,mm,OK,--,4:15:26 PM,12/27/2025,
1541,34.7,gf,0.125,mm,OK,--,4:15:27 PM,12/27/2025,
1542,34.2,gf,0.120,mm,OK,--,4:15:27 PM,12/27/2025,
1543,33.2,gf,0.110,mm,OK,--,4:15:27 PM,12/27/2025,
1544,31.8,gf,0.090,mm,OK,--,4:15:27 PM,12/27/2025,
1545,28.5,gf,0.070,mm,OK,--,4:15:27 PM,12/27/2025,
1546,18.1,gf,0.045,mm,OK,--,4:15:27 PM,12/27/2025,
1547,0.0,gf,0.025,mm,OK,--,4:15:27 PM,12/27/2025,
1548,0.0,gf,0.000,mm,OK,--,4:15:27 PM,12/27/2025,
1549,0.1,gf,-0.025,mm,OK,--,4:15:27 PM,12/27/2025,
1550,0.1,gf,-0.040,mm,OK,--,4:15:27 PM,12/27/2025,
1551,0.0,gf,-0.050,mm,OK,--,4:15:28 PM,12/27/2025,
1552,0.1,gf,-0.060,mm,OK,--,4:15:28 PM,12/27/2025,
1553,0.0,gf,-0.060,mm,OK,--,4:15:28 PM,12/27/2025,
1554,0.1,gf,-0.060,mm,OK,--,4:15:28 PM,12/27/2025,
1555,0.0,gf,-0.060,mm,OK,--,4:15:28 PM,12/27/2025,
1556,0.0,gf,-0.060,mm,OK,--,4:15:28 PM,12/27/2025,
1557,-0.1,gf,-0.060,mm,OK,--,4:15:28 PM,12/27/2025,
1558,0.0,gf,-0.060,mm,OK,--,4:15:28 PM,12/27/2025,
1559,0.0,gf,-0.060,mm,OK,--,4:15:28 PM,12/27/2025,
1560,0.0,gf,-0.060,mm,OK,--,4:15:28 PM,12/27/2025,
1561,0.0,gf,-0.060,mm,OK,--,4:15:29 PM,12/27/2025,
1562,0.0,gf,-0.060,mm,OK,--,4:15:29 PM,12/27/2025,
1563,-0.2,gf,-0.060,mm,OK,--,4:15:29 PM,12/27/2025,
1564,0.0,gf,-0.055,mm,OK,--,4:15:29 PM,12/27/2025,
1565,-0.1,gf,-0.055,mm,OK,--,4:15:29 PM,12/27/2025,
1566,0.0,gf,-0.050,mm,OK,--,4:15:29 PM,12/27/2025,
1567,0.0,gf,-0.050,mm,OK,--,4:15:29 PM,12/27/2025,
1568,0.0,gf,-0.050,mm,OK,--,4:15:29 PM,12/27/2025,
1569,0.0,gf,-0.045,mm,OK,--,4:15:29 PM,12/27/2025,
1570,0.0,gf,-0.045,mm,OK,--,4:15:29 PM,12/27/2025,
1571,0.0,gf,-0.045,mm,OK,--,4:15:30 PM,12/27/2025,
1572,0.0,gf,-0.040,mm,OK,--,4:15:30 PM,12/27/2025,
1573,0.1,gf,-0.040,mm,OK,--,4:15:30 PM,12/27/2025,
1574,0.0,gf,-0.040,mm,OK,--,4:15:30 PM,12/27/2025,
1575,0.0,gf,-0.035,mm,OK,--,4:15:30 PM,12/27/2025,
1576,0.1,gf,-0.035,mm,OK,--,4:15:30 PM,12/27/2025,
1577,0.0,gf,-0.035,mm,OK,--,4:15:30 PM,12/27/2025,
1578,0.1,gf,-0.030,mm,OK,--,4:15:30 PM,12/27/2025,
