Maximum,192.3,@,No.847,,,,,,
Minimum,-0.2,@,No.1561,,,,,,
Average,59.94,,,,,,,,
Data Quantity,1576,,,,,,,,
Number of NG,0,,,,,,,,
No.,Force,Unit,Displacement,Unit,Judge,Position,Time,Date,
1,0.0,gf,0.000,mm,OK,--,8:59:45 PM,7/31/2025,
2,0.0,gf,0.000,mm,OK,--,8:59:45 PM,7/31/2025,
3,-0.1,gf,0.000,mm,OK,--,8:59:45 PM,7/31/2025,
4,-0.1,gf,0.000,mm,OK,--,8:59:45 PM,7/31/2025,
5,0.1,gf,0.000,mm,OK,--,8:59:45 PM,7/31/2025,
6,0.0,gf,0.000,mm,OK,--,8:59:46 PM,7/31/2025,
7,0.0,gf,0.000,mm,OK,--,8:59:46 PM,7/31/2025,
8,0.0,gf,0.000,mm,OK,--,8:59:46 PM,7/31/2025,
9,0.0,gf,0.000,mm,OK,--,8:59:46 PM,7/31/2025,
10,0.0,gf,0.000,mm,OK,--,8:59:46 PM,7/31/2025,
11,-0.1,gf,0.000,mm,OK,--,8:59:46 PM,7/31/2025,
12,0.0,gf,0.000,mm,OK,--,8:59:46 PM,7/31/2025,
13,0.0,gf,0.000,mm,OK,--,8:59:46 PM,7/31/2025,
14,0.0,gf,0.000,mm,OK,--,8:59:46 PM,7/31/2025,
15,-0.1,gf,0.000,mm,OK,--,8:59:46 PM,7/31/2025,
16,0.0,gf,0.000,mm,OK,--,8:59:47 PM,7/31/2025,
17,0.0,gf,0.000,mm,OK,--,8:59:47 PM,7/31/2025,
18,0.0,gf,0.000,mm,OK,--,8:59:47 PM,7/31/2025,
19,0.0,gf,0.000,mm,OK,--,8:59:47 PM,7/31/2025,
20,0.0,gf,0.000,mm,OK,--,8:59:47 PM,7/31/2025,
21,0.0,gf,0.000,mm,OK,--,8:59:47 PM,7/31/2025,
22,0.0,gf,0.000,mm,OK,--,8:59:47 PM,7/31/2025,
23,0.0,gf,0.000,mm,OK,--,8:59:47 PM,7/31/2025,
24,0.0,gf,0.000,mm,OK,--,8:59:47 PM,7/31/2025,
25,0.0,gf,0.000,mm,OK,--,8:59:47 PM,7/31/2025,
26,0.0,gf,0.000,mm,OK,--,8:59:48 PM,7/31/2025,
27,0.0,gf,0.000,mm,OK,--,8:59:48 PM,7/31/2025,
28,0.0,gf,0.005,mm,OK,--,8:59:48 PM,7/31/2025,
29,0.0,gf,0.005,mm,OK,--,8:59:48 PM,7/31/2025,
30,0.0,gf,0.005,mm,OK,--,8:59:48 PM,7/31/2025,
31,0.0,gf,0.005,mm,OK,--,8:59:48 PM,7/31/2025,
32,0.0,gf,0.010,mm,OK,--,8:59:48 PM,7/31/2025,
33,-0.1,gf,0.010,mm,OK,--,8:59:48 PM,7/31/2025,
34,0.0,gf,0.015,mm,OK,--,8:59:48 PM,7/31/2025,
35,0.0,gf,0.015,mm,OK,--,8:59:48 PM,7/31/2025,
36,0.0,gf,0.015,mm,OK,--,8:59:49 PM,7/31/2025,
37,0.0,gf,0.020,mm,OK,--,8:59:49 PM,7/31/2025,
38,0.0,gf,0.020,mm,OK,--,8:59:49 PM,7/31/2025,
39,0.0,gf,0.025,mm,OK,--,8:59:49 PM,7/31/2025,
40,0.0,gf,0.025,mm,OK,--,8:59:49 PM,7/31/2025,
41,0.0,gf,0.025,mm,OK,--,8:59:49 PM,7/31/2025,
42,0.0,gf,0.030,mm,OK,--,8:59:49 PM,7/31/2025,
43,0.0,gf,0.030,mm,OK,--,8:59:49 PM,7/31/2025,
44,0.0,gf,0.035,mm,OK,--,8:59:49 PM,7/31/2025,
45,0.0,gf,0.035,mm,OK,--,8:59:49 PM,7/31/2025,
46,0.0,gf,0.040,mm,OK,--,8:59:50 PM,7/31/2025,
47,0.0,gf,0.045,mm,OK,--,8:59:50 PM,7/31/2025,
48,0.0,gf,0.045,mm,OK,--,8:59:50 PM,7/31/2025,
49,0.0,gf,0.050,mm,OK,--,8:59:50 PM,7/31/2025,
50,0.0,gf,0.055,mm,OK,--,8:59:50 PM,7/31/2025,
51,0.0,gf,0.055,mm,OK,--,8:59:50 PM,7/31/2025,
52,0.0,gf,0.060,mm,OK,--,8:59:50 PM,7/31/2025,
53,0.0,gf,0.065,mm,OK,--,8:59:50 PM,7/31/2025,
54,0.0,gf,0.070,mm,OK,--,8:59:50 PM,7/31/2025,
55,0.0,gf,0.075,mm,OK,--,8:59:50 PM,7/31/2025,
56,0.0,gf,0.080,mm,OK,--,8:59:51 PM,7/31/2025,
57,0.0,gf,0.085,mm,OK,--,8:59:51 PM,7/31/2025,
58,0.1,gf,0.090,mm,OK,--,8:59:51 PM,7/31/2025,
59,0.0,gf,0.090,mm,OK,--,8:59:51 PM,7/31/2025,
60,0.0,gf,0.095,mm,OK,--,8:59:51 PM,7/31/2025,
61,0.1,gf,0.095,mm,OK,--,8:59:51 PM,7/31/2025,
62,0.0,gf,0.100,mm,OK,--,8:59:51 PM,7/31/2025,
63,0.0,gf,0.105,mm,OK,--,8:59:51 PM,7/31/2025,
64,0.0,gf,0.110,mm,OK,--,8:59:51 PM,7/31/2025,
65,0.0,gf,0.115,mm,OK,--,8:59:51 PM,7/31/2025,
66,0.0,gf,0.115,mm,OK,--,8:59:52 PM,7/31/2025,
67,0.0,gf,0.120,mm,OK,--,8:59:52 PM,7/31/2025,
68,0.0,gf,0.125,mm,OK,--,8:59:52 PM,7/31/2025,
69,0.0,gf,0.130,mm,OK,--,8:59:52 PM,7/31/2025,
70,0.0,gf,0.135,mm,OK,--,8:59:52 PM,7/31/2025,
71,0.0,gf,0.140,mm,OK,--,8:59:52 PM,7/31/2025,
72,0.0,gf,0.140,mm,OK,--,8:59:52 PM,7/31/2025,
73,0.0,gf,0.145,mm,OK,--,8:59:52 PM,7/31/2025,
74,-0.1,gf,0.150,mm,OK,--,8:59:52 PM,7/31/2025,
75,0.0,gf,0.155,mm,OK,--,8:59:52 PM,7/31/2025,
76,0.0,gf,0.155,mm,OK,--,8:59:53 PM,7/31/2025,
77,0.0,gf,0.160,mm,OK,--,8:59:53 PM,7/31/2025,
78,0.0,gf,0.165,mm,OK,--,8:59:53 PM,7/31/2025,
79,0.0,gf,0.170,mm,OK,--,8:59:53 PM,7/31/2025,
80,0.0,gf,0.175,mm,OK,--,8:59:53 PM,7/31/2025,
81,0.0,gf,0.180,mm,OK,--,8:59:53 PM,7/31/2025,
82,0.0,gf,0.185,mm,OK,--,8:59:53 PM,7/31/2025,
83,0.0,gf,0.185,mm,OK,--,8:59:53 PM,7/31/2025,
84,0.0,gf,0.190,mm,OK,--,8:59:53 PM,7/31/2025,
85,0.0,gf,0.195,mm,OK,--,8:59:53 PM,7/31/2025,
86,-0.1,gf,0.200,mm,OK,--,8:59:54 PM,7/31/2025,
87,0.0,gf,0.200,mm,OK,--,8:59:54 PM,7/31/2025,
88,0.0,gf,0.205,mm,OK,--,8:59:54 PM,7/31/2025,
89,0.0,gf,0.210,mm,OK,--,8:59:54 PM,7/31/2025,
90,0.0,gf,0.215,mm,OK,--,8:59:54 PM,7/31/2025,
91,0.0,gf,0.220,mm,OK,--,8:59:54 PM,7/31/2025,
92,0.0,gf,0.225,mm,OK,--,8:59:54 PM,7/31/2025,
93,0.0,gf,0.230,mm,OK,--,8:59:54 PM,7/31/2025,
94,0.0,gf,0.235,mm,OK,--,8:59:54 PM,7/31/2025,
95,-0.1,gf,0.240,mm,OK,--,8:59:54 PM,7/31/2025,
96,0.0,gf,0.245,mm,OK,--,8:59:55 PM,7/31/2025,
97,-0.1,gf,0.250,mm,OK,--,8:59:55 PM,7/31/2025,
98,-0.1,gf,0.255,mm,OK,--,8:59:55 PM,7/31/2025,
99,0.0,gf,0.260,mm,OK,--,8:59:55 PM,7/31/2025,
100,-0.1,gf,0.265,mm,OK,--,8:59:55 PM,7/31/2025,
101,0.0,gf,0.270,mm,OK,--,8:59:55 PM,7/31/2025,
102,0.0,gf,0.270,mm,OK,--,8:59:55 PM,7/31/2025,
103,0.0,gf,0.275,mm,OK,--,8:59:55 PM,7/31/2025,
104,-0.1,gf,0.280,mm,OK,--,8:59:55 PM,7/31/2025,
105,0.0,gf,0.280,mm,OK,--,8:59:55 PM,7/31/2025,
106,-0.1,gf,0.285,mm,OK,--,8:59:56 PM,7/31/2025,
107,-0.1,gf,0.290,mm,OK,--,8:59:56 PM,7/31/2025,
108,-0.1,gf,0.290,mm,OK,--,8:59:56 PM,7/31/2025,
109,-0.1,gf,0.295,mm,OK,--,8:59:56 PM,7/31/2025,
110,0.0,gf,0.300,mm,OK,--,8:59:56 PM,7/31/2025,
111,2.6,gf,0.305,mm,OK,--,8:59:56 PM,7/31/2025,
112,5.9,gf,0.310,mm,OK,--,8:59:56 PM,7/31/2025,
113,9.0,gf,0.315,mm,OK,--,8:59:56 PM,7/31/2025,
114,11.3,gf,0.315,mm,OK,--,8:59:56 PM,7/31/2025,
115,13.3,gf,0.320,mm,OK,--,8:59:56 PM,7/31/2025,
116,15.0,gf,0.325,mm,OK,--,8:59:57 PM,7/31/2025,
117,16.6,gf,0.325,mm,OK,--,8:59:57 PM,7/31/2025,
118,18.4,gf,0.330,mm,OK,--,8:59:57 PM,7/31/2025,
119,20.0,gf,0.335,mm,OK,--,8:59:57 PM,7/31/2025,
120,21.5,gf,0.335,mm,OK,--,8:59:57 PM,7/31/2025,
121,23.0,gf,0.340,mm,OK,--,8:59:57 PM,7/31/2025,
122,24.6,gf,0.345,mm,OK,--,8:59:57 PM,7/31/2025,
123,25.8,gf,0.345,mm,OK,--,8:59:57 PM,7/31/2025,
124,27.0,gf,0.350,mm,OK,--,8:59:57 PM,7/31/2025,
125,28.1,gf,0.355,mm,OK,--,8:59:57 PM,7/31/2025,
126,29.3,gf,0.360,mm,OK,--,8:59:58 PM,7/31/2025,
127,30.0,gf,0.360,mm,OK,--,8:59:58 PM,7/31/2025,
128,30.6,gf,0.365,mm,OK,--,8:59:58 PM,7/31/2025,
129,31.1,gf,0.365,mm,OK,--,8:59:58 PM,7/31/2025,
130,31.3,gf,0.370,mm,OK,--,8:59:58 PM,7/31/2025,
131,31.8,gf,0.370,mm,OK,--,8:59:58 PM,7/31/2025,
132,31.9,gf,0.375,mm,OK,--,8:59:58 PM,7/31/2025,
133,32.5,gf,0.375,mm,OK,--,8:59:58 PM,7/31/2025,
134,33.3,gf,0.380,mm,OK,--,8:59:58 PM,7/31/2025,
135,33.9,gf,0.380,mm,OK,--,8:59:58 PM,7/31/2025,
136,34.4,gf,0.385,mm,OK,--,8:59:59 PM,7/31/2025,
137,34.7,gf,0.390,mm,OK,--,8:59:59 PM,7/31/2025,
138,35.0,gf,0.390,mm,OK,--,8:59:59 PM,7/31/2025,
139,35.3,gf,0.395,mm,OK,--,8:59:59 PM,7/31/2025,
140,35.6,gf,0.395,mm,OK,--,8:59:59 PM,7/31/2025,
141,35.2,gf,0.400,mm,OK,--,8:59:59 PM,7/31/2025,
142,35.2,gf,0.405,mm,OK,--,8:59:59 PM,7/31/2025,
143,35.5,gf,0.410,mm,OK,--,8:59:59 PM,7/31/2025,
144,35.8,gf,0.415,mm,OK,--,8:59:59 PM,7/31/2025,
145,35.9,gf,0.415,mm,OK,--,8:59:59 PM,7/31/2025,
146,36.1,gf,0.420,mm,OK,--,9:00:00 PM,7/31/2025,
147,36.2,gf,0.425,mm,OK,--,9:00:00 PM,7/31/2025,
148,36.1,gf,0.435,mm,OK,--,9:00:00 PM,7/31/2025,
149,36.0,gf,0.440,mm,OK,--,9:00:00 PM,7/31/2025,
150,36.1,gf,0.440,mm,OK,--,9:00:00 PM,7/31/2025,
151,36.1,gf,0.445,mm,OK,--,9:00:00 PM,7/31/2025,
152,36.2,gf,0.450,mm,OK,--,9:00:00 PM,7/31/2025,
153,36.2,gf,0.450,mm,OK,--,9:00:00 PM,7/31/2025,
154,36.2,gf,0.455,mm,OK,--,9:00:00 PM,7/31/2025,
155,36.2,gf,0.455,mm,OK,--,9:00:00 PM,7/31/2025,
156,36.2,gf,0.460,mm,OK,--,9:00:01 PM,7/31/2025,
157,36.2,gf,0.460,mm,OK,--,9:00:01 PM,7/31/2025,
158,36.2,gf,0.460,mm,OK,--,9:00:01 PM,7/31/2025,
159,36.2,gf,0.465,mm,OK,--,9:00:01 PM,7/31/2025,
160,36.2,gf,0.470,mm,OK,--,9:00:01 PM,7/31/2025,
161,36.2,gf,0.470,mm,OK,--,9:00:01 PM,7/31/2025,
162,36.3,gf,0.475,mm,OK,--,9:00:01 PM,7/31/2025,
163,36.3,gf,0.480,mm,OK,--,9:00:01 PM,7/31/2025,
164,36.3,gf,0.480,mm,OK,--,9:00:01 PM,7/31/2025,
165,36.3,gf,0.485,mm,OK,--,9:00:01 PM,7/31/2025,
166,36.4,gf,0.490,mm,OK,--,9:00:02 PM,7/31/2025,
167,36.4,gf,0.490,mm,OK,--,9:00:02 PM,7/31/2025,
168,36.4,gf,0.495,mm,OK,--,9:00:02 PM,7/31/2025,
169,36.3,gf,0.495,mm,OK,--,9:00:02 PM,7/31/2025,
170,36.3,gf,0.500,mm,OK,--,9:00:02 PM,7/31/2025,
171,36.4,gf,0.500,mm,OK,--,9:00:02 PM,7/31/2025,
172,36.4,gf,0.505,mm,OK,--,9:00:02 PM,7/31/2025,
173,36.4,gf,0.510,mm,OK,--,9:00:02 PM,7/31/2025,
174,36.4,gf,0.510,mm,OK,--,9:00:02 PM,7/31/2025,
175,36.4,gf,0.515,mm,OK,--,9:00:02 PM,7/31/2025,
176,36.4,gf,0.515,mm,OK,--,9:00:03 PM,7/31/2025,
177,36.4,gf,0.520,mm,OK,--,9:00:03 PM,7/31/2025,
178,36.5,gf,0.520,mm,OK,--,9:00:03 PM,7/31/2025,
179,36.6,gf,0.525,mm,OK,--,9:00:03 PM,7/31/2025,
180,36.5,gf,0.530,mm,OK,--,9:00:03 PM,7/31/2025,
181,36.5,gf,0.535,mm,OK,--,9:00:03 PM,7/31/2025,
182,36.6,gf,0.540,mm,OK,--,9:00:03 PM,7/31/2025,
183,36.6,gf,0.545,mm,OK,--,9:00:03 PM,7/31/2025,
184,36.6,gf,0.545,mm,OK,--,9:00:03 PM,7/31/2025,
185,36.7,gf,0.550,mm,OK,--,9:00:03 PM,7/31/2025,
186,36.7,gf,0.555,mm,OK,--,9:00:04 PM,7/31/2025,
187,36.8,gf,0.555,mm,OK,--,9:00:04 PM,7/31/2025,
188,36.8,gf,0.560,mm,OK,--,9:00:04 PM,7/31/2025,
189,36.8,gf,0.570,mm,OK,--,9:00:04 PM,7/31/2025,
190,36.8,gf,0.575,mm,OK,--,9:00:04 PM,7/31/2025,
191,36.9,gf,0.585,mm,OK,--,9:00:04 PM,7/31/2025,
192,37.0,gf,0.595,mm,OK,--,9:00:04 PM,7/31/2025,
193,37.1,gf,0.605,mm,OK,--,9:00:04 PM,7/31/2025,
194,37.1,gf,0.615,mm,OK,--,9:00:04 PM,7/31/2025,
195,37.2,gf,0.630,mm,OK,--,9:00:04 PM,7/31/2025,
196,37.2,gf,0.635,mm,OK,--,9:00:05 PM,7/31/2025,
197,37.3,gf,0.645,mm,OK,--,9:00:05 PM,7/31/2025,
198,37.4,gf,0.650,mm,OK,--,9:00:05 PM,7/31/2025,
199,37.4,gf,0.655,mm,OK,--,9:00:05 PM,7/31/2025,
200,37.5,gf,0.660,mm,OK,--,9:00:05 PM,7/31/2025,
201,37.6,gf,0.665,mm,OK,--,9:00:05 PM,7/31/2025,
202,37.6,gf,0.670,mm,OK,--,9:00:05 PM,7/31/2025,
203,37.6,gf,0.675,mm,OK,--,9:00:05 PM,7/31/2025,
204,37.6,gf,0.680,mm,OK,--,9:00:05 PM,7/31/2025,
205,37.6,gf,0.685,mm,OK,--,9:00:05 PM,7/31/2025,
206,37.7,gf,0.695,mm,OK,--,9:00:06 PM,7/31/2025,
207,37.8,gf,0.700,mm,OK,--,9:00:06 PM,7/31/2025,
208,37.8,gf,0.705,mm,OK,--,9:00:06 PM,7/31/2025,
209,37.9,gf,0.710,mm,OK,--,9:00:06 PM,7/31/2025,
210,37.9,gf,0.720,mm,OK,--,9:00:06 PM,7/31/2025,
211,37.9,gf,0.730,mm,OK,--,9:00:06 PM,7/31/2025,
212,38.1,gf,0.740,mm,OK,--,9:00:06 PM,7/31/2025,
213,38.1,gf,0.750,mm,OK,--,9:00:06 PM,7/31/2025,
214,38.2,gf,0.760,mm,OK,--,9:00:06 PM,7/31/2025,
215,38.3,gf,0.775,mm,OK,--,9:00:06 PM,7/31/2025,
216,38.4,gf,0.785,mm,OK,--,9:00:07 PM,7/31/2025,
217,38.4,gf,0.795,mm,OK,--,9:00:07 PM,7/31/2025,
218,38.5,gf,0.805,mm,OK,--,9:00:07 PM,7/31/2025,
219,38.6,gf,0.810,mm,OK,--,9:00:07 PM,7/31/2025,
220,38.7,gf,0.815,mm,OK,--,9:00:07 PM,7/31/2025,
221,38.7,gf,0.825,mm,OK,--,9:00:07 PM,7/31/2025,
222,38.8,gf,0.835,mm,OK,--,9:00:07 PM,7/31/2025,
223,38.9,gf,0.845,mm,OK,--,9:00:07 PM,7/31/2025,
224,39.0,gf,0.855,mm,OK,--,9:00:07 PM,7/31/2025,
225,39.1,gf,0.870,mm,OK,--,9:00:07 PM,7/31/2025,
226,39.2,gf,0.880,mm,OK,--,9:00:08 PM,7/31/2025,
227,39.2,gf,0.885,mm,OK,--,9:00:08 PM,7/31/2025,
228,39.2,gf,0.890,mm,OK,--,9:00:08 PM,7/31/2025,
229,39.3,gf,0.895,mm,OK,--,9:00:08 PM,7/31/2025,
230,39.3,gf,0.900,mm,OK,--,9:00:08 PM,7/31/2025,
231,39.4,gf,0.905,mm,OK,--,9:00:08 PM,7/31/2025,
232,39.5,gf,0.915,mm,OK,--,9:00:08 PM,7/31/2025,
233,39.5,gf,0.920,mm,OK,--,9:00:08 PM,7/31/2025,
234,39.6,gf,0.930,mm,OK,--,9:00:08 PM,7/31/2025,
235,39.7,gf,0.940,mm,OK,--,9:00:08 PM,7/31/2025,
236,39.7,gf,0.950,mm,OK,--,9:00:09 PM,7/31/2025,
237,39.8,gf,0.955,mm,OK,--,9:00:09 PM,7/31/2025,
238,39.9,gf,0.965,mm,OK,--,9:00:09 PM,7/31/2025,
239,39.9,gf,0.970,mm,OK,--,9:00:09 PM,7/31/2025,
240,40.0,gf,0.980,mm,OK,--,9:00:09 PM,7/31/2025,
241,40.1,gf,0.990,mm,OK,--,9:00:09 PM,7/31/2025,
242,40.1,gf,1.005,mm,OK,--,9:00:09 PM,7/31/2025,
243,40.3,gf,1.020,mm,OK,--,9:00:09 PM,7/31/2025,
244,40.4,gf,1.030,mm,OK,--,9:00:09 PM,7/31/2025,
245,40.4,gf,1.040,mm,OK,--,9:00:09 PM,7/31/2025,
246,40.6,gf,1.050,mm,OK,--,9:00:10 PM,7/31/2025,
247,40.7,gf,1.060,mm,OK,--,9:00:10 PM,7/31/2025,
248,40.7,gf,1.070,mm,OK,--,9:00:10 PM,7/31/2025,
249,40.8,gf,1.080,mm,OK,--,9:00:10 PM,7/31/2025,
250,40.9,gf,1.090,mm,OK,--,9:00:10 PM,7/31/2025,
251,41.0,gf,1.105,mm,OK,--,9:00:10 PM,7/31/2025,
252,41.2,gf,1.120,mm,OK,--,9:00:10 PM,7/31/2025,
253,41.3,gf,1.125,mm,OK,--,9:00:10 PM,7/31/2025,
254,41.3,gf,1.135,mm,OK,--,9:00:10 PM,7/31/2025,
255,41.3,gf,1.140,mm,OK,--,9:00:10 PM,7/31/2025,
256,41.4,gf,1.145,mm,OK,--,9:00:11 PM,7/31/2025,
257,41.4,gf,1.150,mm,OK,--,9:00:11 PM,7/31/2025,
258,41.4,gf,1.160,mm,OK,--,9:00:11 PM,7/31/2025,
259,41.6,gf,1.170,mm,OK,--,9:00:11 PM,7/31/2025,
260,41.6,gf,1.175,mm,OK,--,9:00:11 PM,7/31/2025,
261,41.7,gf,1.185,mm,OK,--,9:00:11 PM,7/31/2025,
262,41.7,gf,1.190,mm,OK,--,9:00:11 PM,7/31/2025,
263,41.7,gf,1.195,mm,OK,--,9:00:11 PM,7/31/2025,
264,41.8,gf,1.200,mm,OK,--,9:00:11 PM,7/31/2025,
265,41.8,gf,1.205,mm,OK,--,9:00:11 PM,7/31/2025,
266,41.8,gf,1.210,mm,OK,--,9:00:12 PM,7/31/2025,
267,41.9,gf,1.215,mm,OK,--,9:00:12 PM,7/31/2025,
268,41.9,gf,1.220,mm,OK,--,9:00:12 PM,7/31/2025,
269,41.9,gf,1.225,mm,OK,--,9:00:12 PM,7/31/2025,
270,41.9,gf,1.230,mm,OK,--,9:00:12 PM,7/31/2025,
271,41.9,gf,1.230,mm,OK,--,9:00:12 PM,7/31/2025,
272,42.0,gf,1.235,mm,OK,--,9:00:12 PM,7/31/2025,
273,42.0,gf,1.235,mm,OK,--,9:00:12 PM,7/31/2025,
274,42.0,gf,1.240,mm,OK,--,9:00:12 PM,7/31/2025,
275,42.1,gf,1.240,mm,OK,--,9:00:12 PM,7/31/2025,
276,42.1,gf,1.240,mm,OK,--,9:00:13 PM,7/31/2025,
277,42.1,gf,1.245,mm,OK,--,9:00:13 PM,7/31/2025,
278,42.1,gf,1.245,mm,OK,--,9:00:13 PM,7/31/2025,
279,42.1,gf,1.245,mm,OK,--,9:00:13 PM,7/31/2025,
280,42.2,gf,1.245,mm,OK,--,9:00:13 PM,7/31/2025,
281,42.2,gf,1.245,mm,OK,--,9:00:13 PM,7/31/2025,
282,42.2,gf,1.245,mm,OK,--,9:00:13 PM,7/31/2025,
283,42.2,gf,1.245,mm,OK,--,9:00:13 PM,7/31/2025,
284,42.2,gf,1.250,mm,OK,--,9:00:13 PM,7/31/2025,
285,42.2,gf,1.250,mm,OK,--,9:00:13 PM,7/31/2025,
286,42.2,gf,1.250,mm,OK,--,9:00:14 PM,7/31/2025,
287,42.2,gf,1.250,mm,OK,--,9:00:14 PM,7/31/2025,
288,42.2,gf,1.250,mm,OK,--,9:00:14 PM,7/31/2025,
289,42.2,gf,1.250,mm,OK,--,9:00:14 PM,7/31/2025,
290,42.2,gf,1.250,mm,OK,--,9:00:14 PM,7/31/2025,
291,42.2,gf,1.255,mm,OK,--,9:00:14 PM,7/31/2025,
292,42.2,gf,1.255,mm,OK,--,9:00:14 PM,7/31/2025,
293,42.2,gf,1.260,mm,OK,--,9:00:14 PM,7/31/2025,
294,42.2,gf,1.260,mm,OK,--,9:00:14 PM,7/31/2025,
295,42.3,gf,1.265,mm,OK,--,9:00:14 PM,7/31/2025,
296,42.3,gf,1.270,mm,OK,--,9:00:15 PM,7/31/2025,
297,42.3,gf,1.275,mm,OK,--,9:00:15 PM,7/31/2025,
298,42.3,gf,1.280,mm,OK,--,9:00:15 PM,7/31/2025,
299,42.3,gf,1.285,mm,OK,--,9:00:15 PM,7/31/2025,
300,42.3,gf,1.285,mm,OK,--,9:00:15 PM,7/31/2025,
301,42.4,gf,1.290,mm,OK,--,9:00:15 PM,7/31/2025,
302,42.4,gf,1.295,mm,OK,--,9:00:15 PM,7/31/2025,
303,42.4,gf,1.300,mm,OK,--,9:00:15 PM,7/31/2025,
304,42.5,gf,1.305,mm,OK,--,9:00:15 PM,7/31/2025,
305,42.6,gf,1.310,mm,OK,--,9:00:15 PM,7/31/2025,
306,42.6,gf,1.320,mm,OK,--,9:00:16 PM,7/31/2025,
307,42.7,gf,1.325,mm,OK,--,9:00:16 PM,7/31/2025,
308,42.7,gf,1.335,mm,OK,--,9:00:16 PM,7/31/2025,
309,42.8,gf,1.345,mm,OK,--,9:00:16 PM,7/31/2025,
310,42.9,gf,1.350,mm,OK,--,9:00:16 PM,7/31/2025,
311,42.9,gf,1.360,mm,OK,--,9:00:16 PM,7/31/2025,
312,43.0,gf,1.370,mm,OK,--,9:00:16 PM,7/31/2025,
313,43.0,gf,1.380,mm,OK,--,9:00:16 PM,7/31/2025,
314,43.2,gf,1.390,mm,OK,--,9:00:16 PM,7/31/2025,
315,43.2,gf,1.395,mm,OK,--,9:00:16 PM,7/31/2025,
316,43.3,gf,1.400,mm,OK,--,9:00:17 PM,7/31/2025,
317,43.4,gf,1.410,mm,OK,--,9:00:17 PM,7/31/2025,
318,43.4,gf,1.415,mm,OK,--,9:00:17 PM,7/31/2025,
319,43.5,gf,1.420,mm,OK,--,9:00:17 PM,7/31/2025,
320,43.5,gf,1.425,mm,OK,--,9:00:17 PM,7/31/2025,
321,43.6,gf,1.430,mm,OK,--,9:00:17 PM,7/31/2025,
322,43.6,gf,1.435,mm,OK,--,9:00:17 PM,7/31/2025,
323,43.7,gf,1.445,mm,OK,--,9:00:17 PM,7/31/2025,
324,43.8,gf,1.450,mm,OK,--,9:00:17 PM,7/31/2025,
325,43.8,gf,1.455,mm,OK,--,9:00:17 PM,7/31/2025,
326,43.8,gf,1.460,mm,OK,--,9:00:18 PM,7/31/2025,
327,43.8,gf,1.465,mm,OK,--,9:00:18 PM,7/31/2025,
328,43.8,gf,1.465,mm,OK,--,9:00:18 PM,7/31/2025,
329,43.8,gf,1.465,mm,OK,--,9:00:18 PM,7/31/2025,
330,43.8,gf,1.470,mm,OK,--,9:00:18 PM,7/31/2025,
331,43.9,gf,1.470,mm,OK,--,9:00:18 PM,7/31/2025,
332,43.9,gf,1.475,mm,OK,--,9:00:18 PM,7/31/2025,
333,43.9,gf,1.480,mm,OK,--,9:00:18 PM,7/31/2025,
334,43.9,gf,1.485,mm,OK,--,9:00:18 PM,7/31/2025,
335,44.0,gf,1.490,mm,OK,--,9:00:18 PM,7/31/2025,
336,43.9,gf,1.490,mm,OK,--,9:00:19 PM,7/31/2025,
337,44.0,gf,1.500,mm,OK,--,9:00:19 PM,7/31/2025,
338,44.0,gf,1.500,mm,OK,--,9:00:19 PM,7/31/2025,
339,44.0,gf,1.505,mm,OK,--,9:00:19 PM,7/31/2025,
340,44.1,gf,1.515,mm,OK,--,9:00:19 PM,7/31/2025,
341,44.2,gf,1.520,mm,OK,--,9:00:19 PM,7/31/2025,
342,44.2,gf,1.525,mm,OK,--,9:00:19 PM,7/31/2025,
343,44.3,gf,1.525,mm,OK,--,9:00:19 PM,7/31/2025,
344,44.2,gf,1.530,mm,OK,--,9:00:19 PM,7/31/2025,
345,44.3,gf,1.535,mm,OK,--,9:00:19 PM,7/31/2025,
346,44.3,gf,1.535,mm,OK,--,9:00:20 PM,7/31/2025,
347,44.3,gf,1.540,mm,OK,--,9:00:20 PM,7/31/2025,
348,44.3,gf,1.545,mm,OK,--,9:00:20 PM,7/31/2025,
349,44.4,gf,1.555,mm,OK,--,9:00:20 PM,7/31/2025,
350,44.4,gf,1.560,mm,OK,--,9:00:20 PM,7/31/2025,
351,44.5,gf,1.560,mm,OK,--,9:00:20 PM,7/31/2025,
352,44.5,gf,1.560,mm,OK,--,9:00:20 PM,7/31/2025,
353,44.5,gf,1.565,mm,OK,--,9:00:20 PM,7/31/2025,
354,44.5,gf,1.565,mm,OK,--,9:00:20 PM,7/31/2025,
355,44.5,gf,1.570,mm,OK,--,9:00:20 PM,7/31/2025,
356,44.5,gf,1.570,mm,OK,--,9:00:21 PM,7/31/2025,
357,44.5,gf,1.575,mm,OK,--,9:00:21 PM,7/31/2025,
358,44.6,gf,1.575,mm,OK,--,9:00:21 PM,7/31/2025,
359,44.7,gf,1.580,mm,OK,--,9:00:21 PM,7/31/2025,
360,44.7,gf,1.585,mm,OK,--,9:00:21 PM,7/31/2025,
361,44.7,gf,1.590,mm,OK,--,9:00:21 PM,7/31/2025,
362,44.7,gf,1.595,mm,OK,--,9:00:21 PM,7/31/2025,
363,44.7,gf,1.595,mm,OK,--,9:00:21 PM,7/31/2025,
364,44.8,gf,1.600,mm,OK,--,9:00:21 PM,7/31/2025,
365,44.8,gf,1.600,mm,OK,--,9:00:21 PM,7/31/2025,
366,44.9,gf,1.610,mm,OK,--,9:00:22 PM,7/31/2025,
367,45.0,gf,1.615,mm,OK,--,9:00:22 PM,7/31/2025,
368,45.1,gf,1.620,mm,OK,--,9:00:22 PM,7/31/2025,
369,45.2,gf,1.630,mm,OK,--,9:00:22 PM,7/31/2025,
370,45.2,gf,1.640,mm,OK,--,9:00:22 PM,7/31/2025,
371,45.2,gf,1.650,mm,OK,--,9:00:22 PM,7/31/2025,
372,45.3,gf,1.660,mm,OK,--,9:00:22 PM,7/31/2025,
373,45.3,gf,1.670,mm,OK,--,9:00:22 PM,7/31/2025,
374,45.3,gf,1.675,mm,OK,--,9:00:22 PM,7/31/2025,
375,45.4,gf,1.685,mm,OK,--,9:00:22 PM,7/31/2025,
376,45.5,gf,1.690,mm,OK,--,9:00:23 PM,7/31/2025,
377,45.6,gf,1.695,mm,OK,--,9:00:23 PM,7/31/2025,
378,45.6,gf,1.700,mm,OK,--,9:00:23 PM,7/31/2025,
379,45.6,gf,1.705,mm,OK,--,9:00:23 PM,7/31/2025,
380,45.6,gf,1.705,mm,OK,--,9:00:23 PM,7/31/2025,
381,45.7,gf,1.710,mm,OK,--,9:00:23 PM,7/31/2025,
382,45.7,gf,1.715,mm,OK,--,9:00:23 PM,7/31/2025,
383,45.7,gf,1.715,mm,OK,--,9:00:23 PM,7/31/2025,
384,45.7,gf,1.715,mm,OK,--,9:00:23 PM,7/31/2025,
385,45.7,gf,1.715,mm,OK,--,9:00:23 PM,7/31/2025,
386,45.7,gf,1.720,mm,OK,--,9:00:24 PM,7/31/2025,
387,45.8,gf,1.720,mm,OK,--,9:00:24 PM,7/31/2025,
388,45.8,gf,1.720,mm,OK,--,9:00:24 PM,7/31/2025,
389,45.8,gf,1.725,mm,OK,--,9:00:24 PM,7/31/2025,
390,45.7,gf,1.725,mm,OK,--,9:00:24 PM,7/31/2025,
391,45.6,gf,1.725,mm,OK,--,9:00:24 PM,7/31/2025,
392,45.8,gf,1.725,mm,OK,--,9:00:24 PM,7/31/2025,
393,45.8,gf,1.730,mm,OK,--,9:00:24 PM,7/31/2025,
394,45.8,gf,1.730,mm,OK,--,9:00:24 PM,7/31/2025,
395,45.8,gf,1.730,mm,OK,--,9:00:24 PM,7/31/2025,
396,45.9,gf,1.730,mm,OK,--,9:00:25 PM,7/31/2025,
397,45.7,gf,1.735,mm,OK,--,9:00:25 PM,7/31/2025,
398,45.8,gf,1.735,mm,OK,--,9:00:25 PM,7/31/2025,
399,45.9,gf,1.735,mm,OK,--,9:00:25 PM,7/31/2025,
400,45.8,gf,1.735,mm,OK,--,9:00:25 PM,7/31/2025,
401,45.8,gf,1.735,mm,OK,--,9:00:25 PM,7/31/2025,
402,45.8,gf,1.735,mm,OK,--,9:00:25 PM,7/31/2025,
403,45.8,gf,1.735,mm,OK,--,9:00:25 PM,7/31/2025,
404,45.9,gf,1.740,mm,OK,--,9:00:25 PM,7/31/2025,
405,45.8,gf,1.740,mm,OK,--,9:00:25 PM,7/31/2025,
406,45.9,gf,1.740,mm,OK,--,9:00:26 PM,7/31/2025,
407,45.8,gf,1.740,mm,OK,--,9:00:26 PM,7/31/2025,
408,45.9,gf,1.740,mm,OK,--,9:00:26 PM,7/31/2025,
409,45.9,gf,1.740,mm,OK,--,9:00:26 PM,7/31/2025,
410,45.9,gf,1.745,mm,OK,--,9:00:26 PM,7/31/2025,
411,45.9,gf,1.750,mm,OK,--,9:00:26 PM,7/31/2025,
412,46.0,gf,1.755,mm,OK,--,9:00:26 PM,7/31/2025,
413,46.0,gf,1.760,mm,OK,--,9:00:26 PM,7/31/2025,
414,46.1,gf,1.765,mm,OK,--,9:00:26 PM,7/31/2025,
415,46.1,gf,1.775,mm,OK,--,9:00:26 PM,7/31/2025,
416,46.2,gf,1.785,mm,OK,--,9:00:27 PM,7/31/2025,
417,46.2,gf,1.785,mm,OK,--,9:00:27 PM,7/31/2025,
418,46.2,gf,1.790,mm,OK,--,9:00:27 PM,7/31/2025,
419,46.2,gf,1.790,mm,OK,--,9:00:27 PM,7/31/2025,
420,46.2,gf,1.790,mm,OK,--,9:00:27 PM,7/31/2025,
421,46.2,gf,1.790,mm,OK,--,9:00:27 PM,7/31/2025,
422,46.2,gf,1.795,mm,OK,--,9:00:27 PM,7/31/2025,
423,46.2,gf,1.795,mm,OK,--,9:00:27 PM,7/31/2025,
424,46.3,gf,1.795,mm,OK,--,9:00:27 PM,7/31/2025,
425,46.3,gf,1.800,mm,OK,--,9:00:27 PM,7/31/2025,
426,46.3,gf,1.800,mm,OK,--,9:00:28 PM,7/31/2025,
427,46.4,gf,1.805,mm,OK,--,9:00:28 PM,7/31/2025,
428,46.4,gf,1.810,mm,OK,--,9:00:28 PM,7/31/2025,
429,46.4,gf,1.815,mm,OK,--,9:00:28 PM,7/31/2025,
430,46.4,gf,1.815,mm,OK,--,9:00:28 PM,7/31/2025,
431,46.5,gf,1.820,mm,OK,--,9:00:28 PM,7/31/2025,
432,46.5,gf,1.825,mm,OK,--,9:00:28 PM,7/31/2025,
433,46.5,gf,1.825,mm,OK,--,9:00:28 PM,7/31/2025,
434,46.6,gf,1.830,mm,OK,--,9:00:28 PM,7/31/2025,
435,46.6,gf,1.835,mm,OK,--,9:00:28 PM,7/31/2025,
436,46.7,gf,1.840,mm,OK,--,9:00:29 PM,7/31/2025,
437,46.7,gf,1.845,mm,OK,--,9:00:29 PM,7/31/2025,
438,46.7,gf,1.850,mm,OK,--,9:00:29 PM,7/31/2025,
439,46.7,gf,1.850,mm,OK,--,9:00:29 PM,7/31/2025,
440,46.7,gf,1.855,mm,OK,--,9:00:29 PM,7/31/2025,
441,46.8,gf,1.860,mm,OK,--,9:00:29 PM,7/31/2025,
442,46.9,gf,1.865,mm,OK,--,9:00:29 PM,7/31/2025,
443,47.0,gf,1.880,mm,OK,--,9:00:29 PM,7/31/2025,
444,47.0,gf,1.895,mm,OK,--,9:00:29 PM,7/31/2025,
445,47.2,gf,1.905,mm,OK,--,9:00:29 PM,7/31/2025,
446,47.2,gf,1.910,mm,OK,--,9:00:30 PM,7/31/2025,
447,47.3,gf,1.915,mm,OK,--,9:00:30 PM,7/31/2025,
448,47.3,gf,1.920,mm,OK,--,9:00:30 PM,7/31/2025,
449,47.4,gf,1.925,mm,OK,--,9:00:30 PM,7/31/2025,
450,47.4,gf,1.930,mm,OK,--,9:00:30 PM,7/31/2025,
451,47.5,gf,1.935,mm,OK,--,9:00:30 PM,7/31/2025,
452,47.5,gf,1.935,mm,OK,--,9:00:30 PM,7/31/2025,
453,47.6,gf,1.940,mm,OK,--,9:00:30 PM,7/31/2025,
454,47.5,gf,1.940,mm,OK,--,9:00:30 PM,7/31/2025,
455,47.6,gf,1.940,mm,OK,--,9:00:30 PM,7/31/2025,
456,47.6,gf,1.945,mm,OK,--,9:00:31 PM,7/31/2025,
457,47.6,gf,1.945,mm,OK,--,9:00:31 PM,7/31/2025,
458,47.6,gf,1.950,mm,OK,--,9:00:31 PM,7/31/2025,
459,47.7,gf,1.950,mm,OK,--,9:00:31 PM,7/31/2025,
460,47.7,gf,1.955,mm,OK,--,9:00:31 PM,7/31/2025,
461,47.7,gf,1.960,mm,OK,--,9:00:31 PM,7/31/2025,
462,47.8,gf,1.965,mm,OK,--,9:00:31 PM,7/31/2025,
463,47.8,gf,1.970,mm,OK,--,9:00:31 PM,7/31/2025,
464,47.9,gf,1.975,mm,OK,--,9:00:31 PM,7/31/2025,
465,47.9,gf,1.980,mm,OK,--,9:00:31 PM,7/31/2025,
466,47.9,gf,1.980,mm,OK,--,9:00:32 PM,7/31/2025,
467,47.9,gf,1.990,mm,OK,--,9:00:32 PM,7/31/2025,
468,47.9,gf,1.990,mm,OK,--,9:00:32 PM,7/31/2025,
469,48.0,gf,1.995,mm,OK,--,9:00:32 PM,7/31/2025,
470,48.0,gf,2.000,mm,OK,--,9:00:32 PM,7/31/2025,
471,48.0,gf,2.000,mm,OK,--,9:00:32 PM,7/31/2025,
472,48.1,gf,2.005,mm,OK,--,9:00:32 PM,7/31/2025,
473,48.1,gf,2.010,mm,OK,--,9:00:32 PM,7/31/2025,
474,48.1,gf,2.010,mm,OK,--,9:00:32 PM,7/31/2025,
475,48.2,gf,2.010,mm,OK,--,9:00:32 PM,7/31/2025,
476,48.2,gf,2.015,mm,OK,--,9:00:33 PM,7/31/2025,
477,48.2,gf,2.015,mm,OK,--,9:00:33 PM,7/31/2025,
478,48.2,gf,2.020,mm,OK,--,9:00:33 PM,7/31/2025,
479,48.2,gf,2.020,mm,OK,--,9:00:33 PM,7/31/2025,
480,48.2,gf,2.025,mm,OK,--,9:00:33 PM,7/31/2025,
481,48.3,gf,2.025,mm,OK,--,9:00:33 PM,7/31/2025,
482,48.3,gf,2.030,mm,OK,--,9:00:33 PM,7/31/2025,
483,48.3,gf,2.030,mm,OK,--,9:00:33 PM,7/31/2025,
484,48.3,gf,2.035,mm,OK,--,9:00:33 PM,7/31/2025,
485,48.3,gf,2.035,mm,OK,--,9:00:33 PM,7/31/2025,
486,48.4,gf,2.040,mm,OK,--,9:00:34 PM,7/31/2025,
487,48.4,gf,2.040,mm,OK,--,9:00:34 PM,7/31/2025,
488,48.4,gf,2.045,mm,OK,--,9:00:34 PM,7/31/2025,
489,48.4,gf,2.045,mm,OK,--,9:00:34 PM,7/31/2025,
490,48.4,gf,2.050,mm,OK,--,9:00:34 PM,7/31/2025,
491,48.4,gf,2.050,mm,OK,--,9:00:34 PM,7/31/2025,
492,48.4,gf,2.055,mm,OK,--,9:00:34 PM,7/31/2025,
493,48.5,gf,2.055,mm,OK,--,9:00:34 PM,7/31/2025,
494,48.5,gf,2.060,mm,OK,--,9:00:34 PM,7/31/2025,
495,48.5,gf,2.060,mm,OK,--,9:00:34 PM,7/31/2025,
496,48.5,gf,2.065,mm,OK,--,9:00:35 PM,7/31/2025,
497,48.5,gf,2.065,mm,OK,--,9:00:35 PM,7/31/2025,
498,48.6,gf,2.070,mm,OK,--,9:00:35 PM,7/31/2025,
499,48.7,gf,2.070,mm,OK,--,9:00:35 PM,7/31/2025,
500,48.7,gf,2.075,mm,OK,--,9:00:35 PM,7/31/2025,
501,48.7,gf,2.075,mm,OK,--,9:00:35 PM,7/31/2025,
502,48.7,gf,2.080,mm,OK,--,9:00:35 PM,7/31/2025,
503,48.7,gf,2.080,mm,OK,--,9:00:35 PM,7/31/2025,
504,48.7,gf,2.085,mm,OK,--,9:00:35 PM,7/31/2025,
505,48.7,gf,2.085,mm,OK,--,9:00:35 PM,7/31/2025,
506,48.7,gf,2.085,mm,OK,--,9:00:36 PM,7/31/2025,
507,48.7,gf,2.085,mm,OK,--,9:00:36 PM,7/31/2025,
508,48.7,gf,2.090,mm,OK,--,9:00:36 PM,7/31/2025,
509,48.8,gf,2.090,mm,OK,--,9:00:36 PM,7/31/2025,
510,48.8,gf,2.090,mm,OK,--,9:00:36 PM,7/31/2025,
511,48.8,gf,2.095,mm,OK,--,9:00:36 PM,7/31/2025,
512,48.8,gf,2.095,mm,OK,--,9:00:36 PM,7/31/2025,
513,48.9,gf,2.095,mm,OK,--,9:00:36 PM,7/31/2025,
514,48.9,gf,2.100,mm,OK,--,9:00:36 PM,7/31/2025,
515,48.9,gf,2.100,mm,OK,--,9:00:36 PM,7/31/2025,
516,48.9,gf,2.100,mm,OK,--,9:00:37 PM,7/31/2025,
517,48.9,gf,2.100,mm,OK,--,9:00:37 PM,7/31/2025,
518,48.9,gf,2.105,mm,OK,--,9:00:37 PM,7/31/2025,
519,48.9,gf,2.105,mm,OK,--,9:00:37 PM,7/31/2025,
520,48.9,gf,2.105,mm,OK,--,9:00:37 PM,7/31/2025,
521,48.9,gf,2.105,mm,OK,--,9:00:37 PM,7/31/2025,
522,48.9,gf,2.105,mm,OK,--,9:00:37 PM,7/31/2025,
523,48.9,gf,2.110,mm,OK,--,9:00:37 PM,7/31/2025,
524,48.9,gf,2.110,mm,OK,--,9:00:37 PM,7/31/2025,
525,48.9,gf,2.110,mm,OK,--,9:00:37 PM,7/31/2025,
526,48.9,gf,2.115,mm,OK,--,9:00:38 PM,7/31/2025,
527,48.9,gf,2.115,mm,OK,--,9:00:38 PM,7/31/2025,
528,49.0,gf,2.115,mm,OK,--,9:00:38 PM,7/31/2025,
529,49.0,gf,2.115,mm,OK,--,9:00:38 PM,7/31/2025,
530,49.0,gf,2.120,mm,OK,--,9:00:38 PM,7/31/2025,
531,49.0,gf,2.120,mm,OK,--,9:00:38 PM,7/31/2025,
532,49.0,gf,2.120,mm,OK,--,9:00:38 PM,7/31/2025,
533,49.0,gf,2.125,mm,OK,--,9:00:38 PM,7/31/2025,
534,49.1,gf,2.125,mm,OK,--,9:00:38 PM,7/31/2025,
535,49.1,gf,2.130,mm,OK,--,9:00:38 PM,7/31/2025,
536,49.2,gf,2.130,mm,OK,--,9:00:39 PM,7/31/2025,
537,49.2,gf,2.135,mm,OK,--,9:00:39 PM,7/31/2025,
538,49.2,gf,2.140,mm,OK,--,9:00:39 PM,7/31/2025,
539,49.3,gf,2.150,mm,OK,--,9:00:39 PM,7/31/2025,
540,49.3,gf,2.160,mm,OK,--,9:00:39 PM,7/31/2025,
541,49.5,gf,2.170,mm,OK,--,9:00:39 PM,7/31/2025,
542,49.6,gf,2.190,mm,OK,--,9:00:39 PM,7/31/2025,
543,49.8,gf,2.200,mm,OK,--,9:00:39 PM,7/31/2025,
544,49.8,gf,2.210,mm,OK,--,9:00:39 PM,7/31/2025,
545,49.8,gf,2.215,mm,OK,--,9:00:39 PM,7/31/2025,
546,49.9,gf,2.220,mm,OK,--,9:00:40 PM,7/31/2025,
547,50.0,gf,2.220,mm,OK,--,9:00:40 PM,7/31/2025,
548,50.0,gf,2.225,mm,OK,--,9:00:40 PM,7/31/2025,
549,50.1,gf,2.230,mm,OK,--,9:00:40 PM,7/31/2025,
550,50.0,gf,2.235,mm,OK,--,9:00:40 PM,7/31/2025,
551,50.1,gf,2.235,mm,OK,--,9:00:40 PM,7/31/2025,
552,50.1,gf,2.240,mm,OK,--,9:00:40 PM,7/31/2025,
553,50.2,gf,2.240,mm,OK,--,9:00:40 PM,7/31/2025,
554,50.2,gf,2.245,mm,OK,--,9:00:40 PM,7/31/2025,
555,50.2,gf,2.245,mm,OK,--,9:00:40 PM,7/31/2025,
556,50.2,gf,2.245,mm,OK,--,9:00:41 PM,7/31/2025,
557,50.2,gf,2.250,mm,OK,--,9:00:41 PM,7/31/2025,
558,50.2,gf,2.250,mm,OK,--,9:00:41 PM,7/31/2025,
559,50.2,gf,2.250,mm,OK,--,9:00:41 PM,7/31/2025,
560,50.2,gf,2.250,mm,OK,--,9:00:41 PM,7/31/2025,
561,50.2,gf,2.255,mm,OK,--,9:00:41 PM,7/31/2025,
562,50.2,gf,2.255,mm,OK,--,9:00:41 PM,7/31/2025,
563,50.2,gf,2.255,mm,OK,--,9:00:41 PM,7/31/2025,
564,50.2,gf,2.255,mm,OK,--,9:00:41 PM,7/31/2025,
565,50.2,gf,2.260,mm,OK,--,9:00:41 PM,7/31/2025,
566,50.2,gf,2.260,mm,OK,--,9:00:42 PM,7/31/2025,
567,50.3,gf,2.265,mm,OK,--,9:00:42 PM,7/31/2025,
568,50.3,gf,2.265,mm,OK,--,9:00:42 PM,7/31/2025,
569,50.3,gf,2.270,mm,OK,--,9:00:42 PM,7/31/2025,
570,50.4,gf,2.270,mm,OK,--,9:00:42 PM,7/31/2025,
571,50.4,gf,2.275,mm,OK,--,9:00:42 PM,7/31/2025,
572,50.4,gf,2.275,mm,OK,--,9:00:42 PM,7/31/2025,
573,50.5,gf,2.280,mm,OK,--,9:00:42 PM,7/31/2025,
574,50.5,gf,2.285,mm,OK,--,9:00:42 PM,7/31/2025,
575,50.6,gf,2.290,mm,OK,--,9:00:42 PM,7/31/2025,
576,50.6,gf,2.290,mm,OK,--,9:00:43 PM,7/31/2025,
577,50.6,gf,2.295,mm,OK,--,9:00:43 PM,7/31/2025,
578,50.6,gf,2.295,mm,OK,--,9:00:43 PM,7/31/2025,
579,50.6,gf,2.300,mm,OK,--,9:00:43 PM,7/31/2025,
580,50.6,gf,2.300,mm,OK,--,9:00:43 PM,7/31/2025,
581,50.6,gf,2.305,mm,OK,--,9:00:43 PM,7/31/2025,
582,50.6,gf,2.305,mm,OK,--,9:00:43 PM,7/31/2025,
583,50.6,gf,2.310,mm,OK,--,9:00:43 PM,7/31/2025,
584,50.7,gf,2.310,mm,OK,--,9:00:43 PM,7/31/2025,
585,50.7,gf,2.315,mm,OK,--,9:00:43 PM,7/31/2025,
586,50.7,gf,2.315,mm,OK,--,9:00:44 PM,7/31/2025,
587,50.7,gf,2.320,mm,OK,--,9:00:44 PM,7/31/2025,
588,50.8,gf,2.325,mm,OK,--,9:00:44 PM,7/31/2025,
589,50.8,gf,2.330,mm,OK,--,9:00:44 PM,7/31/2025,
590,50.9,gf,2.340,mm,OK,--,9:00:44 PM,7/31/2025,
591,51.0,gf,2.345,mm,OK,--,9:00:44 PM,7/31/2025,
592,51.0,gf,2.350,mm,OK,--,9:00:44 PM,7/31/2025,
593,51.1,gf,2.360,mm,OK,--,9:00:44 PM,7/31/2025,
594,51.2,gf,2.365,mm,OK,--,9:00:44 PM,7/31/2025,
595,51.3,gf,2.375,mm,OK,--,9:00:44 PM,7/31/2025,
596,51.3,gf,2.380,mm,OK,--,9:00:45 PM,7/31/2025,
597,51.4,gf,2.385,mm,OK,--,9:00:45 PM,7/31/2025,
598,51.4,gf,2.390,mm,OK,--,9:00:45 PM,7/31/2025,
599,51.4,gf,2.395,mm,OK,--,9:00:45 PM,7/31/2025,
600,51.4,gf,2.400,mm,OK,--,9:00:45 PM,7/31/2025,
601,51.5,gf,2.405,mm,OK,--,9:00:45 PM,7/31/2025,
602,51.6,gf,2.415,mm,OK,--,9:00:45 PM,7/31/2025,
603,51.7,gf,2.420,mm,OK,--,9:00:45 PM,7/31/2025,
604,51.6,gf,2.430,mm,OK,--,9:00:45 PM,7/31/2025,
605,51.7,gf,2.435,mm,OK,--,9:00:45 PM,7/31/2025,
606,51.8,gf,2.440,mm,OK,--,9:00:46 PM,7/31/2025,
607,51.9,gf,2.445,mm,OK,--,9:00:46 PM,7/31/2025,
608,51.9,gf,2.450,mm,OK,--,9:00:46 PM,7/31/2025,
609,51.9,gf,2.455,mm,OK,--,9:00:46 PM,7/31/2025,
610,51.9,gf,2.460,mm,OK,--,9:00:46 PM,7/31/2025,
611,52.0,gf,2.460,mm,OK,--,9:00:46 PM,7/31/2025,
612,52.0,gf,2.465,mm,OK,--,9:00:46 PM,7/31/2025,
613,52.0,gf,2.470,mm,OK,--,9:00:46 PM,7/31/2025,
614,52.0,gf,2.475,mm,OK,--,9:00:46 PM,7/31/2025,
615,52.0,gf,2.475,mm,OK,--,9:00:46 PM,7/31/2025,
616,52.1,gf,2.480,mm,OK,--,9:00:47 PM,7/31/2025,
617,52.1,gf,2.480,mm,OK,--,9:00:47 PM,7/31/2025,
618,52.1,gf,2.480,mm,OK,--,9:00:47 PM,7/31/2025,
619,52.2,gf,2.485,mm,OK,--,9:00:47 PM,7/31/2025,
620,52.2,gf,2.485,mm,OK,--,9:00:47 PM,7/31/2025,
621,52.3,gf,2.490,mm,OK,--,9:00:47 PM,7/31/2025,
622,52.3,gf,2.490,mm,OK,--,9:00:47 PM,7/31/2025,
623,52.3,gf,2.495,mm,OK,--,9:00:47 PM,7/31/2025,
624,52.4,gf,2.500,mm,OK,--,9:00:47 PM,7/31/2025,
625,52.5,gf,2.505,mm,OK,--,9:00:47 PM,7/31/2025,
626,52.5,gf,2.510,mm,OK,--,9:00:48 PM,7/31/2025,
627,52.5,gf,2.515,mm,OK,--,9:00:48 PM,7/31/2025,
628,52.6,gf,2.525,mm,OK,--,9:00:48 PM,7/31/2025,
629,52.6,gf,2.530,mm,OK,--,9:00:48 PM,7/31/2025,
630,52.7,gf,2.535,mm,OK,--,9:00:48 PM,7/31/2025,
631,52.7,gf,2.540,mm,OK,--,9:00:48 PM,7/31/2025,
632,52.8,gf,2.550,mm,OK,--,9:00:48 PM,7/31/2025,
633,52.8,gf,2.555,mm,OK,--,9:00:48 PM,7/31/2025,
634,52.9,gf,2.560,mm,OK,--,9:00:48 PM,7/31/2025,
635,52.9,gf,2.565,mm,OK,--,9:00:48 PM,7/31/2025,
636,52.9,gf,2.570,mm,OK,--,9:00:49 PM,7/31/2025,
637,52.9,gf,2.570,mm,OK,--,9:00:49 PM,7/31/2025,
638,53.0,gf,2.575,mm,OK,--,9:00:49 PM,7/31/2025,
639,53.0,gf,2.575,mm,OK,--,9:00:49 PM,7/31/2025,
640,53.0,gf,2.580,mm,OK,--,9:00:49 PM,7/31/2025,
641,53.0,gf,2.580,mm,OK,--,9:00:49 PM,7/31/2025,
642,53.0,gf,2.580,mm,OK,--,9:00:49 PM,7/31/2025,
643,53.1,gf,2.585,mm,OK,--,9:00:49 PM,7/31/2025,
644,53.1,gf,2.585,mm,OK,--,9:00:49 PM,7/31/2025,
645,53.1,gf,2.590,mm,OK,--,9:00:49 PM,7/31/2025,
646,53.1,gf,2.590,mm,OK,--,9:00:50 PM,7/31/2025,
647,53.1,gf,2.590,mm,OK,--,9:00:50 PM,7/31/2025,
648,53.1,gf,2.590,mm,OK,--,9:00:50 PM,7/31/2025,
649,53.1,gf,2.590,mm,OK,--,9:00:50 PM,7/31/2025,
650,53.2,gf,2.590,mm,OK,--,9:00:50 PM,7/31/2025,
651,53.2,gf,2.595,mm,OK,--,9:00:50 PM,7/31/2025,
652,53.2,gf,2.595,mm,OK,--,9:00:50 PM,7/31/2025,
653,53.2,gf,2.595,mm,OK,--,9:00:50 PM,7/31/2025,
654,53.2,gf,2.600,mm,OK,--,9:00:50 PM,7/31/2025,
655,53.3,gf,2.600,mm,OK,--,9:00:50 PM,7/31/2025,
656,53.2,gf,2.605,mm,OK,--,9:00:51 PM,7/31/2025,
657,53.3,gf,2.610,mm,OK,--,9:00:51 PM,7/31/2025,
658,53.3,gf,2.615,mm,OK,--,9:00:51 PM,7/31/2025,
659,53.3,gf,2.615,mm,OK,--,9:00:51 PM,7/31/2025,
660,53.4,gf,2.620,mm,OK,--,9:00:51 PM,7/31/2025,
661,53.4,gf,2.620,mm,OK,--,9:00:51 PM,7/31/2025,
662,53.4,gf,2.625,mm,OK,--,9:00:51 PM,7/31/2025,
663,53.4,gf,2.630,mm,OK,--,9:00:51 PM,7/31/2025,
664,53.5,gf,2.630,mm,OK,--,9:00:51 PM,7/31/2025,
665,53.6,gf,2.635,mm,OK,--,9:00:51 PM,7/31/2025,
666,53.7,gf,2.640,mm,OK,--,9:00:52 PM,7/31/2025,
667,53.7,gf,2.645,mm,OK,--,9:00:52 PM,7/31/2025,
668,53.7,gf,2.645,mm,OK,--,9:00:52 PM,7/31/2025,
669,53.6,gf,2.650,mm,OK,--,9:00:52 PM,7/31/2025,
670,53.7,gf,2.655,mm,OK,--,9:00:52 PM,7/31/2025,
671,53.7,gf,2.655,mm,OK,--,9:00:52 PM,7/31/2025,
672,53.8,gf,2.660,mm,OK,--,9:00:52 PM,7/31/2025,
673,53.8,gf,2.670,mm,OK,--,9:00:52 PM,7/31/2025,
674,53.9,gf,2.670,mm,OK,--,9:00:52 PM,7/31/2025,
675,54.0,gf,2.675,mm,OK,--,9:00:52 PM,7/31/2025,
676,54.0,gf,2.680,mm,OK,--,9:00:53 PM,7/31/2025,
677,54.0,gf,2.685,mm,OK,--,9:00:53 PM,7/31/2025,
678,54.0,gf,2.685,mm,OK,--,9:00:53 PM,7/31/2025,
679,54.0,gf,2.690,mm,OK,--,9:00:53 PM,7/31/2025,
680,54.1,gf,2.690,mm,OK,--,9:00:53 PM,7/31/2025,
681,54.1,gf,2.695,mm,OK,--,9:00:53 PM,7/31/2025,
682,54.1,gf,2.695,mm,OK,--,9:00:53 PM,7/31/2025,
683,54.1,gf,2.700,mm,OK,--,9:00:53 PM,7/31/2025,
684,54.1,gf,2.700,mm,OK,--,9:00:53 PM,7/31/2025,
685,54.1,gf,2.700,mm,OK,--,9:00:53 PM,7/31/2025,
686,54.1,gf,2.705,mm,OK,--,9:00:54 PM,7/31/2025,
687,54.1,gf,2.705,mm,OK,--,9:00:54 PM,7/31/2025,
688,54.1,gf,2.705,mm,OK,--,9:00:54 PM,7/31/2025,
689,54.2,gf,2.705,mm,OK,--,9:00:54 PM,7/31/2025,
690,54.2,gf,2.710,mm,OK,--,9:00:54 PM,7/31/2025,
691,54.2,gf,2.710,mm,OK,--,9:00:54 PM,7/31/2025,
692,54.3,gf,2.715,mm,OK,--,9:00:54 PM,7/31/2025,
693,54.3,gf,2.720,mm,OK,--,9:00:54 PM,7/31/2025,
694,54.3,gf,2.725,mm,OK,--,9:00:54 PM,7/31/2025,
695,54.3,gf,2.730,mm,OK,--,9:00:54 PM,7/31/2025,
696,54.4,gf,2.735,mm,OK,--,9:00:55 PM,7/31/2025,
697,54.5,gf,2.740,mm,OK,--,9:00:55 PM,7/31/2025,
698,54.5,gf,2.745,mm,OK,--,9:00:55 PM,7/31/2025,
699,54.5,gf,2.750,mm,OK,--,9:00:55 PM,7/31/2025,
700,54.6,gf,2.755,mm,OK,--,9:00:55 PM,7/31/2025,
701,54.6,gf,2.760,mm,OK,--,9:00:55 PM,7/31/2025,
702,54.7,gf,2.765,mm,OK,--,9:00:55 PM,7/31/2025,
703,54.7,gf,2.770,mm,OK,--,9:00:55 PM,7/31/2025,
704,54.8,gf,2.770,mm,OK,--,9:00:55 PM,7/31/2025,
705,54.8,gf,2.775,mm,OK,--,9:00:55 PM,7/31/2025,
706,54.8,gf,2.780,mm,OK,--,9:00:56 PM,7/31/2025,
707,54.9,gf,2.780,mm,OK,--,9:00:56 PM,7/31/2025,
708,55.0,gf,2.785,mm,OK,--,9:00:56 PM,7/31/2025,
709,55.0,gf,2.785,mm,OK,--,9:00:56 PM,7/31/2025,
710,55.0,gf,2.790,mm,OK,--,9:00:56 PM,7/31/2025,
711,55.1,gf,2.790,mm,OK,--,9:00:56 PM,7/31/2025,
712,55.1,gf,2.795,mm,OK,--,9:00:56 PM,7/31/2025,
713,55.1,gf,2.800,mm,OK,--,9:00:56 PM,7/31/2025,
714,55.2,gf,2.805,mm,OK,--,9:00:56 PM,7/31/2025,
715,55.4,gf,2.815,mm,OK,--,9:00:56 PM,7/31/2025,
716,55.6,gf,2.825,mm,OK,--,9:00:57 PM,7/31/2025,
717,56.1,gf,2.830,mm,OK,--,9:00:57 PM,7/31/2025,
718,56.4,gf,2.835,mm,OK,--,9:00:57 PM,7/31/2025,
719,56.5,gf,2.840,mm,OK,--,9:00:57 PM,7/31/2025,
720,56.8,gf,2.845,mm,OK,--,9:00:57 PM,7/31/2025,
721,57.0,gf,2.845,mm,OK,--,9:00:57 PM,7/31/2025,
722,57.1,gf,2.850,mm,OK,--,9:00:57 PM,7/31/2025,
723,57.3,gf,2.850,mm,OK,--,9:00:57 PM,7/31/2025,
724,57.4,gf,2.855,mm,OK,--,9:00:57 PM,7/31/2025,
725,57.7,gf,2.855,mm,OK,--,9:00:57 PM,7/31/2025,
726,57.8,gf,2.860,mm,OK,--,9:00:58 PM,7/31/2025,
727,58.2,gf,2.860,mm,OK,--,9:00:58 PM,7/31/2025,
728,58.4,gf,2.865,mm,OK,--,9:00:58 PM,7/31/2025,
729,58.8,gf,2.870,mm,OK,--,9:00:58 PM,7/31/2025,
730,59.4,gf,2.875,mm,OK,--,9:00:58 PM,7/31/2025,
731,59.8,gf,2.880,mm,OK,--,9:00:58 PM,7/31/2025,
732,60.1,gf,2.880,mm,OK,--,9:00:58 PM,7/31/2025,
733,60.4,gf,2.885,mm,OK,--,9:00:58 PM,7/31/2025,
734,60.8,gf,2.890,mm,OK,--,9:00:58 PM,7/31/2025,
735,61.6,gf,2.895,mm,OK,--,9:00:58 PM,7/31/2025,
736,62.2,gf,2.900,mm,OK,--,9:00:59 PM,7/31/2025,
737,63.0,gf,2.905,mm,OK,--,9:00:59 PM,7/31/2025,
738,63.9,gf,2.910,mm,OK,--,9:00:59 PM,7/31/2025,
739,65.1,gf,2.915,mm,OK,--,9:00:59 PM,7/31/2025,
740,66.4,gf,2.925,mm,OK,--,9:00:59 PM,7/31/2025,
741,67.8,gf,2.930,mm,OK,--,9:00:59 PM,7/31/2025,
742,68.6,gf,2.930,mm,OK,--,9:00:59 PM,7/31/2025,
743,69.5,gf,2.935,mm,OK,--,9:00:59 PM,7/31/2025,
744,70.6,gf,2.940,mm,OK,--,9:00:59 PM,7/31/2025,
745,71.5,gf,2.945,mm,OK,--,9:00:59 PM,7/31/2025,
746,72.5,gf,2.950,mm,OK,--,9:01:00 PM,7/31/2025,
747,74.2,gf,2.955,mm,OK,--,9:01:00 PM,7/31/2025,
748,75.7,gf,2.960,mm,OK,--,9:01:00 PM,7/31/2025,
749,76.9,gf,2.960,mm,OK,--,9:01:00 PM,7/31/2025,
750,78.7,gf,2.965,mm,OK,--,9:01:00 PM,7/31/2025,
751,81.1,gf,2.975,mm,OK,--,9:01:00 PM,7/31/2025,
752,82.7,gf,2.980,mm,OK,--,9:01:00 PM,7/31/2025,
753,83.7,gf,2.980,mm,OK,--,9:01:00 PM,7/31/2025,
754,84.4,gf,2.985,mm,OK,--,9:01:00 PM,7/31/2025,
755,85.6,gf,2.985,mm,OK,--,9:01:00 PM,7/31/2025,
756,86.7,gf,2.990,mm,OK,--,9:01:01 PM,7/31/2025,
757,87.6,gf,2.995,mm,OK,--,9:01:01 PM,7/31/2025,
758,88.9,gf,2.995,mm,OK,--,9:01:01 PM,7/31/2025,
759,90.6,gf,3.000,mm,OK,--,9:01:01 PM,7/31/2025,
760,92.1,gf,3.005,mm,OK,--,9:01:01 PM,7/31/2025,
761,93.8,gf,3.010,mm,OK,--,9:01:01 PM,7/31/2025,
762,96.2,gf,3.015,mm,OK,--,9:01:01 PM,7/31/2025,
763,98.1,gf,3.020,mm,OK,--,9:01:01 PM,7/31/2025,
764,99.4,gf,3.025,mm,OK,--,9:01:01 PM,7/31/2025,
765,100.5,gf,3.025,mm,OK,--,9:01:01 PM,7/31/2025,
766,101.8,gf,3.030,mm,OK,--,9:01:02 PM,7/31/2025,
767,103.3,gf,3.035,mm,OK,--,9:01:02 PM,7/31/2025,
768,104.3,gf,3.035,mm,OK,--,9:01:02 PM,7/31/2025,
769,105.3,gf,3.040,mm,OK,--,9:01:02 PM,7/31/2025,
770,106.7,gf,3.040,mm,OK,--,9:01:02 PM,7/31/2025,
771,108.6,gf,3.045,mm,OK,--,9:01:02 PM,7/31/2025,
772,110.4,gf,3.050,mm,OK,--,9:01:02 PM,7/31/2025,
773,111.8,gf,3.055,mm,OK,--,9:01:02 PM,7/31/2025,
774,112.6,gf,3.055,mm,OK,--,9:01:02 PM,7/31/2025,
775,113.6,gf,3.055,mm,OK,--,9:01:02 PM,7/31/2025,
776,114.7,gf,3.060,mm,OK,--,9:01:03 PM,7/31/2025,
777,115.5,gf,3.060,mm,OK,--,9:01:03 PM,7/31/2025,
778,116.4,gf,3.065,mm,OK,--,9:01:03 PM,7/31/2025,
779,117.6,gf,3.065,mm,OK,--,9:01:03 PM,7/31/2025,
780,118.3,gf,3.065,mm,OK,--,9:01:03 PM,7/31/2025,
781,119.1,gf,3.070,mm,OK,--,9:01:03 PM,7/31/2025,
782,119.9,gf,3.070,mm,OK,--,9:01:03 PM,7/31/2025,
783,121.0,gf,3.070,mm,OK,--,9:01:03 PM,7/31/2025,
784,123.2,gf,3.075,mm,OK,--,9:01:03 PM,7/31/2025,
785,124.7,gf,3.080,mm,OK,--,9:01:03 PM,7/31/2025,
786,125.7,gf,3.080,mm,OK,--,9:01:04 PM,7/31/2025,
787,126.3,gf,3.080,mm,OK,--,9:01:04 PM,7/31/2025,
788,127.0,gf,3.085,mm,OK,--,9:01:04 PM,7/31/2025,
789,127.8,gf,3.085,mm,OK,--,9:01:04 PM,7/31/2025,
790,128.9,gf,3.090,mm,OK,--,9:01:04 PM,7/31/2025,
791,130.2,gf,3.090,mm,OK,--,9:01:04 PM,7/31/2025,
792,131.2,gf,3.090,mm,OK,--,9:01:04 PM,7/31/2025,
793,132.1,gf,3.095,mm,OK,--,9:01:04 PM,7/31/2025,
794,133.2,gf,3.095,mm,OK,--,9:01:04 PM,7/31/2025,
795,133.8,gf,3.095,mm,OK,--,9:01:04 PM,7/31/2025,
796,134.2,gf,3.100,mm,OK,--,9:01:05 PM,7/31/2025,
797,135.6,gf,3.100,mm,OK,--,9:01:05 PM,7/31/2025,
798,137.4,gf,3.105,mm,OK,--,9:01:05 PM,7/31/2025,
799,139.2,gf,3.105,mm,OK,--,9:01:05 PM,7/31/2025,
800,140.5,gf,3.110,mm,OK,--,9:01:05 PM,7/31/2025,
801,141.3,gf,3.110,mm,OK,--,9:01:05 PM,7/31/2025,
802,142.6,gf,3.110,mm,OK,--,9:01:05 PM,7/31/2025,
803,143.9,gf,3.115,mm,OK,--,9:01:05 PM,7/31/2025,
804,144.8,gf,3.115,mm,OK,--,9:01:05 PM,7/31/2025,
805,145.5,gf,3.115,mm,OK,--,9:01:05 PM,7/31/2025,
806,146.0,gf,3.120,mm,OK,--,9:01:06 PM,7/31/2025,
807,146.5,gf,3.120,mm,OK,--,9:01:06 PM,7/31/2025,
808,146.9,gf,3.120,mm,OK,--,9:01:06 PM,7/31/2025,
809,147.1,gf,3.120,mm,OK,--,9:01:06 PM,7/31/2025,
810,147.5,gf,3.120,mm,OK,--,9:01:06 PM,7/31/2025,
811,148.2,gf,3.125,mm,OK,--,9:01:06 PM,7/31/2025,
812,149.0,gf,3.125,mm,OK,--,9:01:06 PM,7/31/2025,
813,149.8,gf,3.125,mm,OK,--,9:01:06 PM,7/31/2025,
814,151.0,gf,3.125,mm,OK,--,9:01:06 PM,7/31/2025,
815,152.0,gf,3.130,mm,OK,--,9:01:06 PM,7/31/2025,
816,152.8,gf,3.130,mm,OK,--,9:01:07 PM,7/31/2025,
817,153.6,gf,3.130,mm,OK,--,9:01:07 PM,7/31/2025,
818,153.8,gf,3.130,mm,OK,--,9:01:07 PM,7/31/2025,
819,154.0,gf,3.135,mm,OK,--,9:01:07 PM,7/31/2025,
820,154.5,gf,3.135,mm,OK,--,9:01:07 PM,7/31/2025,
821,155.1,gf,3.135,mm,OK,--,9:01:07 PM,7/31/2025,
822,155.7,gf,3.135,mm,OK,--,9:01:07 PM,7/31/2025,
823,156.4,gf,3.135,mm,OK,--,9:01:07 PM,7/31/2025,
824,157.2,gf,3.140,mm,OK,--,9:01:07 PM,7/31/2025,
825,158.1,gf,3.140,mm,OK,--,9:01:07 PM,7/31/2025,
826,159.0,gf,3.140,mm,OK,--,9:01:08 PM,7/31/2025,
827,159.7,gf,3.140,mm,OK,--,9:01:08 PM,7/31/2025,
828,160.5,gf,3.145,mm,OK,--,9:01:08 PM,7/31/2025,
829,161.6,gf,3.145,mm,OK,--,9:01:08 PM,7/31/2025,
830,162.7,gf,3.145,mm,OK,--,9:01:08 PM,7/31/2025,
831,163.7,gf,3.150,mm,OK,--,9:01:08 PM,7/31/2025,
832,164.2,gf,3.150,mm,OK,--,9:01:08 PM,7/31/2025,
833,165.1,gf,3.150,mm,OK,--,9:01:08 PM,7/31/2025,
834,166.5,gf,3.155,mm,OK,--,9:01:08 PM,7/31/2025,
835,169.1,gf,3.155,mm,OK,--,9:01:08 PM,7/31/2025,
836,173.0,gf,3.160,mm,OK,--,9:01:09 PM,7/31/2025,
837,175.8,gf,3.165,mm,OK,--,9:01:09 PM,7/31/2025,
838,178.2,gf,3.170,mm,OK,--,9:01:09 PM,7/31/2025,
839,180.6,gf,3.175,mm,OK,--,9:01:09 PM,7/31/2025,
840,183.0,gf,3.180,mm,OK,--,9:01:09 PM,7/31/2025,
841,185.1,gf,3.180,mm,OK,--,9:01:09 PM,7/31/2025,
842,186.8,gf,3.185,mm,OK,--,9:01:09 PM,7/31/2025,
843,188.1,gf,3.190,mm,OK,--,9:01:09 PM,7/31/2025,
844,189.5,gf,3.190,mm,OK,--,9:01:09 PM,7/31/2025,
845,190.8,gf,3.190,mm,OK,--,9:01:09 PM,7/31/2025,
846,191.6,gf,3.195,mm,OK,--,9:01:10 PM,7/31/2025,
847,192.3,gf,3.195,mm,OK,--,9:01:10 PM,7/31/2025,
848,192.1,gf,3.195,mm,OK,--,9:01:10 PM,7/31/2025,
849,191.6,gf,3.195,mm,OK,--,9:01:10 PM,7/31/2025,
850,191.2,gf,3.195,mm,OK,--,9:01:10 PM,7/31/2025,
851,191.0,gf,3.195,mm,OK,--,9:01:10 PM,7/31/2025,
852,190.8,gf,3.195,mm,OK,--,9:01:10 PM,7/31/2025,
853,190.7,gf,3.195,mm,OK,--,9:01:10 PM,7/31/2025,
854,190.6,gf,3.195,mm,OK,--,9:01:10 PM,7/31/2025,
855,190.4,gf,3.195,mm,OK,--,9:01:10 PM,7/31/2025,
856,190.3,gf,3.195,mm,OK,--,9:01:11 PM,7/31/2025,
857,190.2,gf,3.195,mm,OK,--,9:01:11 PM,7/31/2025,
858,190.1,gf,3.195,mm,OK,--,9:01:11 PM,7/31/2025,
859,190.0,gf,3.195,mm,OK,--,9:01:11 PM,7/31/2025,
860,189.9,gf,3.195,mm,OK,--,9:01:11 PM,7/31/2025,
861,189.8,gf,3.195,mm,OK,--,9:01:11 PM,7/31/2025,
862,189.6,gf,3.195,mm,OK,--,9:01:11 PM,7/31/2025,
863,189.3,gf,3.195,mm,OK,--,9:01:11 PM,7/31/2025,
864,189.2,gf,3.195,mm,OK,--,9:01:11 PM,7/31/2025,
865,189.0,gf,3.195,mm,OK,--,9:01:11 PM,7/31/2025,
866,188.9,gf,3.195,mm,OK,--,9:01:12 PM,7/31/2025,
867,188.8,gf,3.195,mm,OK,--,9:01:12 PM,7/31/2025,
868,188.7,gf,3.195,mm,OK,--,9:01:12 PM,7/31/2025,
869,188.9,gf,3.195,mm,OK,--,9:01:12 PM,7/31/2025,
870,188.9,gf,3.195,mm,OK,--,9:01:12 PM,7/31/2025,
871,188.7,gf,3.195,mm,OK,--,9:01:12 PM,7/31/2025,
872,188.9,gf,3.195,mm,OK,--,9:01:12 PM,7/31/2025,
873,188.6,gf,3.195,mm,OK,--,9:01:12 PM,7/31/2025,
874,188.4,gf,3.195,mm,OK,--,9:01:12 PM,7/31/2025,
875,188.2,gf,3.195,mm,OK,--,9:01:12 PM,7/31/2025,
876,188.0,gf,3.195,mm,OK,--,9:01:13 PM,7/31/2025,
877,187.8,gf,3.195,mm,OK,--,9:01:13 PM,7/31/2025,
878,187.6,gf,3.195,mm,OK,--,9:01:13 PM,7/31/2025,
879,187.2,gf,3.195,mm,OK,--,9:01:13 PM,7/31/2025,
880,186.9,gf,3.195,mm,OK,--,9:01:13 PM,7/31/2025,
881,186.3,gf,3.195,mm,OK,--,9:01:13 PM,7/31/2025,
882,185.3,gf,3.195,mm,OK,--,9:01:13 PM,7/31/2025,
883,184.5,gf,3.195,mm,OK,--,9:01:13 PM,7/31/2025,
884,184.1,gf,3.190,mm,OK,--,9:01:13 PM,7/31/2025,
885,184.1,gf,3.190,mm,OK,--,9:01:13 PM,7/31/2025,
886,183.9,gf,3.190,mm,OK,--,9:01:14 PM,7/31/2025,
887,183.5,gf,3.190,mm,OK,--,9:01:14 PM,7/31/2025,
888,182.9,gf,3.190,mm,OK,--,9:01:14 PM,7/31/2025,
889,182.3,gf,3.190,mm,OK,--,9:01:14 PM,7/31/2025,
890,181.2,gf,3.190,mm,OK,--,9:01:14 PM,7/31/2025,
891,180.5,gf,3.190,mm,OK,--,9:01:14 PM,7/31/2025,
892,179.9,gf,3.190,mm,OK,--,9:01:14 PM,7/31/2025,
893,179.4,gf,3.190,mm,OK,--,9:01:14 PM,7/31/2025,
894,179.0,gf,3.185,mm,OK,--,9:01:14 PM,7/31/2025,
895,178.7,gf,3.185,mm,OK,--,9:01:14 PM,7/31/2025,
896,178.3,gf,3.185,mm,OK,--,9:01:15 PM,7/31/2025,
897,177.9,gf,3.185,mm,OK,--,9:01:15 PM,7/31/2025,
898,177.3,gf,3.185,mm,OK,--,9:01:15 PM,7/31/2025,
899,176.5,gf,3.185,mm,OK,--,9:01:15 PM,7/31/2025,
900,175.9,gf,3.185,mm,OK,--,9:01:15 PM,7/31/2025,
901,175.3,gf,3.185,mm,OK,--,9:01:15 PM,7/31/2025,
902,174.6,gf,3.185,mm,OK,--,9:01:15 PM,7/31/2025,
903,173.9,gf,3.180,mm,OK,--,9:01:15 PM,7/31/2025,
904,173.3,gf,3.180,mm,OK,--,9:01:15 PM,7/31/2025,
905,172.8,gf,3.180,mm,OK,--,9:01:15 PM,7/31/2025,
906,172.1,gf,3.180,mm,OK,--,9:01:16 PM,7/31/2025,
907,171.6,gf,3.180,mm,OK,--,9:01:16 PM,7/31/2025,
908,171.1,gf,3.180,mm,OK,--,9:01:16 PM,7/31/2025,
909,170.5,gf,3.180,mm,OK,--,9:01:16 PM,7/31/2025,
910,169.9,gf,3.175,mm,OK,--,9:01:16 PM,7/31/2025,
911,169.5,gf,3.175,mm,OK,--,9:01:16 PM,7/31/2025,
912,169.3,gf,3.175,mm,OK,--,9:01:16 PM,7/31/2025,
913,169.2,gf,3.175,mm,OK,--,9:01:16 PM,7/31/2025,
914,168.8,gf,3.175,mm,OK,--,9:01:16 PM,7/31/2025,
915,168.5,gf,3.175,mm,OK,--,9:01:16 PM,7/31/2025,
916,168.2,gf,3.175,mm,OK,--,9:01:17 PM,7/31/2025,
917,167.9,gf,3.175,mm,OK,--,9:01:17 PM,7/31/2025,
918,167.7,gf,3.175,mm,OK,--,9:01:17 PM,7/31/2025,
919,167.3,gf,3.175,mm,OK,--,9:01:17 PM,7/31/2025,
920,166.9,gf,3.175,mm,OK,--,9:01:17 PM,7/31/2025,
921,166.6,gf,3.175,mm,OK,--,9:01:17 PM,7/31/2025,
922,166.5,gf,3.175,mm,OK,--,9:01:17 PM,7/31/2025,
923,166.2,gf,3.175,mm,OK,--,9:01:17 PM,7/31/2025,
924,166.1,gf,3.175,mm,OK,--,9:01:17 PM,7/31/2025,
925,165.8,gf,3.175,mm,OK,--,9:01:17 PM,7/31/2025,
926,165.6,gf,3.170,mm,OK,--,9:01:18 PM,7/31/2025,
927,165.1,gf,3.170,mm,OK,--,9:01:18 PM,7/31/2025,
928,164.6,gf,3.170,mm,OK,--,9:01:18 PM,7/31/2025,
929,164.1,gf,3.170,mm,OK,--,9:01:18 PM,7/31/2025,
930,163.6,gf,3.170,mm,OK,--,9:01:18 PM,7/31/2025,
931,163.0,gf,3.170,mm,OK,--,9:01:18 PM,7/31/2025,
932,162.4,gf,3.170,mm,OK,--,9:01:18 PM,7/31/2025,
933,161.7,gf,3.170,mm,OK,--,9:01:18 PM,7/31/2025,
934,160.9,gf,3.165,mm,OK,--,9:01:18 PM,7/31/2025,
935,160.4,gf,3.165,mm,OK,--,9:01:18 PM,7/31/2025,
936,159.8,gf,3.165,mm,OK,--,9:01:19 PM,7/31/2025,
937,159.3,gf,3.165,mm,OK,--,9:01:19 PM,7/31/2025,
938,158.7,gf,3.165,mm,OK,--,9:01:19 PM,7/31/2025,
939,158.2,gf,3.165,mm,OK,--,9:01:19 PM,7/31/2025,
940,157.7,gf,3.165,mm,OK,--,9:01:19 PM,7/31/2025,
941,157.5,gf,3.160,mm,OK,--,9:01:19 PM,7/31/2025,
942,157.3,gf,3.160,mm,OK,--,9:01:19 PM,7/31/2025,
943,157.1,gf,3.160,mm,OK,--,9:01:19 PM,7/31/2025,
944,156.7,gf,3.160,mm,OK,--,9:01:19 PM,7/31/2025,
945,156.1,gf,3.160,mm,OK,--,9:01:19 PM,7/31/2025,
946,155.6,gf,3.160,mm,OK,--,9:01:20 PM,7/31/2025,
947,155.2,gf,3.160,mm,OK,--,9:01:20 PM,7/31/2025,
948,154.8,gf,3.160,mm,OK,--,9:01:20 PM,7/31/2025,
949,154.5,gf,3.160,mm,OK,--,9:01:20 PM,7/31/2025,
950,154.2,gf,3.160,mm,OK,--,9:01:20 PM,7/31/2025,
951,153.7,gf,3.160,mm,OK,--,9:01:20 PM,7/31/2025,
952,153.1,gf,3.155,mm,OK,--,9:01:20 PM,7/31/2025,
953,152.5,gf,3.155,mm,OK,--,9:01:20 PM,7/31/2025,
954,151.7,gf,3.155,mm,OK,--,9:01:20 PM,7/31/2025,
955,150.8,gf,3.155,mm,OK,--,9:01:20 PM,7/31/2025,
956,149.9,gf,3.155,mm,OK,--,9:01:21 PM,7/31/2025,
957,149.1,gf,3.150,mm,OK,--,9:01:21 PM,7/31/2025,
958,148.3,gf,3.150,mm,OK,--,9:01:21 PM,7/31/2025,
959,147.5,gf,3.150,mm,OK,--,9:01:21 PM,7/31/2025,
960,146.8,gf,3.150,mm,OK,--,9:01:21 PM,7/31/2025,
961,146.0,gf,3.150,mm,OK,--,9:01:21 PM,7/31/2025,
962,145.2,gf,3.145,mm,OK,--,9:01:21 PM,7/31/2025,
963,144.3,gf,3.145,mm,OK,--,9:01:21 PM,7/31/2025,
964,143.4,gf,3.145,mm,OK,--,9:01:21 PM,7/31/2025,
965,142.5,gf,3.145,mm,OK,--,9:01:21 PM,7/31/2025,
966,141.6,gf,3.140,mm,OK,--,9:01:22 PM,7/31/2025,
967,140.8,gf,3.140,mm,OK,--,9:01:22 PM,7/31/2025,
968,140.2,gf,3.140,mm,OK,--,9:01:22 PM,7/31/2025,
969,139.4,gf,3.140,mm,OK,--,9:01:22 PM,7/31/2025,
970,138.7,gf,3.140,mm,OK,--,9:01:22 PM,7/31/2025,
971,138.1,gf,3.140,mm,OK,--,9:01:22 PM,7/31/2025,
972,137.6,gf,3.135,mm,OK,--,9:01:22 PM,7/31/2025,
973,137.2,gf,3.135,mm,OK,--,9:01:22 PM,7/31/2025,
974,136.8,gf,3.135,mm,OK,--,9:01:22 PM,7/31/2025,
975,136.2,gf,3.135,mm,OK,--,9:01:22 PM,7/31/2025,
976,135.5,gf,3.135,mm,OK,--,9:01:23 PM,7/31/2025,
977,134.9,gf,3.135,mm,OK,--,9:01:23 PM,7/31/2025,
978,134.4,gf,3.135,mm,OK,--,9:01:23 PM,7/31/2025,
979,133.8,gf,3.130,mm,OK,--,9:01:23 PM,7/31/2025,
980,133.3,gf,3.130,mm,OK,--,9:01:23 PM,7/31/2025,
981,133.1,gf,3.130,mm,OK,--,9:01:23 PM,7/31/2025,
982,132.8,gf,3.130,mm,OK,--,9:01:23 PM,7/31/2025,
983,132.4,gf,3.130,mm,OK,--,9:01:23 PM,7/31/2025,
984,132.2,gf,3.130,mm,OK,--,9:01:23 PM,7/31/2025,
985,132.1,gf,3.130,mm,OK,--,9:01:23 PM,7/31/2025,
986,131.9,gf,3.130,mm,OK,--,9:01:24 PM,7/31/2025,
987,131.6,gf,3.130,mm,OK,--,9:01:24 PM,7/31/2025,
988,131.0,gf,3.130,mm,OK,--,9:01:24 PM,7/31/2025,
989,130.1,gf,3.125,mm,OK,--,9:01:24 PM,7/31/2025,
990,129.0,gf,3.125,mm,OK,--,9:01:24 PM,7/31/2025,
991,127.9,gf,3.125,mm,OK,--,9:01:24 PM,7/31/2025,
992,126.7,gf,3.120,mm,OK,--,9:01:24 PM,7/31/2025,
993,125.8,gf,3.120,mm,OK,--,9:01:24 PM,7/31/2025,
994,125.0,gf,3.120,mm,OK,--,9:01:24 PM,7/31/2025,
995,124.0,gf,3.120,mm,OK,--,9:01:24 PM,7/31/2025,
996,123.0,gf,3.115,mm,OK,--,9:01:25 PM,7/31/2025,
997,122.1,gf,3.115,mm,OK,--,9:01:25 PM,7/31/2025,
998,121.1,gf,3.115,mm,OK,--,9:01:25 PM,7/31/2025,
999,120.0,gf,3.110,mm,OK,--,9:01:25 PM,7/31/2025,
1000,118.9,gf,3.110,mm,OK,--,9:01:25 PM,7/31/2025,
1001,117.9,gf,3.110,mm,OK,--,9:01:25 PM,7/31/2025,
1002,117.1,gf,3.105,mm,OK,--,9:01:25 PM,7/31/2025,
1003,116.4,gf,3.105,mm,OK,--,9:01:25 PM,7/31/2025,
1004,115.8,gf,3.105,mm,OK,--,9:01:25 PM,7/31/2025,
1005,115.2,gf,3.105,mm,OK,--,9:01:25 PM,7/31/2025,
1006,114.5,gf,3.105,mm,OK,--,9:01:26 PM,7/31/2025,
1007,113.7,gf,3.100,mm,OK,--,9:01:26 PM,7/31/2025,
1008,113.0,gf,3.100,mm,OK,--,9:01:26 PM,7/31/2025,
1009,112.3,gf,3.100,mm,OK,--,9:01:26 PM,7/31/2025,
1010,111.6,gf,3.100,mm,OK,--,9:01:26 PM,7/31/2025,
1011,110.9,gf,3.095,mm,OK,--,9:01:26 PM,7/31/2025,
1012,110.1,gf,3.095,mm,OK,--,9:01:26 PM,7/31/2025,
1013,109.3,gf,3.095,mm,OK,--,9:01:26 PM,7/31/2025,
1014,108.4,gf,3.095,mm,OK,--,9:01:26 PM,7/31/2025,
1015,107.5,gf,3.090,mm,OK,--,9:01:26 PM,7/31/2025,
1016,106.6,gf,3.090,mm,OK,--,9:01:27 PM,7/31/2025,
1017,105.7,gf,3.090,mm,OK,--,9:01:27 PM,7/31/2025,
1018,104.9,gf,3.085,mm,OK,--,9:01:27 PM,7/31/2025,
1019,104.1,gf,3.085,mm,OK,--,9:01:27 PM,7/31/2025,
1020,103.5,gf,3.085,mm,OK,--,9:01:27 PM,7/31/2025,
1021,103.0,gf,3.085,mm,OK,--,9:01:27 PM,7/31/2025,
1022,102.7,gf,3.080,mm,OK,--,9:01:27 PM,7/31/2025,
1023,102.5,gf,3.080,mm,OK,--,9:01:27 PM,7/31/2025,
1024,102.3,gf,3.080,mm,OK,--,9:01:27 PM,7/31/2025,
1025,102.2,gf,3.080,mm,OK,--,9:01:27 PM,7/31/2025,
1026,102.0,gf,3.080,mm,OK,--,9:01:28 PM,7/31/2025,
1027,101.7,gf,3.080,mm,OK,--,9:01:28 PM,7/31/2025,
1028,101.4,gf,3.080,mm,OK,--,9:01:28 PM,7/31/2025,
1029,101.2,gf,3.080,mm,OK,--,9:01:28 PM,7/31/2025,
1030,100.9,gf,3.080,mm,OK,--,9:01:28 PM,7/31/2025,
1031,100.6,gf,3.075,mm,OK,--,9:01:28 PM,7/31/2025,
1032,100.2,gf,3.075,mm,OK,--,9:01:28 PM,7/31/2025,
1033,99.9,gf,3.075,mm,OK,--,9:01:28 PM,7/31/2025,
1034,99.5,gf,3.075,mm,OK,--,9:01:28 PM,7/31/2025,
1035,99.1,gf,3.075,mm,OK,--,9:01:28 PM,7/31/2025,
1036,98.8,gf,3.075,mm,OK,--,9:01:29 PM,7/31/2025,
1037,98.5,gf,3.075,mm,OK,--,9:01:29 PM,7/31/2025,
1038,98.2,gf,3.075,mm,OK,--,9:01:29 PM,7/31/2025,
1039,98.0,gf,3.075,mm,OK,--,9:01:29 PM,7/31/2025,
1040,97.7,gf,3.070,mm,OK,--,9:01:29 PM,7/31/2025,
1041,97.5,gf,3.070,mm,OK,--,9:01:29 PM,7/31/2025,
1042,97.4,gf,3.070,mm,OK,--,9:01:29 PM,7/31/2025,
1043,97.2,gf,3.070,mm,OK,--,9:01:29 PM,7/31/2025,
1044,96.9,gf,3.070,mm,OK,--,9:01:29 PM,7/31/2025,
1045,96.6,gf,3.070,mm,OK,--,9:01:29 PM,7/31/2025,
1046,96.4,gf,3.070,mm,OK,--,9:01:30 PM,7/31/2025,
1047,96.1,gf,3.070,mm,OK,--,9:01:30 PM,7/31/2025,
1048,95.9,gf,3.070,mm,OK,--,9:01:30 PM,7/31/2025,
1049,95.7,gf,3.070,mm,OK,--,9:01:30 PM,7/31/2025,
1050,95.6,gf,3.070,mm,OK,--,9:01:30 PM,7/31/2025,
1051,95.4,gf,3.065,mm,OK,--,9:01:30 PM,7/31/2025,
1052,95.2,gf,3.065,mm,OK,--,9:01:30 PM,7/31/2025,
1053,94.9,gf,3.065,mm,OK,--,9:01:30 PM,7/31/2025,
1054,94.6,gf,3.065,mm,OK,--,9:01:30 PM,7/31/2025,
1055,94.4,gf,3.065,mm,OK,--,9:01:30 PM,7/31/2025,
1056,94.0,gf,3.065,mm,OK,--,9:01:31 PM,7/31/2025,
1057,93.8,gf,3.065,mm,OK,--,9:01:31 PM,7/31/2025,
1058,93.5,gf,3.065,mm,OK,--,9:01:31 PM,7/31/2025,
1059,93.3,gf,3.065,mm,OK,--,9:01:31 PM,7/31/2025,
1060,93.1,gf,3.060,mm,OK,--,9:01:31 PM,7/31/2025,
1061,92.8,gf,3.060,mm,OK,--,9:01:31 PM,7/31/2025,
1062,92.6,gf,3.060,mm,OK,--,9:01:31 PM,7/31/2025,
1063,92.2,gf,3.060,mm,OK,--,9:01:31 PM,7/31/2025,
1064,91.1,gf,3.060,mm,OK,--,9:01:31 PM,7/31/2025,
1065,90.0,gf,3.055,mm,OK,--,9:01:31 PM,7/31/2025,
1066,88.9,gf,3.055,mm,OK,--,9:01:32 PM,7/31/2025,
1067,87.9,gf,3.055,mm,OK,--,9:01:32 PM,7/31/2025,
1068,86.7,gf,3.050,mm,OK,--,9:01:32 PM,7/31/2025,
1069,85.8,gf,3.050,mm,OK,--,9:01:32 PM,7/31/2025,
1070,85.0,gf,3.045,mm,OK,--,9:01:32 PM,7/31/2025,
1071,83.8,gf,3.045,mm,OK,--,9:01:32 PM,7/31/2025,
1072,82.5,gf,3.040,mm,OK,--,9:01:32 PM,7/31/2025,
1073,81.7,gf,3.040,mm,OK,--,9:01:32 PM,7/31/2025,
1074,80.9,gf,3.035,mm,OK,--,9:01:32 PM,7/31/2025,
1075,80.2,gf,3.035,mm,OK,--,9:01:32 PM,7/31/2025,
1076,79.4,gf,3.030,mm,OK,--,9:01:33 PM,7/31/2025,
1077,78.6,gf,3.030,mm,OK,--,9:01:33 PM,7/31/2025,
1078,77.3,gf,3.025,mm,OK,--,9:01:33 PM,7/31/2025,
1079,76.1,gf,3.025,mm,OK,--,9:01:33 PM,7/31/2025,
1080,75.1,gf,3.020,mm,OK,--,9:01:33 PM,7/31/2025,
1081,74.1,gf,3.015,mm,OK,--,9:01:33 PM,7/31/2025,
1082,73.1,gf,3.015,mm,OK,--,9:01:33 PM,7/31/2025,
1083,72.2,gf,3.010,mm,OK,--,9:01:33 PM,7/31/2025,
1084,71.2,gf,3.010,mm,OK,--,9:01:33 PM,7/31/2025,
1085,70.4,gf,3.005,mm,OK,--,9:01:33 PM,7/31/2025,
1086,69.4,gf,3.000,mm,OK,--,9:01:34 PM,7/31/2025,
1087,68.4,gf,2.995,mm,OK,--,9:01:34 PM,7/31/2025,
1088,67.1,gf,2.995,mm,OK,--,9:01:34 PM,7/31/2025,
1089,66.1,gf,2.990,mm,OK,--,9:01:34 PM,7/31/2025,
1090,65.5,gf,2.985,mm,OK,--,9:01:34 PM,7/31/2025,
1091,65.0,gf,2.985,mm,OK,--,9:01:34 PM,7/31/2025,
1092,64.5,gf,2.980,mm,OK,--,9:01:34 PM,7/31/2025,
1093,64.2,gf,2.980,mm,OK,--,9:01:34 PM,7/31/2025,
1094,64.1,gf,2.980,mm,OK,--,9:01:34 PM,7/31/2025,
1095,63.8,gf,2.975,mm,OK,--,9:01:34 PM,7/31/2025,
1096,63.6,gf,2.975,mm,OK,--,9:01:35 PM,7/31/2025,
1097,63.3,gf,2.975,mm,OK,--,9:01:35 PM,7/31/2025,
1098,63.1,gf,2.975,mm,OK,--,9:01:35 PM,7/31/2025,
1099,62.9,gf,2.970,mm,OK,--,9:01:35 PM,7/31/2025,
1100,62.7,gf,2.970,mm,OK,--,9:01:35 PM,7/31/2025,
1101,62.5,gf,2.970,mm,OK,--,9:01:35 PM,7/31/2025,
1102,62.1,gf,2.970,mm,OK,--,9:01:35 PM,7/31/2025,
1103,61.7,gf,2.965,mm,OK,--,9:01:35 PM,7/31/2025,
1104,61.1,gf,2.965,mm,OK,--,9:01:35 PM,7/31/2025,
1105,60.4,gf,2.960,mm,OK,--,9:01:35 PM,7/31/2025,
1106,59.6,gf,2.955,mm,OK,--,9:01:36 PM,7/31/2025,
1107,59.1,gf,2.950,mm,OK,--,9:01:36 PM,7/31/2025,
1108,58.6,gf,2.950,mm,OK,--,9:01:36 PM,7/31/2025,
1109,58.2,gf,2.945,mm,OK,--,9:01:36 PM,7/31/2025,
1110,57.9,gf,2.940,mm,OK,--,9:01:36 PM,7/31/2025,
1111,57.6,gf,2.940,mm,OK,--,9:01:36 PM,7/31/2025,
1112,57.3,gf,2.935,mm,OK,--,9:01:36 PM,7/31/2025,
1113,57.1,gf,2.930,mm,OK,--,9:01:36 PM,7/31/2025,
1114,56.8,gf,2.925,mm,OK,--,9:01:36 PM,7/31/2025,
1115,56.6,gf,2.925,mm,OK,--,9:01:36 PM,7/31/2025,
1116,56.5,gf,2.920,mm,OK,--,9:01:37 PM,7/31/2025,
1117,56.4,gf,2.920,mm,OK,--,9:01:37 PM,7/31/2025,
1118,56.2,gf,2.915,mm,OK,--,9:01:37 PM,7/31/2025,
1119,56.0,gf,2.915,mm,OK,--,9:01:37 PM,7/31/2025,
1120,55.9,gf,2.910,mm,OK,--,9:01:37 PM,7/31/2025,
1121,55.7,gf,2.910,mm,OK,--,9:01:37 PM,7/31/2025,
1122,55.5,gf,2.905,mm,OK,--,9:01:37 PM,7/31/2025,
1123,55.4,gf,2.905,mm,OK,--,9:01:37 PM,7/31/2025,
1124,55.3,gf,2.900,mm,OK,--,9:01:37 PM,7/31/2025,
1125,55.2,gf,2.900,mm,OK,--,9:01:37 PM,7/31/2025,
1126,55.2,gf,2.895,mm,OK,--,9:01:38 PM,7/31/2025,
1127,55.0,gf,2.895,mm,OK,--,9:01:38 PM,7/31/2025,
1128,54.9,gf,2.890,mm,OK,--,9:01:38 PM,7/31/2025,
1129,54.7,gf,2.885,mm,OK,--,9:01:38 PM,7/31/2025,
1130,54.6,gf,2.885,mm,OK,--,9:01:38 PM,7/31/2025,
1131,54.6,gf,2.880,mm,OK,--,9:01:38 PM,7/31/2025,
1132,54.5,gf,2.880,mm,OK,--,9:01:38 PM,7/31/2025,
1133,54.4,gf,2.875,mm,OK,--,9:01:38 PM,7/31/2025,
1134,54.4,gf,2.875,mm,OK,--,9:01:38 PM,7/31/2025,
1135,54.3,gf,2.870,mm,OK,--,9:01:38 PM,7/31/2025,
1136,54.3,gf,2.870,mm,OK,--,9:01:39 PM,7/31/2025,
1137,54.3,gf,2.865,mm,OK,--,9:01:39 PM,7/31/2025,
1138,54.3,gf,2.865,mm,OK,--,9:01:39 PM,7/31/2025,
1139,54.2,gf,2.860,mm,OK,--,9:01:39 PM,7/31/2025,
1140,54.2,gf,2.860,mm,OK,--,9:01:39 PM,7/31/2025,
1141,54.2,gf,2.855,mm,OK,--,9:01:39 PM,7/31/2025,
1142,54.2,gf,2.855,mm,OK,--,9:01:39 PM,7/31/2025,
1143,54.2,gf,2.850,mm,OK,--,9:01:39 PM,7/31/2025,
1144,54.2,gf,2.850,mm,OK,--,9:01:39 PM,7/31/2025,
1145,54.2,gf,2.845,mm,OK,--,9:01:39 PM,7/31/2025,
1146,54.2,gf,2.845,mm,OK,--,9:01:40 PM,7/31/2025,
1147,54.2,gf,2.840,mm,OK,--,9:01:40 PM,7/31/2025,
1148,54.2,gf,2.840,mm,OK,--,9:01:40 PM,7/31/2025,
1149,54.2,gf,2.840,mm,OK,--,9:01:40 PM,7/31/2025,
1150,54.2,gf,2.835,mm,OK,--,9:01:40 PM,7/31/2025,
1151,54.2,gf,2.835,mm,OK,--,9:01:40 PM,7/31/2025,
1152,54.1,gf,2.835,mm,OK,--,9:01:40 PM,7/31/2025,
1153,54.1,gf,2.830,mm,OK,--,9:01:40 PM,7/31/2025,
1154,54.1,gf,2.830,mm,OK,--,9:01:40 PM,7/31/2025,
1155,54.0,gf,2.825,mm,OK,--,9:01:40 PM,7/31/2025,
1156,54.0,gf,2.825,mm,OK,--,9:01:41 PM,7/31/2025,
1157,54.0,gf,2.820,mm,OK,--,9:01:41 PM,7/31/2025,
1158,53.9,gf,2.815,mm,OK,--,9:01:41 PM,7/31/2025,
1159,53.9,gf,2.810,mm,OK,--,9:01:41 PM,7/31/2025,
1160,53.8,gf,2.805,mm,OK,--,9:01:41 PM,7/31/2025,
1161,53.8,gf,2.795,mm,OK,--,9:01:41 PM,7/31/2025,
1162,53.7,gf,2.790,mm,OK,--,9:01:41 PM,7/31/2025,
1163,53.6,gf,2.785,mm,OK,--,9:01:41 PM,7/31/2025,
1164,53.7,gf,2.780,mm,OK,--,9:01:41 PM,7/31/2025,
1165,53.6,gf,2.780,mm,OK,--,9:01:41 PM,7/31/2025,
1166,53.6,gf,2.775,mm,OK,--,9:01:42 PM,7/31/2025,
1167,53.5,gf,2.770,mm,OK,--,9:01:42 PM,7/31/2025,
1168,53.5,gf,2.765,mm,OK,--,9:01:42 PM,7/31/2025,
1169,53.5,gf,2.760,mm,OK,--,9:01:42 PM,7/31/2025,
1170,53.4,gf,2.755,mm,OK,--,9:01:42 PM,7/31/2025,
1171,53.3,gf,2.750,mm,OK,--,9:01:42 PM,7/31/2025,
1172,53.3,gf,2.745,mm,OK,--,9:01:42 PM,7/31/2025,
1173,53.3,gf,2.740,mm,OK,--,9:01:42 PM,7/31/2025,
1174,53.2,gf,2.735,mm,OK,--,9:01:42 PM,7/31/2025,
1175,53.1,gf,2.730,mm,OK,--,9:01:42 PM,7/31/2025,
1176,53.1,gf,2.725,mm,OK,--,9:01:43 PM,7/31/2025,
1177,53.0,gf,2.720,mm,OK,--,9:01:43 PM,7/31/2025,
1178,52.8,gf,2.710,mm,OK,--,9:01:43 PM,7/31/2025,
1179,52.9,gf,2.695,mm,OK,--,9:01:43 PM,7/31/2025,
1180,52.8,gf,2.690,mm,OK,--,9:01:43 PM,7/31/2025,
1181,52.7,gf,2.680,mm,OK,--,9:01:43 PM,7/31/2025,
1182,52.7,gf,2.675,mm,OK,--,9:01:43 PM,7/31/2025,
1183,52.7,gf,2.675,mm,OK,--,9:01:43 PM,7/31/2025,
1184,52.6,gf,2.670,mm,OK,--,9:01:43 PM,7/31/2025,
1185,52.6,gf,2.670,mm,OK,--,9:01:43 PM,7/31/2025,
1186,52.6,gf,2.665,mm,OK,--,9:01:44 PM,7/31/2025,
1187,52.5,gf,2.660,mm,OK,--,9:01:44 PM,7/31/2025,
1188,52.6,gf,2.655,mm,OK,--,9:01:44 PM,7/31/2025,
1189,52.5,gf,2.650,mm,OK,--,9:01:44 PM,7/31/2025,
1190,52.5,gf,2.650,mm,OK,--,9:01:44 PM,7/31/2025,
1191,52.5,gf,2.645,mm,OK,--,9:01:44 PM,7/31/2025,
1192,52.4,gf,2.640,mm,OK,--,9:01:44 PM,7/31/2025,
1193,52.3,gf,2.635,mm,OK,--,9:01:44 PM,7/31/2025,
1194,52.3,gf,2.630,mm,OK,--,9:01:44 PM,7/31/2025,
1195,52.2,gf,2.625,mm,OK,--,9:01:44 PM,7/31/2025,
1196,52.3,gf,2.620,mm,OK,--,9:01:45 PM,7/31/2025,
1197,52.2,gf,2.615,mm,OK,--,9:01:45 PM,7/31/2025,
1198,52.2,gf,2.610,mm,OK,--,9:01:45 PM,7/31/2025,
1199,52.1,gf,2.605,mm,OK,--,9:01:45 PM,7/31/2025,
1200,52.1,gf,2.595,mm,OK,--,9:01:45 PM,7/31/2025,
1201,52.1,gf,2.595,mm,OK,--,9:01:45 PM,7/31/2025,
1202,52.0,gf,2.590,mm,OK,--,9:01:45 PM,7/31/2025,
1203,52.0,gf,2.590,mm,OK,--,9:01:45 PM,7/31/2025,
1204,52.0,gf,2.585,mm,OK,--,9:01:45 PM,7/31/2025,
1205,51.9,gf,2.585,mm,OK,--,9:01:45 PM,7/31/2025,
1206,51.9,gf,2.580,mm,OK,--,9:01:46 PM,7/31/2025,
1207,51.8,gf,2.575,mm,OK,--,9:01:46 PM,7/31/2025,
1208,51.8,gf,2.565,mm,OK,--,9:01:46 PM,7/31/2025,
1209,51.7,gf,2.555,mm,OK,--,9:01:46 PM,7/31/2025,
1210,51.6,gf,2.540,mm,OK,--,9:01:46 PM,7/31/2025,
1211,51.5,gf,2.525,mm,OK,--,9:01:46 PM,7/31/2025,
1212,51.4,gf,2.515,mm,OK,--,9:01:46 PM,7/31/2025,
1213,51.3,gf,2.500,mm,OK,--,9:01:46 PM,7/31/2025,
1214,51.1,gf,2.485,mm,OK,--,9:01:46 PM,7/31/2025,
1215,51.0,gf,2.465,mm,OK,--,9:01:46 PM,7/31/2025,
1216,50.7,gf,2.440,mm,OK,--,9:01:47 PM,7/31/2025,
1217,50.6,gf,2.420,mm,OK,--,9:01:47 PM,7/31/2025,
1218,50.4,gf,2.400,mm,OK,--,9:01:47 PM,7/31/2025,
1219,50.2,gf,2.385,mm,OK,--,9:01:47 PM,7/31/2025,
1220,50.1,gf,2.370,mm,OK,--,9:01:47 PM,7/31/2025,
1221,50.0,gf,2.355,mm,OK,--,9:01:47 PM,7/31/2025,
1222,49.9,gf,2.340,mm,OK,--,9:01:47 PM,7/31/2025,
1223,49.8,gf,2.330,mm,OK,--,9:01:47 PM,7/31/2025,
1224,49.7,gf,2.320,mm,OK,--,9:01:47 PM,7/31/2025,
1225,49.7,gf,2.310,mm,OK,--,9:01:47 PM,7/31/2025,
1226,49.6,gf,2.300,mm,OK,--,9:01:48 PM,7/31/2025,
1227,49.5,gf,2.295,mm,OK,--,9:01:48 PM,7/31/2025,
1228,49.5,gf,2.290,mm,OK,--,9:01:48 PM,7/31/2025,
1229,49.4,gf,2.285,mm,OK,--,9:01:48 PM,7/31/2025,
1230,49.4,gf,2.275,mm,OK,--,9:01:48 PM,7/31/2025,
1231,49.3,gf,2.270,mm,OK,--,9:01:48 PM,7/31/2025,
1232,49.3,gf,2.260,mm,OK,--,9:01:48 PM,7/31/2025,
1233,49.2,gf,2.260,mm,OK,--,9:01:48 PM,7/31/2025,
1234,49.2,gf,2.260,mm,OK,--,9:01:48 PM,7/31/2025,
1235,49.2,gf,2.255,mm,OK,--,9:01:48 PM,7/31/2025,
1236,49.2,gf,2.250,mm,OK,--,9:01:49 PM,7/31/2025,
1237,49.2,gf,2.250,mm,OK,--,9:01:49 PM,7/31/2025,
1238,49.2,gf,2.245,mm,OK,--,9:01:49 PM,7/31/2025,
1239,49.1,gf,2.240,mm,OK,--,9:01:49 PM,7/31/2025,
1240,49.1,gf,2.240,mm,OK,--,9:01:49 PM,7/31/2025,
1241,49.0,gf,2.240,mm,OK,--,9:01:49 PM,7/31/2025,
1242,49.0,gf,2.235,mm,OK,--,9:01:49 PM,7/31/2025,
1243,49.0,gf,2.235,mm,OK,--,9:01:49 PM,7/31/2025,
1244,49.0,gf,2.230,mm,OK,--,9:01:49 PM,7/31/2025,
1245,48.9,gf,2.225,mm,OK,--,9:01:49 PM,7/31/2025,
1246,48.9,gf,2.220,mm,OK,--,9:01:50 PM,7/31/2025,
1247,48.9,gf,2.215,mm,OK,--,9:01:50 PM,7/31/2025,
1248,48.7,gf,2.205,mm,OK,--,9:01:50 PM,7/31/2025,
1249,48.7,gf,2.195,mm,OK,--,9:01:50 PM,7/31/2025,
1250,48.6,gf,2.190,mm,OK,--,9:01:50 PM,7/31/2025,
1251,48.5,gf,2.180,mm,OK,--,9:01:50 PM,7/31/2025,
1252,48.5,gf,2.170,mm,OK,--,9:01:50 PM,7/31/2025,
1253,48.5,gf,2.165,mm,OK,--,9:01:50 PM,7/31/2025,
1254,48.4,gf,2.150,mm,OK,--,9:01:50 PM,7/31/2025,
1255,48.2,gf,2.140,mm,OK,--,9:01:50 PM,7/31/2025,
1256,48.1,gf,2.120,mm,OK,--,9:01:51 PM,7/31/2025,
1257,47.9,gf,2.105,mm,OK,--,9:01:51 PM,7/31/2025,
1258,47.9,gf,2.095,mm,OK,--,9:01:51 PM,7/31/2025,
1259,47.8,gf,2.085,mm,OK,--,9:01:51 PM,7/31/2025,
1260,47.6,gf,2.075,mm,OK,--,9:01:51 PM,7/31/2025,
1261,47.5,gf,2.065,mm,OK,--,9:01:51 PM,7/31/2025,
1262,47.5,gf,2.050,mm,OK,--,9:01:51 PM,7/31/2025,
1263,47.2,gf,2.020,mm,OK,--,9:01:51 PM,7/31/2025,
1264,47.0,gf,1.995,mm,OK,--,9:01:51 PM,7/31/2025,
1265,46.9,gf,1.975,mm,OK,--,9:01:51 PM,7/31/2025,
1266,46.7,gf,1.955,mm,OK,--,9:01:52 PM,7/31/2025,
1267,46.6,gf,1.945,mm,OK,--,9:01:52 PM,7/31/2025,
1268,46.5,gf,1.935,mm,OK,--,9:01:52 PM,7/31/2025,
1269,46.4,gf,1.925,mm,OK,--,9:01:52 PM,7/31/2025,
1270,46.3,gf,1.915,mm,OK,--,9:01:52 PM,7/31/2025,
1271,46.3,gf,1.905,mm,OK,--,9:01:52 PM,7/31/2025,
1272,46.2,gf,1.900,mm,OK,--,9:01:52 PM,7/31/2025,
1273,46.2,gf,1.895,mm,OK,--,9:01:52 PM,7/31/2025,
1274,46.1,gf,1.890,mm,OK,--,9:01:52 PM,7/31/2025,
1275,46.0,gf,1.885,mm,OK,--,9:01:52 PM,7/31/2025,
1276,45.9,gf,1.875,mm,OK,--,9:01:53 PM,7/31/2025,
1277,45.8,gf,1.870,mm,OK,--,9:01:53 PM,7/31/2025,
1278,45.8,gf,1.860,mm,OK,--,9:01:53 PM,7/31/2025,
1279,45.7,gf,1.850,mm,OK,--,9:01:53 PM,7/31/2025,
1280,45.6,gf,1.840,mm,OK,--,9:01:53 PM,7/31/2025,
1281,45.5,gf,1.830,mm,OK,--,9:01:53 PM,7/31/2025,
1282,45.5,gf,1.820,mm,OK,--,9:01:53 PM,7/31/2025,
1283,45.3,gf,1.805,mm,OK,--,9:01:53 PM,7/31/2025,
1284,45.1,gf,1.785,mm,OK,--,9:01:53 PM,7/31/2025,
1285,45.0,gf,1.770,mm,OK,--,9:01:53 PM,7/31/2025,
1286,44.9,gf,1.750,mm,OK,--,9:01:54 PM,7/31/2025,
1287,44.8,gf,1.735,mm,OK,--,9:01:54 PM,7/31/2025,
1288,44.5,gf,1.715,mm,OK,--,9:01:54 PM,7/31/2025,
1289,44.4,gf,1.695,mm,OK,--,9:01:54 PM,7/31/2025,
1290,44.2,gf,1.675,mm,OK,--,9:01:54 PM,7/31/2025,
1291,44.1,gf,1.660,mm,OK,--,9:01:54 PM,7/31/2025,
1292,44.1,gf,1.650,mm,OK,--,9:01:54 PM,7/31/2025,
1293,44.0,gf,1.640,mm,OK,--,9:01:54 PM,7/31/2025,
1294,43.9,gf,1.630,mm,OK,--,9:01:54 PM,7/31/2025,
1295,43.9,gf,1.625,mm,OK,--,9:01:54 PM,7/31/2025,
1296,43.9,gf,1.615,mm,OK,--,9:01:55 PM,7/31/2025,
1297,43.8,gf,1.605,mm,OK,--,9:01:55 PM,7/31/2025,
1298,43.7,gf,1.595,mm,OK,--,9:01:55 PM,7/31/2025,
1299,43.7,gf,1.585,mm,OK,--,9:01:55 PM,7/31/2025,
1300,43.6,gf,1.575,mm,OK,--,9:01:55 PM,7/31/2025,
1301,43.5,gf,1.570,mm,OK,--,9:01:55 PM,7/31/2025,
1302,43.4,gf,1.555,mm,OK,--,9:01:55 PM,7/31/2025,
1303,43.4,gf,1.545,mm,OK,--,9:01:55 PM,7/31/2025,
1304,43.2,gf,1.535,mm,OK,--,9:01:55 PM,7/31/2025,
1305,43.2,gf,1.525,mm,OK,--,9:01:55 PM,7/31/2025,
1306,43.1,gf,1.515,mm,OK,--,9:01:56 PM,7/31/2025,
1307,42.9,gf,1.500,mm,OK,--,9:01:56 PM,7/31/2025,
1308,42.8,gf,1.485,mm,OK,--,9:01:56 PM,7/31/2025,
1309,42.7,gf,1.480,mm,OK,--,9:01:56 PM,7/31/2025,
1310,42.6,gf,1.470,mm,OK,--,9:01:56 PM,7/31/2025,
1311,42.5,gf,1.465,mm,OK,--,9:01:56 PM,7/31/2025,
1312,42.4,gf,1.455,mm,OK,--,9:01:56 PM,7/31/2025,
1313,42.3,gf,1.450,mm,OK,--,9:01:56 PM,7/31/2025,
1314,42.3,gf,1.440,mm,OK,--,9:01:56 PM,7/31/2025,
1315,42.2,gf,1.435,mm,OK,--,9:01:56 PM,7/31/2025,
1316,42.2,gf,1.430,mm,OK,--,9:01:57 PM,7/31/2025,
1317,42.2,gf,1.425,mm,OK,--,9:01:57 PM,7/31/2025,
1318,42.2,gf,1.420,mm,OK,--,9:01:57 PM,7/31/2025,
1319,42.1,gf,1.415,mm,OK,--,9:01:57 PM,7/31/2025,
1320,42.1,gf,1.410,mm,OK,--,9:01:57 PM,7/31/2025,
1321,42.0,gf,1.405,mm,OK,--,9:01:57 PM,7/31/2025,
1322,42.0,gf,1.400,mm,OK,--,9:01:57 PM,7/31/2025,
1323,41.9,gf,1.395,mm,OK,--,9:01:57 PM,7/31/2025,
1324,41.9,gf,1.395,mm,OK,--,9:01:57 PM,7/31/2025,
1325,41.9,gf,1.390,mm,OK,--,9:01:57 PM,7/31/2025,
1326,41.9,gf,1.385,mm,OK,--,9:01:58 PM,7/31/2025,
1327,41.8,gf,1.380,mm,OK,--,9:01:58 PM,7/31/2025,
1328,41.8,gf,1.375,mm,OK,--,9:01:58 PM,7/31/2025,
1329,41.7,gf,1.370,mm,OK,--,9:01:58 PM,7/31/2025,
1330,41.6,gf,1.360,mm,OK,--,9:01:58 PM,7/31/2025,
1331,41.4,gf,1.345,mm,OK,--,9:01:58 PM,7/31/2025,
1332,41.3,gf,1.335,mm,OK,--,9:01:58 PM,7/31/2025,
1333,41.2,gf,1.320,mm,OK,--,9:01:58 PM,7/31/2025,
1334,41.1,gf,1.310,mm,OK,--,9:01:58 PM,7/31/2025,
1335,40.9,gf,1.295,mm,OK,--,9:01:58 PM,7/31/2025,
1336,40.8,gf,1.285,mm,OK,--,9:01:59 PM,7/31/2025,
1337,40.7,gf,1.270,mm,OK,--,9:01:59 PM,7/31/2025,
1338,40.6,gf,1.250,mm,OK,--,9:01:59 PM,7/31/2025,
1339,40.4,gf,1.235,mm,OK,--,9:01:59 PM,7/31/2025,
1340,40.4,gf,1.225,mm,OK,--,9:01:59 PM,7/31/2025,
1341,40.3,gf,1.210,mm,OK,--,9:01:59 PM,7/31/2025,
1342,40.1,gf,1.200,mm,OK,--,9:01:59 PM,7/31/2025,
1343,40.1,gf,1.185,mm,OK,--,9:01:59 PM,7/31/2025,
1344,40.0,gf,1.170,mm,OK,--,9:01:59 PM,7/31/2025,
1345,39.9,gf,1.160,mm,OK,--,9:01:59 PM,7/31/2025,
1346,39.8,gf,1.150,mm,OK,--,9:02:00 PM,7/31/2025,
1347,39.7,gf,1.145,mm,OK,--,9:02:00 PM,7/31/2025,
1348,39.7,gf,1.145,mm,OK,--,9:02:00 PM,7/31/2025,
1349,39.7,gf,1.140,mm,OK,--,9:02:00 PM,7/31/2025,
1350,39.7,gf,1.140,mm,OK,--,9:02:00 PM,7/31/2025,
1351,39.6,gf,1.135,mm,OK,--,9:02:00 PM,7/31/2025,
1352,39.6,gf,1.135,mm,OK,--,9:02:00 PM,7/31/2025,
1353,39.6,gf,1.130,mm,OK,--,9:02:00 PM,7/31/2025,
1354,39.6,gf,1.125,mm,OK,--,9:02:00 PM,7/31/2025,
1355,39.6,gf,1.115,mm,OK,--,9:02:00 PM,7/31/2025,
1356,39.5,gf,1.110,mm,OK,--,9:02:01 PM,7/31/2025,
1357,39.5,gf,1.105,mm,OK,--,9:02:01 PM,7/31/2025,
1358,39.5,gf,1.100,mm,OK,--,9:02:01 PM,7/31/2025,
1359,39.4,gf,1.095,mm,OK,--,9:02:01 PM,7/31/2025,
1360,39.4,gf,1.090,mm,OK,--,9:02:01 PM,7/31/2025,
1361,39.3,gf,1.085,mm,OK,--,9:02:01 PM,7/31/2025,
1362,39.3,gf,1.080,mm,OK,--,9:02:01 PM,7/31/2025,
1363,39.3,gf,1.080,mm,OK,--,9:02:01 PM,7/31/2025,
1364,39.2,gf,1.075,mm,OK,--,9:02:01 PM,7/31/2025,
1365,39.2,gf,1.070,mm,OK,--,9:02:01 PM,7/31/2025,
1366,39.1,gf,1.065,mm,OK,--,9:02:02 PM,7/31/2025,
1367,39.1,gf,1.060,mm,OK,--,9:02:02 PM,7/31/2025,
1368,39.1,gf,1.055,mm,OK,--,9:02:02 PM,7/31/2025,
1369,39.1,gf,1.050,mm,OK,--,9:02:02 PM,7/31/2025,
1370,39.1,gf,1.045,mm,OK,--,9:02:02 PM,7/31/2025,
1371,38.9,gf,1.040,mm,OK,--,9:02:02 PM,7/31/2025,
1372,38.9,gf,1.035,mm,OK,--,9:02:02 PM,7/31/2025,
1373,38.8,gf,1.030,mm,OK,--,9:02:02 PM,7/31/2025,
1374,38.7,gf,1.025,mm,OK,--,9:02:02 PM,7/31/2025,
1375,38.7,gf,1.020,mm,OK,--,9:02:02 PM,7/31/2025,
1376,38.6,gf,1.015,mm,OK,--,9:02:03 PM,7/31/2025,
1377,38.6,gf,1.010,mm,OK,--,9:02:03 PM,7/31/2025,
1378,38.6,gf,1.005,mm,OK,--,9:02:03 PM,7/31/2025,
1379,38.5,gf,1.005,mm,OK,--,9:02:03 PM,7/31/2025,
1380,38.5,gf,1.000,mm,OK,--,9:02:03 PM,7/31/2025,
1381,38.3,gf,0.990,mm,OK,--,9:02:03 PM,7/31/2025,
1382,38.2,gf,0.985,mm,OK,--,9:02:03 PM,7/31/2025,
1383,38.2,gf,0.980,mm,OK,--,9:02:03 PM,7/31/2025,
1384,38.1,gf,0.975,mm,OK,--,9:02:03 PM,7/31/2025,
1385,38.1,gf,0.970,mm,OK,--,9:02:03 PM,7/31/2025,
1386,38.1,gf,0.970,mm,OK,--,9:02:04 PM,7/31/2025,
1387,38.0,gf,0.965,mm,OK,--,9:02:04 PM,7/31/2025,
1388,37.9,gf,0.960,mm,OK,--,9:02:04 PM,7/31/2025,
1389,38.0,gf,0.955,mm,OK,--,9:02:04 PM,7/31/2025,
1390,38.0,gf,0.950,mm,OK,--,9:02:04 PM,7/31/2025,
1391,37.9,gf,0.945,mm,OK,--,9:02:04 PM,7/31/2025,
1392,37.9,gf,0.940,mm,OK,--,9:02:04 PM,7/31/2025,
1393,37.9,gf,0.940,mm,OK,--,9:02:04 PM,7/31/2025,
1394,37.9,gf,0.935,mm,OK,--,9:02:04 PM,7/31/2025,
1395,37.9,gf,0.935,mm,OK,--,9:02:04 PM,7/31/2025,
1396,37.9,gf,0.930,mm,OK,--,9:02:05 PM,7/31/2025,
1397,37.8,gf,0.930,mm,OK,--,9:02:05 PM,7/31/2025,
1398,37.8,gf,0.925,mm,OK,--,9:02:05 PM,7/31/2025,
1399,37.8,gf,0.920,mm,OK,--,9:02:05 PM,7/31/2025,
1400,37.7,gf,0.920,mm,OK,--,9:02:05 PM,7/31/2025,
1401,37.6,gf,0.915,mm,OK,--,9:02:05 PM,7/31/2025,
1402,37.6,gf,0.915,mm,OK,--,9:02:05 PM,7/31/2025,
1403,37.6,gf,0.910,mm,OK,--,9:02:05 PM,7/31/2025,
1404,37.5,gf,0.910,mm,OK,--,9:02:05 PM,7/31/2025,
1405,37.5,gf,0.905,mm,OK,--,9:02:05 PM,7/31/2025,
1406,37.5,gf,0.905,mm,OK,--,9:02:06 PM,7/31/2025,
1407,37.5,gf,0.900,mm,OK,--,9:02:06 PM,7/31/2025,
1408,37.4,gf,0.895,mm,OK,--,9:02:06 PM,7/31/2025,
1409,37.4,gf,0.895,mm,OK,--,9:02:06 PM,7/31/2025,
1410,37.3,gf,0.890,mm,OK,--,9:02:06 PM,7/31/2025,
1411,37.2,gf,0.890,mm,OK,--,9:02:06 PM,7/31/2025,
1412,37.3,gf,0.885,mm,OK,--,9:02:06 PM,7/31/2025,
1413,37.2,gf,0.885,mm,OK,--,9:02:06 PM,7/31/2025,
1414,37.2,gf,0.880,mm,OK,--,9:02:06 PM,7/31/2025,
1415,37.2,gf,0.875,mm,OK,--,9:02:06 PM,7/31/2025,
1416,37.2,gf,0.870,mm,OK,--,9:02:07 PM,7/31/2025,
1417,37.1,gf,0.865,mm,OK,--,9:02:07 PM,7/31/2025,
1418,37.0,gf,0.860,mm,OK,--,9:02:07 PM,7/31/2025,
1419,37.0,gf,0.855,mm,OK,--,9:02:07 PM,7/31/2025,
1420,36.9,gf,0.850,mm,OK,--,9:02:07 PM,7/31/2025,
1421,36.9,gf,0.840,mm,OK,--,9:02:07 PM,7/31/2025,
1422,36.8,gf,0.835,mm,OK,--,9:02:07 PM,7/31/2025,
1423,36.8,gf,0.825,mm,OK,--,9:02:07 PM,7/31/2025,
1424,36.7,gf,0.820,mm,OK,--,9:02:07 PM,7/31/2025,
1425,36.6,gf,0.810,mm,OK,--,9:02:07 PM,7/31/2025,
1426,36.6,gf,0.805,mm,OK,--,9:02:08 PM,7/31/2025,
1427,36.5,gf,0.800,mm,OK,--,9:02:08 PM,7/31/2025,
1428,36.5,gf,0.795,mm,OK,--,9:02:08 PM,7/31/2025,
1429,36.5,gf,0.795,mm,OK,--,9:02:08 PM,7/31/2025,
1430,36.4,gf,0.790,mm,OK,--,9:02:08 PM,7/31/2025,
1431,36.4,gf,0.785,mm,OK,--,9:02:08 PM,7/31/2025,
1432,36.4,gf,0.780,mm,OK,--,9:02:08 PM,7/31/2025,
1433,36.4,gf,0.775,mm,OK,--,9:02:08 PM,7/31/2025,
1434,36.3,gf,0.770,mm,OK,--,9:02:08 PM,7/31/2025,
1435,36.3,gf,0.765,mm,OK,--,9:02:08 PM,7/31/2025,
1436,36.1,gf,0.760,mm,OK,--,9:02:09 PM,7/31/2025,
1437,36.1,gf,0.755,mm,OK,--,9:02:09 PM,7/31/2025,
1438,36.1,gf,0.750,mm,OK,--,9:02:09 PM,7/31/2025,
1439,36.2,gf,0.750,mm,OK,--,9:02:09 PM,7/31/2025,
1440,36.2,gf,0.745,mm,OK,--,9:02:09 PM,7/31/2025,
1441,36.1,gf,0.740,mm,OK,--,9:02:09 PM,7/31/2025,
1442,36.1,gf,0.735,mm,OK,--,9:02:09 PM,7/31/2025,
1443,36.1,gf,0.735,mm,OK,--,9:02:09 PM,7/31/2025,
1444,36.0,gf,0.730,mm,OK,--,9:02:09 PM,7/31/2025,
1445,36.0,gf,0.730,mm,OK,--,9:02:09 PM,7/31/2025,
1446,36.0,gf,0.725,mm,OK,--,9:02:10 PM,7/31/2025,
1447,36.0,gf,0.725,mm,OK,--,9:02:10 PM,7/31/2025,
1448,35.9,gf,0.725,mm,OK,--,9:02:10 PM,7/31/2025,
1449,35.9,gf,0.720,mm,OK,--,9:02:10 PM,7/31/2025,
1450,35.9,gf,0.715,mm,OK,--,9:02:10 PM,7/31/2025,
1451,35.9,gf,0.715,mm,OK,--,9:02:10 PM,7/31/2025,
1452,35.8,gf,0.710,mm,OK,--,9:02:10 PM,7/31/2025,
1453,35.8,gf,0.705,mm,OK,--,9:02:10 PM,7/31/2025,
1454,35.8,gf,0.700,mm,OK,--,9:02:10 PM,7/31/2025,
1455,35.8,gf,0.695,mm,OK,--,9:02:10 PM,7/31/2025,
1456,35.7,gf,0.690,mm,OK,--,9:02:11 PM,7/31/2025,
1457,35.6,gf,0.680,mm,OK,--,9:02:11 PM,7/31/2025,
1458,35.6,gf,0.670,mm,OK,--,9:02:11 PM,7/31/2025,
1459,35.6,gf,0.665,mm,OK,--,9:02:11 PM,7/31/2025,
1460,35.5,gf,0.655,mm,OK,--,9:02:11 PM,7/31/2025,
1461,35.5,gf,0.645,mm,OK,--,9:02:11 PM,7/31/2025,
1462,35.4,gf,0.635,mm,OK,--,9:02:11 PM,7/31/2025,
1463,35.3,gf,0.630,mm,OK,--,9:02:11 PM,7/31/2025,
1464,35.2,gf,0.615,mm,OK,--,9:02:11 PM,7/31/2025,
1465,35.1,gf,0.600,mm,OK,--,9:02:11 PM,7/31/2025,
1466,34.9,gf,0.580,mm,OK,--,9:02:12 PM,7/31/2025,
1467,34.8,gf,0.560,mm,OK,--,9:02:12 PM,7/31/2025,
1468,34.7,gf,0.550,mm,OK,--,9:02:12 PM,7/31/2025,
1469,34.6,gf,0.545,mm,OK,--,9:02:12 PM,7/31/2025,
1470,34.5,gf,0.535,mm,OK,--,9:02:12 PM,7/31/2025,
1471,34.4,gf,0.525,mm,OK,--,9:02:12 PM,7/31/2025,
1472,34.4,gf,0.515,mm,OK,--,9:02:12 PM,7/31/2025,
1473,34.3,gf,0.510,mm,OK,--,9:02:12 PM,7/31/2025,
1474,34.3,gf,0.500,mm,OK,--,9:02:12 PM,7/31/2025,
1475,34.2,gf,0.490,mm,OK,--,9:02:12 PM,7/31/2025,
1476,34.3,gf,0.480,mm,OK,--,9:02:13 PM,7/31/2025,
1477,34.1,gf,0.470,mm,OK,--,9:02:13 PM,7/31/2025,
1478,33.8,gf,0.460,mm,OK,--,9:02:13 PM,7/31/2025,
1479,33.2,gf,0.450,mm,OK,--,9:02:13 PM,7/31/2025,
1480,32.8,gf,0.445,mm,OK,--,9:02:13 PM,7/31/2025,
1481,32.2,gf,0.440,mm,OK,--,9:02:13 PM,7/31/2025,
1482,31.5,gf,0.440,mm,OK,--,9:02:13 PM,7/31/2025,
1483,30.6,gf,0.435,mm,OK,--,9:02:13 PM,7/31/2025,
1484,29.0,gf,0.425,mm,OK,--,9:02:13 PM,7/31/2025,
1485,27.7,gf,0.415,mm,OK,--,9:02:13 PM,7/31/2025,
1486,26.5,gf,0.410,mm,OK,--,9:02:14 PM,7/31/2025,
1487,25.3,gf,0.405,mm,OK,--,9:02:14 PM,7/31/2025,
1488,24.6,gf,0.400,mm,OK,--,9:02:14 PM,7/31/2025,
1489,24.0,gf,0.395,mm,OK,--,9:02:14 PM,7/31/2025,
1490,23.6,gf,0.395,mm,OK,--,9:02:14 PM,7/31/2025,
1491,23.1,gf,0.390,mm,OK,--,9:02:14 PM,7/31/2025,
1492,22.5,gf,0.390,mm,OK,--,9:02:14 PM,7/31/2025,
1493,21.5,gf,0.385,mm,OK,--,9:02:14 PM,7/31/2025,
1494,20.4,gf,0.380,mm,OK,--,9:02:14 PM,7/31/2025,
1495,19.2,gf,0.375,mm,OK,--,9:02:14 PM,7/31/2025,
1496,18.2,gf,0.375,mm,OK,--,9:02:15 PM,7/31/2025,
1497,17.5,gf,0.370,mm,OK,--,9:02:15 PM,7/31/2025,
1498,16.5,gf,0.365,mm,OK,--,9:02:15 PM,7/31/2025,
1499,15.6,gf,0.365,mm,OK,--,9:02:15 PM,7/31/2025,
1500,14.9,gf,0.360,mm,OK,--,9:02:15 PM,7/31/2025,
1501,14.2,gf,0.355,mm,OK,--,9:02:15 PM,7/31/2025,
1502,12.9,gf,0.355,mm,OK,--,9:02:15 PM,7/31/2025,
1503,10.9,gf,0.350,mm,OK,--,9:02:15 PM,7/31/2025,
1504,9.0,gf,0.340,mm,OK,--,9:02:15 PM,7/31/2025,
1505,6.9,gf,0.335,mm,OK,--,9:02:15 PM,7/31/2025,
1506,5.0,gf,0.330,mm,OK,--,9:02:16 PM,7/31/2025,
1507,3.6,gf,0.325,mm,OK,--,9:02:16 PM,7/31/2025,
1508,2.6,gf,0.325,mm,OK,--,9:02:16 PM,7/31/2025,
1509,1.8,gf,0.320,mm,OK,--,9:02:16 PM,7/31/2025,
1510,1.0,gf,0.320,mm,OK,--,9:02:16 PM,7/31/2025,
1511,0.2,gf,0.315,mm,OK,--,9:02:16 PM,7/31/2025,
1512,-0.1,gf,0.315,mm,OK,--,9:02:16 PM,7/31/2025,
1513,0.1,gf,0.310,mm,OK,--,9:02:16 PM,7/31/2025,
1514,0.0,gf,0.300,mm,OK,--,9:02:16 PM,7/31/2025,
1515,0.0,gf,0.295,mm,OK,--,9:02:16 PM,7/31/2025,
1516,0.0,gf,0.290,mm,OK,--,9:02:17 PM,7/31/2025,
1517,0.1,gf,0.290,mm,OK,--,9:02:17 PM,7/31/2025,
1518,0.0,gf,0.285,mm,OK,--,9:02:17 PM,7/31/2025,
1519,0.0,gf,0.280,mm,OK,--,9:02:17 PM,7/31/2025,
1520,0.1,gf,0.275,mm,OK,--,9:02:17 PM,7/31/2025,
1521,0.1,gf,0.270,mm,OK,--,9:02:17 PM,7/31/2025,
1522,0.1,gf,0.265,mm,OK,--,9:02:17 PM,7/31/2025,
1523,0.0,gf,0.260,mm,OK,--,9:02:17 PM,7/31/2025,
1524,0.0,gf,0.260,mm,OK,--,9:02:17 PM,7/31/2025,
1525,0.0,gf,0.255,mm,OK,--,9:02:17 PM,7/31/2025,
1526,0.0,gf,0.255,mm,OK,--,9:02:18 PM,7/31/2025,
1527,-0.1,gf,0.235,mm,OK,--,9:02:18 PM,7/31/2025,
1528,0.0,gf,0.205,mm,OK,--,9:02:18 PM,7/31/2025,
1529,0.1,gf,0.180,mm,OK,--,9:02:18 PM,7/31/2025,
1530,0.0,gf,0.155,mm,OK,--,9:02:18 PM,7/31/2025,
1531,0.0,gf,0.135,mm,OK,--,9:02:18 PM,7/31/2025,
1532,0.0,gf,0.110,mm,OK,--,9:02:18 PM,7/31/2025,
1533,0.0,gf,0.065,mm,OK,--,9:02:18 PM,7/31/2025,
1534,0.0,gf,0.020,mm,OK,--,9:02:18 PM,7/31/2025,
1535,0.0,gf,-0.020,mm,OK,--,9:02:18 PM,7/31/2025,
1536,0.0,gf,-0.035,mm,OK,--,9:02:19 PM,7/31/2025,
1537,0.0,gf,-0.060,mm,OK,--,9:02:19 PM,7/31/2025,
1538,0.0,gf,-0.070,mm,OK,--,9:02:19 PM,7/31/2025,
1539,0.0,gf,-0.070,mm,OK,--,9:02:19 PM,7/31/2025,
1540,0.0,gf,-0.070,mm,OK,--,9:02:19 PM,7/31/2025,
1541,0.0,gf,-0.070,mm,OK,--,9:02:19 PM,7/31/2025,
1542,0.0,gf,-0.070,mm,OK,--,9:02:19 PM,7/31/2025,
1543,0.0,gf,-0.070,mm,OK,--,9:02:19 PM,7/31/2025,
1544,0.1,gf,-0.070,mm,OK,--,9:02:19 PM,7/31/2025,
1545,0.0,gf,-0.070,mm,OK,--,9:02:19 PM,7/31/2025,
1546,0.0,gf,-0.070,mm,OK,--,9:02:20 PM,7/31/2025,
1547,0.0,gf,-0.070,mm,OK,--,9:02:20 PM,7/31/2025,
1548,0.0,gf,-0.070,mm,OK,--,9:02:20 PM,7/31/2025,
1549,0.0,gf,-0.065,mm,OK,--,9:02:20 PM,7/31/2025,
1550,0.0,gf,-0.060,mm,OK,--,9:02:20 PM,7/31/2025,
1551,-0.1,gf,-0.055,mm,OK,--,9:02:20 PM,7/31/2025,
1552,-0.1,gf,-0.050,mm,OK,--,9:02:20 PM,7/31/2025,
1553,0.0,gf,-0.045,mm,OK,--,9:02:20 PM,7/31/2025,
1554,-0.1,gf,-0.045,mm,OK,--,9:02:20 PM,7/31/2025,
1555,0.0,gf,-0.045,mm,OK,--,9:02:20 PM,7/31/2025,
1556,0.0,gf,-0.040,mm,OK,--,9:02:21 PM,7/31/2025,
1557,0.0,gf,-0.040,mm,OK,--,9:02:21 PM,7/31/2025,
1558,0.0,gf,-0.040,mm,OK,--,9:02:21 PM,7/31/2025,
1559,0.0,gf,-0.040,mm,OK,--,9:02:21 PM,7/31/2025,
1560,0.2,gf,-0.040,mm,OK,--,9:02:21 PM,7/31/2025,
1561,-0.2,gf,-0.040,mm,OK,--,9:02:21 PM,7/31/2025,
1562,-0.1,gf,-0.040,mm,OK,--,9:02:21 PM,7/31/2025,
1563,-0.1,gf,-0.040,mm,OK,--,9:02:21 PM,7/31/2025,
1564,0.0,gf,-0.040,mm,OK,--,9:02:21 PM,7/31/2025,
1565,0.0,gf,-0.040,mm,OK,--,9:02:21 PM,7/31/2025,
1566,-0.1,gf,-0.040,mm,OK,--,9:02:22 PM,7/31/2025,
1567,0.0,gf,-0.040,mm,OK,--,9:02:22 PM,7/31/2025,
1568,0.0,gf,-0.040,mm,OK,--,9:02:22 PM,7/31/2025,
1569,-0.1,gf,-0.040,mm,OK,--,9:02:22 PM,7/31/2025,
1570,0.0,gf,-0.040,mm,OK,--,9:02:22 PM,7/31/2025,
1571,0.0,gf,-0.040,mm,OK,--,9:02:22 PM,7/31/2025,
1572,0.0,gf,-0.040,mm,OK,--,9:02:22 PM,7/31/2025,
1573,0.0,gf,-0.040,mm,OK,--,9:02:22 PM,7/31/2025,
1574,0.0,gf,-0.040,mm,OK,--,9:02:22 PM,7/31/2025,
1575,0.0,gf,-0.040,mm,OK,--,9:02:22 PM,7/31/2025,
1576,0.0,gf,-0.040,mm,OK,--,9:02:23 PM,7/31/2025,
