Maximum,194.2,@,No.951,,,,,,
Minimum,-0.2,@,No.1678,,,,,,
Average,52.56,,,,,,,,
Data Quantity,1712,,,,,,,,
Number of NG,0,,,,,,,,
No.,Force,Unit,Displacement,Unit,Judge,Position,Time,Date,
1,0.0,gf,0.000,mm,OK,--,9:15:42 PM,2/24/2026,
2,-0.1,gf,0.000,mm,OK,--,9:15:42 PM,2/24/2026,
3,-0.1,gf,0.000,mm,OK,--,9:15:42 PM,2/24/2026,
4,0.0,gf,0.000,mm,OK,--,9:15:42 PM,2/24/2026,
5,0.2,gf,0.000,mm,OK,--,9:15:42 PM,2/24/2026,
6,0.4,gf,0.005,mm,OK,--,9:15:43 PM,2/24/2026,
7,0.0,gf,0.005,mm,OK,--,9:15:43 PM,2/24/2026,
8,0.0,gf,0.005,mm,OK,--,9:15:43 PM,2/24/2026,
9,0.0,gf,0.005,mm,OK,--,9:15:43 PM,2/24/2026,
10,0.0,gf,0.010,mm,OK,--,9:15:43 PM,2/24/2026,
11,0.0,gf,0.010,mm,OK,--,9:15:43 PM,2/24/2026,
12,0.1,gf,0.015,mm,OK,--,9:15:43 PM,2/24/2026,
13,0.0,gf,0.015,mm,OK,--,9:15:43 PM,2/24/2026,
14,0.0,gf,0.020,mm,OK,--,9:15:43 PM,2/24/2026,
15,0.0,gf,0.020,mm,OK,--,9:15:43 PM,2/24/2026,
16,0.0,gf,0.025,mm,OK,--,9:15:44 PM,2/24/2026,
17,0.0,gf,0.025,mm,OK,--,9:15:44 PM,2/24/2026,
18,0.0,gf,0.030,mm,OK,--,9:15:44 PM,2/24/2026,
19,2.4,gf,0.035,mm,OK,--,9:15:44 PM,2/24/2026,
20,5.4,gf,0.035,mm,OK,--,9:15:44 PM,2/24/2026,
21,8.0,gf,0.040,mm,OK,--,9:15:44 PM,2/24/2026,
22,9.7,gf,0.040,mm,OK,--,9:15:44 PM,2/24/2026,
23,11.6,gf,0.040,mm,OK,--,9:15:44 PM,2/24/2026,
24,13.2,gf,0.045,mm,OK,--,9:15:44 PM,2/24/2026,
25,15.1,gf,0.045,mm,OK,--,9:15:44 PM,2/24/2026,
26,17.2,gf,0.050,mm,OK,--,9:15:45 PM,2/24/2026,
27,19.2,gf,0.050,mm,OK,--,9:15:45 PM,2/24/2026,
28,20.7,gf,0.050,mm,OK,--,9:15:45 PM,2/24/2026,
29,22.1,gf,0.055,mm,OK,--,9:15:45 PM,2/24/2026,
30,23.0,gf,0.055,mm,OK,--,9:15:45 PM,2/24/2026,
31,24.0,gf,0.055,mm,OK,--,9:15:45 PM,2/24/2026,
32,24.7,gf,0.055,mm,OK,--,9:15:45 PM,2/24/2026,
33,26.1,gf,0.055,mm,OK,--,9:15:45 PM,2/24/2026,
34,27.9,gf,0.060,mm,OK,--,9:15:45 PM,2/24/2026,
35,29.4,gf,0.060,mm,OK,--,9:15:45 PM,2/24/2026,
36,30.9,gf,0.060,mm,OK,--,9:15:46 PM,2/24/2026,
37,31.9,gf,0.065,mm,OK,--,9:15:46 PM,2/24/2026,
38,32.8,gf,0.065,mm,OK,--,9:15:46 PM,2/24/2026,
39,34.0,gf,0.065,mm,OK,--,9:15:46 PM,2/24/2026,
40,35.6,gf,0.065,mm,OK,--,9:15:46 PM,2/24/2026,
41,37.8,gf,0.070,mm,OK,--,9:15:46 PM,2/24/2026,
42,40.6,gf,0.070,mm,OK,--,9:15:46 PM,2/24/2026,
43,44.0,gf,0.075,mm,OK,--,9:15:46 PM,2/24/2026,
44,44.6,gf,0.080,mm,OK,--,9:15:46 PM,2/24/2026,
45,43.5,gf,0.080,mm,OK,--,9:15:46 PM,2/24/2026,
46,44.0,gf,0.085,mm,OK,--,9:15:47 PM,2/24/2026,
47,44.4,gf,0.085,mm,OK,--,9:15:47 PM,2/24/2026,
48,44.9,gf,0.090,mm,OK,--,9:15:47 PM,2/24/2026,
49,45.2,gf,0.090,mm,OK,--,9:15:47 PM,2/24/2026,
50,45.5,gf,0.090,mm,OK,--,9:15:47 PM,2/24/2026,
51,46.0,gf,0.095,mm,OK,--,9:15:47 PM,2/24/2026,
52,46.3,gf,0.095,mm,OK,--,9:15:47 PM,2/24/2026,
53,46.7,gf,0.095,mm,OK,--,9:15:47 PM,2/24/2026,
54,47.0,gf,0.100,mm,OK,--,9:15:47 PM,2/24/2026,
55,47.3,gf,0.100,mm,OK,--,9:15:47 PM,2/24/2026,
56,47.5,gf,0.105,mm,OK,--,9:15:48 PM,2/24/2026,
57,47.5,gf,0.105,mm,OK,--,9:15:48 PM,2/24/2026,
58,47.6,gf,0.110,mm,OK,--,9:15:48 PM,2/24/2026,
59,48.0,gf,0.115,mm,OK,--,9:15:48 PM,2/24/2026,
60,48.4,gf,0.115,mm,OK,--,9:15:48 PM,2/24/2026,
61,49.0,gf,0.120,mm,OK,--,9:15:48 PM,2/24/2026,
62,49.5,gf,0.125,mm,OK,--,9:15:48 PM,2/24/2026,
63,50.0,gf,0.125,mm,OK,--,9:15:48 PM,2/24/2026,
64,50.3,gf,0.130,mm,OK,--,9:15:48 PM,2/24/2026,
65,50.6,gf,0.135,mm,OK,--,9:15:48 PM,2/24/2026,
66,50.8,gf,0.135,mm,OK,--,9:15:49 PM,2/24/2026,
67,50.9,gf,0.140,mm,OK,--,9:15:49 PM,2/24/2026,
68,51.1,gf,0.140,mm,OK,--,9:15:49 PM,2/24/2026,
69,51.3,gf,0.145,mm,OK,--,9:15:49 PM,2/24/2026,
70,51.4,gf,0.150,mm,OK,--,9:15:49 PM,2/24/2026,
71,51.6,gf,0.150,mm,OK,--,9:15:49 PM,2/24/2026,
72,51.8,gf,0.155,mm,OK,--,9:15:49 PM,2/24/2026,
73,52.1,gf,0.160,mm,OK,--,9:15:49 PM,2/24/2026,
74,52.5,gf,0.165,mm,OK,--,9:15:49 PM,2/24/2026,
75,52.9,gf,0.170,mm,OK,--,9:15:49 PM,2/24/2026,
76,53.3,gf,0.170,mm,OK,--,9:15:50 PM,2/24/2026,
77,53.5,gf,0.175,mm,OK,--,9:15:50 PM,2/24/2026,
78,53.8,gf,0.175,mm,OK,--,9:15:50 PM,2/24/2026,
79,54.0,gf,0.180,mm,OK,--,9:15:50 PM,2/24/2026,
80,54.3,gf,0.180,mm,OK,--,9:15:50 PM,2/24/2026,
81,54.5,gf,0.185,mm,OK,--,9:15:50 PM,2/24/2026,
82,54.6,gf,0.190,mm,OK,--,9:15:50 PM,2/24/2026,
83,54.9,gf,0.190,mm,OK,--,9:15:50 PM,2/24/2026,
84,55.0,gf,0.195,mm,OK,--,9:15:50 PM,2/24/2026,
85,55.2,gf,0.195,mm,OK,--,9:15:50 PM,2/24/2026,
86,55.4,gf,0.195,mm,OK,--,9:15:51 PM,2/24/2026,
87,55.6,gf,0.200,mm,OK,--,9:15:51 PM,2/24/2026,
88,55.9,gf,0.205,mm,OK,--,9:15:51 PM,2/24/2026,
89,56.0,gf,0.210,mm,OK,--,9:15:51 PM,2/24/2026,
90,56.3,gf,0.215,mm,OK,--,9:15:51 PM,2/24/2026,
91,56.5,gf,0.225,mm,OK,--,9:15:51 PM,2/24/2026,
92,56.6,gf,0.230,mm,OK,--,9:15:51 PM,2/24/2026,
93,56.6,gf,0.235,mm,OK,--,9:15:51 PM,2/24/2026,
94,56.7,gf,0.240,mm,OK,--,9:15:51 PM,2/24/2026,
95,56.9,gf,0.245,mm,OK,--,9:15:51 PM,2/24/2026,
96,56.9,gf,0.250,mm,OK,--,9:15:52 PM,2/24/2026,
97,57.0,gf,0.255,mm,OK,--,9:15:52 PM,2/24/2026,
98,57.2,gf,0.255,mm,OK,--,9:15:52 PM,2/24/2026,
99,57.3,gf,0.260,mm,OK,--,9:15:52 PM,2/24/2026,
100,57.4,gf,0.265,mm,OK,--,9:15:52 PM,2/24/2026,
101,57.6,gf,0.270,mm,OK,--,9:15:52 PM,2/24/2026,
102,57.6,gf,0.275,mm,OK,--,9:15:52 PM,2/24/2026,
103,57.6,gf,0.280,mm,OK,--,9:15:52 PM,2/24/2026,
104,57.6,gf,0.285,mm,OK,--,9:15:52 PM,2/24/2026,
105,57.7,gf,0.290,mm,OK,--,9:15:52 PM,2/24/2026,
106,57.7,gf,0.290,mm,OK,--,9:15:53 PM,2/24/2026,
107,57.6,gf,0.295,mm,OK,--,9:15:53 PM,2/24/2026,
108,57.6,gf,0.300,mm,OK,--,9:15:53 PM,2/24/2026,
109,57.7,gf,0.300,mm,OK,--,9:15:53 PM,2/24/2026,
110,57.7,gf,0.305,mm,OK,--,9:15:53 PM,2/24/2026,
111,57.7,gf,0.305,mm,OK,--,9:15:53 PM,2/24/2026,
112,58.0,gf,0.310,mm,OK,--,9:15:53 PM,2/24/2026,
113,58.1,gf,0.315,mm,OK,--,9:15:53 PM,2/24/2026,
114,58.1,gf,0.320,mm,OK,--,9:15:53 PM,2/24/2026,
115,58.1,gf,0.320,mm,OK,--,9:15:53 PM,2/24/2026,
116,58.0,gf,0.325,mm,OK,--,9:15:54 PM,2/24/2026,
117,58.1,gf,0.325,mm,OK,--,9:15:54 PM,2/24/2026,
118,58.2,gf,0.325,mm,OK,--,9:15:54 PM,2/24/2026,
119,58.3,gf,0.330,mm,OK,--,9:15:54 PM,2/24/2026,
120,58.2,gf,0.330,mm,OK,--,9:15:54 PM,2/24/2026,
121,58.3,gf,0.330,mm,OK,--,9:15:54 PM,2/24/2026,
122,58.2,gf,0.330,mm,OK,--,9:15:54 PM,2/24/2026,
123,58.3,gf,0.335,mm,OK,--,9:15:54 PM,2/24/2026,
124,58.4,gf,0.335,mm,OK,--,9:15:54 PM,2/24/2026,
125,58.5,gf,0.335,mm,OK,--,9:15:54 PM,2/24/2026,
126,58.5,gf,0.335,mm,OK,--,9:15:55 PM,2/24/2026,
127,58.5,gf,0.340,mm,OK,--,9:15:55 PM,2/24/2026,
128,58.5,gf,0.340,mm,OK,--,9:15:55 PM,2/24/2026,
129,58.5,gf,0.340,mm,OK,--,9:15:55 PM,2/24/2026,
130,58.6,gf,0.340,mm,OK,--,9:15:55 PM,2/24/2026,
131,58.7,gf,0.345,mm,OK,--,9:15:55 PM,2/24/2026,
132,58.7,gf,0.345,mm,OK,--,9:15:55 PM,2/24/2026,
133,58.7,gf,0.345,mm,OK,--,9:15:55 PM,2/24/2026,
134,58.8,gf,0.350,mm,OK,--,9:15:55 PM,2/24/2026,
135,58.9,gf,0.350,mm,OK,--,9:15:55 PM,2/24/2026,
136,58.8,gf,0.355,mm,OK,--,9:15:56 PM,2/24/2026,
137,58.8,gf,0.355,mm,OK,--,9:15:56 PM,2/24/2026,
138,58.8,gf,0.355,mm,OK,--,9:15:56 PM,2/24/2026,
139,58.9,gf,0.355,mm,OK,--,9:15:56 PM,2/24/2026,
140,59.0,gf,0.360,mm,OK,--,9:15:56 PM,2/24/2026,
141,59.0,gf,0.365,mm,OK,--,9:15:56 PM,2/24/2026,
142,59.0,gf,0.365,mm,OK,--,9:15:56 PM,2/24/2026,
143,59.0,gf,0.370,mm,OK,--,9:15:56 PM,2/24/2026,
144,59.0,gf,0.370,mm,OK,--,9:15:56 PM,2/24/2026,
145,59.0,gf,0.375,mm,OK,--,9:15:56 PM,2/24/2026,
146,59.0,gf,0.380,mm,OK,--,9:15:57 PM,2/24/2026,
147,59.0,gf,0.380,mm,OK,--,9:15:57 PM,2/24/2026,
148,59.0,gf,0.385,mm,OK,--,9:15:57 PM,2/24/2026,
149,59.0,gf,0.390,mm,OK,--,9:15:57 PM,2/24/2026,
150,59.0,gf,0.390,mm,OK,--,9:15:57 PM,2/24/2026,
151,59.0,gf,0.395,mm,OK,--,9:15:57 PM,2/24/2026,
152,59.1,gf,0.395,mm,OK,--,9:15:57 PM,2/24/2026,
153,59.0,gf,0.400,mm,OK,--,9:15:57 PM,2/24/2026,
154,59.1,gf,0.405,mm,OK,--,9:15:57 PM,2/24/2026,
155,59.0,gf,0.410,mm,OK,--,9:15:57 PM,2/24/2026,
156,59.0,gf,0.415,mm,OK,--,9:15:58 PM,2/24/2026,
157,59.0,gf,0.420,mm,OK,--,9:15:58 PM,2/24/2026,
158,59.0,gf,0.425,mm,OK,--,9:15:58 PM,2/24/2026,
159,59.0,gf,0.430,mm,OK,--,9:15:58 PM,2/24/2026,
160,59.1,gf,0.435,mm,OK,--,9:15:58 PM,2/24/2026,
161,59.1,gf,0.440,mm,OK,--,9:15:58 PM,2/24/2026,
162,58.9,gf,0.445,mm,OK,--,9:15:58 PM,2/24/2026,
163,58.8,gf,0.455,mm,OK,--,9:15:58 PM,2/24/2026,
164,58.7,gf,0.460,mm,OK,--,9:15:58 PM,2/24/2026,
165,58.8,gf,0.465,mm,OK,--,9:15:58 PM,2/24/2026,
166,58.7,gf,0.470,mm,OK,--,9:15:59 PM,2/24/2026,
167,58.6,gf,0.475,mm,OK,--,9:15:59 PM,2/24/2026,
168,58.6,gf,0.480,mm,OK,--,9:15:59 PM,2/24/2026,
169,58.6,gf,0.485,mm,OK,--,9:15:59 PM,2/24/2026,
170,58.4,gf,0.490,mm,OK,--,9:15:59 PM,2/24/2026,
171,58.3,gf,0.495,mm,OK,--,9:15:59 PM,2/24/2026,
172,58.3,gf,0.495,mm,OK,--,9:15:59 PM,2/24/2026,
173,58.3,gf,0.500,mm,OK,--,9:15:59 PM,2/24/2026,
174,58.3,gf,0.505,mm,OK,--,9:15:59 PM,2/24/2026,
175,58.3,gf,0.510,mm,OK,--,9:15:59 PM,2/24/2026,
176,58.3,gf,0.510,mm,OK,--,9:16:00 PM,2/24/2026,
177,58.1,gf,0.515,mm,OK,--,9:16:00 PM,2/24/2026,
178,57.9,gf,0.515,mm,OK,--,9:16:00 PM,2/24/2026,
179,58.0,gf,0.520,mm,OK,--,9:16:00 PM,2/24/2026,
180,58.1,gf,0.520,mm,OK,--,9:16:00 PM,2/24/2026,
181,58.2,gf,0.525,mm,OK,--,9:16:00 PM,2/24/2026,
182,58.1,gf,0.530,mm,OK,--,9:16:00 PM,2/24/2026,
183,58.0,gf,0.530,mm,OK,--,9:16:00 PM,2/24/2026,
184,58.0,gf,0.535,mm,OK,--,9:16:00 PM,2/24/2026,
185,58.1,gf,0.535,mm,OK,--,9:16:00 PM,2/24/2026,
186,58.0,gf,0.540,mm,OK,--,9:16:01 PM,2/24/2026,
187,57.8,gf,0.545,mm,OK,--,9:16:01 PM,2/24/2026,
188,57.8,gf,0.545,mm,OK,--,9:16:01 PM,2/24/2026,
189,57.9,gf,0.550,mm,OK,--,9:16:01 PM,2/24/2026,
190,58.0,gf,0.555,mm,OK,--,9:16:01 PM,2/24/2026,
191,57.9,gf,0.555,mm,OK,--,9:16:01 PM,2/24/2026,
192,57.8,gf,0.560,mm,OK,--,9:16:01 PM,2/24/2026,
193,57.8,gf,0.565,mm,OK,--,9:16:01 PM,2/24/2026,
194,57.8,gf,0.570,mm,OK,--,9:16:01 PM,2/24/2026,
195,57.6,gf,0.575,mm,OK,--,9:16:01 PM,2/24/2026,
196,57.5,gf,0.580,mm,OK,--,9:16:02 PM,2/24/2026,
197,57.4,gf,0.585,mm,OK,--,9:16:02 PM,2/24/2026,
198,57.3,gf,0.590,mm,OK,--,9:16:02 PM,2/24/2026,
199,57.2,gf,0.595,mm,OK,--,9:16:02 PM,2/24/2026,
200,57.2,gf,0.600,mm,OK,--,9:16:02 PM,2/24/2026,
201,57.1,gf,0.605,mm,OK,--,9:16:02 PM,2/24/2026,
202,57.1,gf,0.610,mm,OK,--,9:16:02 PM,2/24/2026,
203,57.1,gf,0.615,mm,OK,--,9:16:02 PM,2/24/2026,
204,57.0,gf,0.620,mm,OK,--,9:16:02 PM,2/24/2026,
205,57.0,gf,0.625,mm,OK,--,9:16:02 PM,2/24/2026,
206,57.0,gf,0.625,mm,OK,--,9:16:03 PM,2/24/2026,
207,57.1,gf,0.630,mm,OK,--,9:16:03 PM,2/24/2026,
208,57.0,gf,0.635,mm,OK,--,9:16:03 PM,2/24/2026,
209,57.0,gf,0.640,mm,OK,--,9:16:03 PM,2/24/2026,
210,56.9,gf,0.645,mm,OK,--,9:16:03 PM,2/24/2026,
211,56.8,gf,0.650,mm,OK,--,9:16:03 PM,2/24/2026,
212,56.9,gf,0.650,mm,OK,--,9:16:03 PM,2/24/2026,
213,56.9,gf,0.655,mm,OK,--,9:16:03 PM,2/24/2026,
214,56.8,gf,0.660,mm,OK,--,9:16:03 PM,2/24/2026,
215,56.8,gf,0.660,mm,OK,--,9:16:03 PM,2/24/2026,
216,56.9,gf,0.665,mm,OK,--,9:16:04 PM,2/24/2026,
217,56.8,gf,0.670,mm,OK,--,9:16:04 PM,2/24/2026,
218,56.7,gf,0.675,mm,OK,--,9:16:04 PM,2/24/2026,
219,56.7,gf,0.680,mm,OK,--,9:16:04 PM,2/24/2026,
220,56.7,gf,0.680,mm,OK,--,9:16:04 PM,2/24/2026,
221,56.8,gf,0.685,mm,OK,--,9:16:04 PM,2/24/2026,
222,56.6,gf,0.690,mm,OK,--,9:16:04 PM,2/24/2026,
223,56.7,gf,0.695,mm,OK,--,9:16:04 PM,2/24/2026,
224,56.6,gf,0.700,mm,OK,--,9:16:04 PM,2/24/2026,
225,56.5,gf,0.705,mm,OK,--,9:16:04 PM,2/24/2026,
226,56.5,gf,0.710,mm,OK,--,9:16:05 PM,2/24/2026,
227,56.6,gf,0.710,mm,OK,--,9:16:05 PM,2/24/2026,
228,56.4,gf,0.715,mm,OK,--,9:16:05 PM,2/24/2026,
229,56.4,gf,0.720,mm,OK,--,9:16:05 PM,2/24/2026,
230,56.5,gf,0.720,mm,OK,--,9:16:05 PM,2/24/2026,
231,56.4,gf,0.725,mm,OK,--,9:16:05 PM,2/24/2026,
232,56.5,gf,0.730,mm,OK,--,9:16:05 PM,2/24/2026,
233,56.4,gf,0.735,mm,OK,--,9:16:05 PM,2/24/2026,
234,56.3,gf,0.740,mm,OK,--,9:16:05 PM,2/24/2026,
235,56.3,gf,0.745,mm,OK,--,9:16:05 PM,2/24/2026,
236,56.2,gf,0.750,mm,OK,--,9:16:06 PM,2/24/2026,
237,56.2,gf,0.750,mm,OK,--,9:16:06 PM,2/24/2026,
238,56.2,gf,0.755,mm,OK,--,9:16:06 PM,2/24/2026,
239,56.1,gf,0.760,mm,OK,--,9:16:06 PM,2/24/2026,
240,56.1,gf,0.760,mm,OK,--,9:16:06 PM,2/24/2026,
241,56.2,gf,0.765,mm,OK,--,9:16:06 PM,2/24/2026,
242,56.2,gf,0.765,mm,OK,--,9:16:06 PM,2/24/2026,
243,56.2,gf,0.770,mm,OK,--,9:16:06 PM,2/24/2026,
244,56.2,gf,0.775,mm,OK,--,9:16:06 PM,2/24/2026,
245,56.0,gf,0.780,mm,OK,--,9:16:06 PM,2/24/2026,
246,56.0,gf,0.780,mm,OK,--,9:16:07 PM,2/24/2026,
247,56.0,gf,0.785,mm,OK,--,9:16:07 PM,2/24/2026,
248,55.8,gf,0.790,mm,OK,--,9:16:07 PM,2/24/2026,
249,55.8,gf,0.790,mm,OK,--,9:16:07 PM,2/24/2026,
250,55.8,gf,0.795,mm,OK,--,9:16:07 PM,2/24/2026,
251,55.8,gf,0.795,mm,OK,--,9:16:07 PM,2/24/2026,
252,55.8,gf,0.800,mm,OK,--,9:16:07 PM,2/24/2026,
253,55.7,gf,0.800,mm,OK,--,9:16:07 PM,2/24/2026,
254,55.7,gf,0.800,mm,OK,--,9:16:07 PM,2/24/2026,
255,55.7,gf,0.805,mm,OK,--,9:16:07 PM,2/24/2026,
256,55.8,gf,0.805,mm,OK,--,9:16:08 PM,2/24/2026,
257,55.8,gf,0.810,mm,OK,--,9:16:08 PM,2/24/2026,
258,55.7,gf,0.810,mm,OK,--,9:16:08 PM,2/24/2026,
259,55.7,gf,0.815,mm,OK,--,9:16:08 PM,2/24/2026,
260,55.7,gf,0.815,mm,OK,--,9:16:08 PM,2/24/2026,
261,55.7,gf,0.815,mm,OK,--,9:16:08 PM,2/24/2026,
262,55.7,gf,0.820,mm,OK,--,9:16:08 PM,2/24/2026,
263,55.7,gf,0.825,mm,OK,--,9:16:08 PM,2/24/2026,
264,55.5,gf,0.825,mm,OK,--,9:16:08 PM,2/24/2026,
265,55.5,gf,0.830,mm,OK,--,9:16:08 PM,2/24/2026,
266,55.3,gf,0.835,mm,OK,--,9:16:09 PM,2/24/2026,
267,55.2,gf,0.840,mm,OK,--,9:16:09 PM,2/24/2026,
268,55.1,gf,0.845,mm,OK,--,9:16:09 PM,2/24/2026,
269,55.2,gf,0.845,mm,OK,--,9:16:09 PM,2/24/2026,
270,55.2,gf,0.850,mm,OK,--,9:16:09 PM,2/24/2026,
271,55.2,gf,0.855,mm,OK,--,9:16:09 PM,2/24/2026,
272,55.1,gf,0.855,mm,OK,--,9:16:09 PM,2/24/2026,
273,55.1,gf,0.860,mm,OK,--,9:16:09 PM,2/24/2026,
274,55.2,gf,0.865,mm,OK,--,9:16:09 PM,2/24/2026,
275,55.0,gf,0.865,mm,OK,--,9:16:09 PM,2/24/2026,
276,55.0,gf,0.870,mm,OK,--,9:16:10 PM,2/24/2026,
277,55.0,gf,0.870,mm,OK,--,9:16:10 PM,2/24/2026,
278,55.2,gf,0.875,mm,OK,--,9:16:10 PM,2/24/2026,
279,55.1,gf,0.880,mm,OK,--,9:16:10 PM,2/24/2026,
280,55.0,gf,0.880,mm,OK,--,9:16:10 PM,2/24/2026,
281,55.0,gf,0.885,mm,OK,--,9:16:10 PM,2/24/2026,
282,54.9,gf,0.885,mm,OK,--,9:16:10 PM,2/24/2026,
283,54.9,gf,0.890,mm,OK,--,9:16:10 PM,2/24/2026,
284,55.0,gf,0.890,mm,OK,--,9:16:10 PM,2/24/2026,
285,54.9,gf,0.890,mm,OK,--,9:16:10 PM,2/24/2026,
286,55.0,gf,0.890,mm,OK,--,9:16:11 PM,2/24/2026,
287,55.0,gf,0.895,mm,OK,--,9:16:11 PM,2/24/2026,
288,55.2,gf,0.895,mm,OK,--,9:16:11 PM,2/24/2026,
289,55.1,gf,0.900,mm,OK,--,9:16:11 PM,2/24/2026,
290,55.0,gf,0.900,mm,OK,--,9:16:11 PM,2/24/2026,
291,54.8,gf,0.910,mm,OK,--,9:16:11 PM,2/24/2026,
292,54.1,gf,0.920,mm,OK,--,9:16:11 PM,2/24/2026,
293,53.9,gf,0.930,mm,OK,--,9:16:11 PM,2/24/2026,
294,53.5,gf,0.935,mm,OK,--,9:16:11 PM,2/24/2026,
295,53.6,gf,0.940,mm,OK,--,9:16:11 PM,2/24/2026,
296,53.5,gf,0.950,mm,OK,--,9:16:12 PM,2/24/2026,
297,53.2,gf,0.955,mm,OK,--,9:16:12 PM,2/24/2026,
298,53.2,gf,0.960,mm,OK,--,9:16:12 PM,2/24/2026,
299,53.3,gf,0.965,mm,OK,--,9:16:12 PM,2/24/2026,
300,53.0,gf,0.970,mm,OK,--,9:16:12 PM,2/24/2026,
301,52.9,gf,0.975,mm,OK,--,9:16:12 PM,2/24/2026,
302,52.9,gf,0.975,mm,OK,--,9:16:12 PM,2/24/2026,
303,53.0,gf,0.980,mm,OK,--,9:16:12 PM,2/24/2026,
304,52.9,gf,0.985,mm,OK,--,9:16:12 PM,2/24/2026,
305,52.6,gf,0.990,mm,OK,--,9:16:12 PM,2/24/2026,
306,52.5,gf,1.000,mm,OK,--,9:16:13 PM,2/24/2026,
307,52.4,gf,1.005,mm,OK,--,9:16:13 PM,2/24/2026,
308,52.4,gf,1.010,mm,OK,--,9:16:13 PM,2/24/2026,
309,52.3,gf,1.015,mm,OK,--,9:16:13 PM,2/24/2026,
310,52.3,gf,1.020,mm,OK,--,9:16:13 PM,2/24/2026,
311,52.3,gf,1.030,mm,OK,--,9:16:13 PM,2/24/2026,
312,52.0,gf,1.045,mm,OK,--,9:16:13 PM,2/24/2026,
313,51.8,gf,1.055,mm,OK,--,9:16:13 PM,2/24/2026,
314,51.9,gf,1.060,mm,OK,--,9:16:13 PM,2/24/2026,
315,51.9,gf,1.070,mm,OK,--,9:16:13 PM,2/24/2026,
316,51.9,gf,1.075,mm,OK,--,9:16:14 PM,2/24/2026,
317,51.8,gf,1.085,mm,OK,--,9:16:14 PM,2/24/2026,
318,51.9,gf,1.090,mm,OK,--,9:16:14 PM,2/24/2026,
319,51.9,gf,1.095,mm,OK,--,9:16:14 PM,2/24/2026,
320,52.1,gf,1.100,mm,OK,--,9:16:14 PM,2/24/2026,
321,52.1,gf,1.105,mm,OK,--,9:16:14 PM,2/24/2026,
322,52.1,gf,1.110,mm,OK,--,9:16:14 PM,2/24/2026,
323,52.1,gf,1.115,mm,OK,--,9:16:14 PM,2/24/2026,
324,52.1,gf,1.115,mm,OK,--,9:16:14 PM,2/24/2026,
325,52.1,gf,1.120,mm,OK,--,9:16:14 PM,2/24/2026,
326,52.1,gf,1.120,mm,OK,--,9:16:15 PM,2/24/2026,
327,52.2,gf,1.125,mm,OK,--,9:16:15 PM,2/24/2026,
328,52.2,gf,1.130,mm,OK,--,9:16:15 PM,2/24/2026,
329,52.2,gf,1.130,mm,OK,--,9:16:15 PM,2/24/2026,
330,52.2,gf,1.135,mm,OK,--,9:16:15 PM,2/24/2026,
331,52.3,gf,1.135,mm,OK,--,9:16:15 PM,2/24/2026,
332,52.4,gf,1.140,mm,OK,--,9:16:15 PM,2/24/2026,
333,52.4,gf,1.140,mm,OK,--,9:16:15 PM,2/24/2026,
334,52.5,gf,1.145,mm,OK,--,9:16:15 PM,2/24/2026,
335,52.5,gf,1.145,mm,OK,--,9:16:15 PM,2/24/2026,
336,52.4,gf,1.150,mm,OK,--,9:16:16 PM,2/24/2026,
337,52.5,gf,1.150,mm,OK,--,9:16:16 PM,2/24/2026,
338,52.6,gf,1.155,mm,OK,--,9:16:16 PM,2/24/2026,
339,52.5,gf,1.160,mm,OK,--,9:16:16 PM,2/24/2026,
340,52.4,gf,1.160,mm,OK,--,9:16:16 PM,2/24/2026,
341,52.4,gf,1.165,mm,OK,--,9:16:16 PM,2/24/2026,
342,52.5,gf,1.170,mm,OK,--,9:16:16 PM,2/24/2026,
343,52.5,gf,1.170,mm,OK,--,9:16:16 PM,2/24/2026,
344,52.5,gf,1.175,mm,OK,--,9:16:16 PM,2/24/2026,
345,52.4,gf,1.180,mm,OK,--,9:16:16 PM,2/24/2026,
346,52.4,gf,1.185,mm,OK,--,9:16:17 PM,2/24/2026,
347,52.4,gf,1.190,mm,OK,--,9:16:17 PM,2/24/2026,
348,52.2,gf,1.195,mm,OK,--,9:16:17 PM,2/24/2026,
349,52.3,gf,1.200,mm,OK,--,9:16:17 PM,2/24/2026,
350,52.0,gf,1.205,mm,OK,--,9:16:17 PM,2/24/2026,
351,52.2,gf,1.210,mm,OK,--,9:16:17 PM,2/24/2026,
352,52.2,gf,1.215,mm,OK,--,9:16:17 PM,2/24/2026,
353,52.1,gf,1.225,mm,OK,--,9:16:17 PM,2/24/2026,
354,51.8,gf,1.230,mm,OK,--,9:16:17 PM,2/24/2026,
355,51.8,gf,1.240,mm,OK,--,9:16:17 PM,2/24/2026,
356,51.8,gf,1.245,mm,OK,--,9:16:18 PM,2/24/2026,
357,51.8,gf,1.250,mm,OK,--,9:16:18 PM,2/24/2026,
358,51.8,gf,1.255,mm,OK,--,9:16:18 PM,2/24/2026,
359,51.7,gf,1.260,mm,OK,--,9:16:18 PM,2/24/2026,
360,51.6,gf,1.270,mm,OK,--,9:16:18 PM,2/24/2026,
361,51.5,gf,1.275,mm,OK,--,9:16:18 PM,2/24/2026,
362,51.4,gf,1.280,mm,OK,--,9:16:18 PM,2/24/2026,
363,51.4,gf,1.285,mm,OK,--,9:16:18 PM,2/24/2026,
364,51.3,gf,1.290,mm,OK,--,9:16:18 PM,2/24/2026,
365,51.4,gf,1.295,mm,OK,--,9:16:18 PM,2/24/2026,
366,51.4,gf,1.300,mm,OK,--,9:16:19 PM,2/24/2026,
367,51.2,gf,1.305,mm,OK,--,9:16:19 PM,2/24/2026,
368,51.2,gf,1.310,mm,OK,--,9:16:19 PM,2/24/2026,
369,51.1,gf,1.315,mm,OK,--,9:16:19 PM,2/24/2026,
370,50.9,gf,1.320,mm,OK,--,9:16:19 PM,2/24/2026,
371,50.7,gf,1.325,mm,OK,--,9:16:19 PM,2/24/2026,
372,50.5,gf,1.330,mm,OK,--,9:16:19 PM,2/24/2026,
373,50.3,gf,1.335,mm,OK,--,9:16:19 PM,2/24/2026,
374,50.2,gf,1.340,mm,OK,--,9:16:19 PM,2/24/2026,
375,50.2,gf,1.345,mm,OK,--,9:16:19 PM,2/24/2026,
376,50.1,gf,1.350,mm,OK,--,9:16:20 PM,2/24/2026,
377,50.0,gf,1.350,mm,OK,--,9:16:20 PM,2/24/2026,
378,49.9,gf,1.355,mm,OK,--,9:16:20 PM,2/24/2026,
379,49.8,gf,1.360,mm,OK,--,9:16:20 PM,2/24/2026,
380,49.6,gf,1.365,mm,OK,--,9:16:20 PM,2/24/2026,
381,49.6,gf,1.365,mm,OK,--,9:16:20 PM,2/24/2026,
382,49.5,gf,1.370,mm,OK,--,9:16:20 PM,2/24/2026,
383,49.4,gf,1.375,mm,OK,--,9:16:20 PM,2/24/2026,
384,49.4,gf,1.375,mm,OK,--,9:16:20 PM,2/24/2026,
385,49.4,gf,1.380,mm,OK,--,9:16:20 PM,2/24/2026,
386,49.2,gf,1.385,mm,OK,--,9:16:21 PM,2/24/2026,
387,49.1,gf,1.390,mm,OK,--,9:16:21 PM,2/24/2026,
388,49.0,gf,1.390,mm,OK,--,9:16:21 PM,2/24/2026,
389,49.0,gf,1.395,mm,OK,--,9:16:21 PM,2/24/2026,
390,48.9,gf,1.395,mm,OK,--,9:16:21 PM,2/24/2026,
391,49.0,gf,1.400,mm,OK,--,9:16:21 PM,2/24/2026,
392,48.9,gf,1.400,mm,OK,--,9:16:21 PM,2/24/2026,
393,48.8,gf,1.405,mm,OK,--,9:16:21 PM,2/24/2026,
394,48.8,gf,1.410,mm,OK,--,9:16:21 PM,2/24/2026,
395,48.8,gf,1.410,mm,OK,--,9:16:21 PM,2/24/2026,
396,48.8,gf,1.415,mm,OK,--,9:16:22 PM,2/24/2026,
397,48.8,gf,1.415,mm,OK,--,9:16:22 PM,2/24/2026,
398,48.7,gf,1.415,mm,OK,--,9:16:22 PM,2/24/2026,
399,48.8,gf,1.420,mm,OK,--,9:16:22 PM,2/24/2026,
400,48.6,gf,1.420,mm,OK,--,9:16:22 PM,2/24/2026,
401,48.7,gf,1.425,mm,OK,--,9:16:22 PM,2/24/2026,
402,48.6,gf,1.425,mm,OK,--,9:16:22 PM,2/24/2026,
403,48.6,gf,1.430,mm,OK,--,9:16:22 PM,2/24/2026,
404,48.7,gf,1.430,mm,OK,--,9:16:22 PM,2/24/2026,
405,48.7,gf,1.430,mm,OK,--,9:16:22 PM,2/24/2026,
406,48.4,gf,1.435,mm,OK,--,9:16:23 PM,2/24/2026,
407,48.5,gf,1.435,mm,OK,--,9:16:23 PM,2/24/2026,
408,48.5,gf,1.440,mm,OK,--,9:16:23 PM,2/24/2026,
409,48.4,gf,1.440,mm,OK,--,9:16:23 PM,2/24/2026,
410,48.3,gf,1.445,mm,OK,--,9:16:23 PM,2/24/2026,
411,48.0,gf,1.450,mm,OK,--,9:16:23 PM,2/24/2026,
412,47.9,gf,1.455,mm,OK,--,9:16:23 PM,2/24/2026,
413,47.8,gf,1.455,mm,OK,--,9:16:23 PM,2/24/2026,
414,47.8,gf,1.460,mm,OK,--,9:16:23 PM,2/24/2026,
415,47.8,gf,1.465,mm,OK,--,9:16:23 PM,2/24/2026,
416,47.7,gf,1.465,mm,OK,--,9:16:24 PM,2/24/2026,
417,47.7,gf,1.470,mm,OK,--,9:16:24 PM,2/24/2026,
418,47.7,gf,1.470,mm,OK,--,9:16:24 PM,2/24/2026,
419,47.6,gf,1.475,mm,OK,--,9:16:24 PM,2/24/2026,
420,47.5,gf,1.475,mm,OK,--,9:16:24 PM,2/24/2026,
421,47.6,gf,1.475,mm,OK,--,9:16:24 PM,2/24/2026,
422,47.7,gf,1.480,mm,OK,--,9:16:24 PM,2/24/2026,
423,47.5,gf,1.485,mm,OK,--,9:16:24 PM,2/24/2026,
424,47.4,gf,1.485,mm,OK,--,9:16:24 PM,2/24/2026,
425,47.3,gf,1.490,mm,OK,--,9:16:24 PM,2/24/2026,
426,47.3,gf,1.495,mm,OK,--,9:16:25 PM,2/24/2026,
427,47.2,gf,1.495,mm,OK,--,9:16:25 PM,2/24/2026,
428,47.2,gf,1.500,mm,OK,--,9:16:25 PM,2/24/2026,
429,47.1,gf,1.500,mm,OK,--,9:16:25 PM,2/24/2026,
430,47.2,gf,1.505,mm,OK,--,9:16:25 PM,2/24/2026,
431,47.2,gf,1.505,mm,OK,--,9:16:25 PM,2/24/2026,
432,47.2,gf,1.510,mm,OK,--,9:16:25 PM,2/24/2026,
433,47.0,gf,1.510,mm,OK,--,9:16:25 PM,2/24/2026,
434,47.0,gf,1.515,mm,OK,--,9:16:25 PM,2/24/2026,
435,47.0,gf,1.515,mm,OK,--,9:16:25 PM,2/24/2026,
436,47.0,gf,1.520,mm,OK,--,9:16:26 PM,2/24/2026,
437,46.9,gf,1.520,mm,OK,--,9:16:26 PM,2/24/2026,
438,46.8,gf,1.525,mm,OK,--,9:16:26 PM,2/24/2026,
439,46.8,gf,1.525,mm,OK,--,9:16:26 PM,2/24/2026,
440,46.8,gf,1.530,mm,OK,--,9:16:26 PM,2/24/2026,
441,46.8,gf,1.535,mm,OK,--,9:16:26 PM,2/24/2026,
442,46.7,gf,1.535,mm,OK,--,9:16:26 PM,2/24/2026,
443,46.5,gf,1.540,mm,OK,--,9:16:26 PM,2/24/2026,
444,46.5,gf,1.545,mm,OK,--,9:16:26 PM,2/24/2026,
445,46.5,gf,1.545,mm,OK,--,9:16:26 PM,2/24/2026,
446,46.5,gf,1.550,mm,OK,--,9:16:27 PM,2/24/2026,
447,46.5,gf,1.550,mm,OK,--,9:16:27 PM,2/24/2026,
448,46.5,gf,1.555,mm,OK,--,9:16:27 PM,2/24/2026,
449,46.5,gf,1.555,mm,OK,--,9:16:27 PM,2/24/2026,
450,46.5,gf,1.555,mm,OK,--,9:16:27 PM,2/24/2026,
451,46.6,gf,1.560,mm,OK,--,9:16:27 PM,2/24/2026,
452,46.6,gf,1.560,mm,OK,--,9:16:27 PM,2/24/2026,
453,46.6,gf,1.565,mm,OK,--,9:16:27 PM,2/24/2026,
454,46.5,gf,1.565,mm,OK,--,9:16:27 PM,2/24/2026,
455,46.3,gf,1.570,mm,OK,--,9:16:27 PM,2/24/2026,
456,46.2,gf,1.575,mm,OK,--,9:16:28 PM,2/24/2026,
457,46.0,gf,1.580,mm,OK,--,9:16:28 PM,2/24/2026,
458,45.9,gf,1.585,mm,OK,--,9:16:28 PM,2/24/2026,
459,45.7,gf,1.585,mm,OK,--,9:16:28 PM,2/24/2026,
460,46.0,gf,1.585,mm,OK,--,9:16:28 PM,2/24/2026,
461,46.1,gf,1.585,mm,OK,--,9:16:28 PM,2/24/2026,
462,46.2,gf,1.590,mm,OK,--,9:16:28 PM,2/24/2026,
463,46.3,gf,1.590,mm,OK,--,9:16:28 PM,2/24/2026,
464,46.4,gf,1.590,mm,OK,--,9:16:28 PM,2/24/2026,
465,46.4,gf,1.595,mm,OK,--,9:16:28 PM,2/24/2026,
466,46.4,gf,1.595,mm,OK,--,9:16:29 PM,2/24/2026,
467,46.3,gf,1.595,mm,OK,--,9:16:29 PM,2/24/2026,
468,46.3,gf,1.600,mm,OK,--,9:16:29 PM,2/24/2026,
469,46.0,gf,1.600,mm,OK,--,9:16:29 PM,2/24/2026,
470,45.9,gf,1.605,mm,OK,--,9:16:29 PM,2/24/2026,
471,45.9,gf,1.610,mm,OK,--,9:16:29 PM,2/24/2026,
472,45.8,gf,1.610,mm,OK,--,9:16:29 PM,2/24/2026,
473,45.6,gf,1.615,mm,OK,--,9:16:29 PM,2/24/2026,
474,45.5,gf,1.615,mm,OK,--,9:16:29 PM,2/24/2026,
475,45.4,gf,1.620,mm,OK,--,9:16:29 PM,2/24/2026,
476,45.4,gf,1.625,mm,OK,--,9:16:30 PM,2/24/2026,
477,45.3,gf,1.625,mm,OK,--,9:16:30 PM,2/24/2026,
478,45.2,gf,1.630,mm,OK,--,9:16:30 PM,2/24/2026,
479,45.0,gf,1.635,mm,OK,--,9:16:30 PM,2/24/2026,
480,44.6,gf,1.640,mm,OK,--,9:16:30 PM,2/24/2026,
481,44.4,gf,1.645,mm,OK,--,9:16:30 PM,2/24/2026,
482,44.5,gf,1.650,mm,OK,--,9:16:30 PM,2/24/2026,
483,44.4,gf,1.650,mm,OK,--,9:16:30 PM,2/24/2026,
484,44.3,gf,1.655,mm,OK,--,9:16:30 PM,2/24/2026,
485,44.2,gf,1.655,mm,OK,--,9:16:30 PM,2/24/2026,
486,44.2,gf,1.660,mm,OK,--,9:16:31 PM,2/24/2026,
487,44.3,gf,1.660,mm,OK,--,9:16:31 PM,2/24/2026,
488,44.4,gf,1.660,mm,OK,--,9:16:31 PM,2/24/2026,
489,44.4,gf,1.665,mm,OK,--,9:16:31 PM,2/24/2026,
490,44.3,gf,1.665,mm,OK,--,9:16:31 PM,2/24/2026,
491,44.3,gf,1.670,mm,OK,--,9:16:31 PM,2/24/2026,
492,44.3,gf,1.670,mm,OK,--,9:16:31 PM,2/24/2026,
493,44.2,gf,1.675,mm,OK,--,9:16:31 PM,2/24/2026,
494,44.2,gf,1.680,mm,OK,--,9:16:31 PM,2/24/2026,
495,44.1,gf,1.680,mm,OK,--,9:16:31 PM,2/24/2026,
496,44.0,gf,1.685,mm,OK,--,9:16:32 PM,2/24/2026,
497,44.0,gf,1.685,mm,OK,--,9:16:32 PM,2/24/2026,
498,43.8,gf,1.690,mm,OK,--,9:16:32 PM,2/24/2026,
499,43.7,gf,1.690,mm,OK,--,9:16:32 PM,2/24/2026,
500,43.7,gf,1.695,mm,OK,--,9:16:32 PM,2/24/2026,
501,43.7,gf,1.695,mm,OK,--,9:16:32 PM,2/24/2026,
502,43.6,gf,1.700,mm,OK,--,9:16:32 PM,2/24/2026,
503,43.6,gf,1.700,mm,OK,--,9:16:32 PM,2/24/2026,
504,43.6,gf,1.705,mm,OK,--,9:16:32 PM,2/24/2026,
505,43.5,gf,1.710,mm,OK,--,9:16:32 PM,2/24/2026,
506,43.4,gf,1.710,mm,OK,--,9:16:33 PM,2/24/2026,
507,43.3,gf,1.715,mm,OK,--,9:16:33 PM,2/24/2026,
508,43.3,gf,1.715,mm,OK,--,9:16:33 PM,2/24/2026,
509,43.2,gf,1.715,mm,OK,--,9:16:33 PM,2/24/2026,
510,43.2,gf,1.720,mm,OK,--,9:16:33 PM,2/24/2026,
511,43.3,gf,1.720,mm,OK,--,9:16:33 PM,2/24/2026,
512,43.1,gf,1.725,mm,OK,--,9:16:33 PM,2/24/2026,
513,42.8,gf,1.735,mm,OK,--,9:16:33 PM,2/24/2026,
514,42.5,gf,1.740,mm,OK,--,9:16:33 PM,2/24/2026,
515,42.4,gf,1.745,mm,OK,--,9:16:33 PM,2/24/2026,
516,42.4,gf,1.750,mm,OK,--,9:16:34 PM,2/24/2026,
517,42.3,gf,1.755,mm,OK,--,9:16:34 PM,2/24/2026,
518,42.1,gf,1.755,mm,OK,--,9:16:34 PM,2/24/2026,
519,41.9,gf,1.760,mm,OK,--,9:16:34 PM,2/24/2026,
520,41.9,gf,1.760,mm,OK,--,9:16:34 PM,2/24/2026,
521,42.0,gf,1.760,mm,OK,--,9:16:34 PM,2/24/2026,
522,42.1,gf,1.765,mm,OK,--,9:16:34 PM,2/24/2026,
523,42.3,gf,1.765,mm,OK,--,9:16:34 PM,2/24/2026,
524,42.1,gf,1.770,mm,OK,--,9:16:34 PM,2/24/2026,
525,42.0,gf,1.770,mm,OK,--,9:16:34 PM,2/24/2026,
526,42.1,gf,1.770,mm,OK,--,9:16:35 PM,2/24/2026,
527,42.3,gf,1.775,mm,OK,--,9:16:35 PM,2/24/2026,
528,42.1,gf,1.780,mm,OK,--,9:16:35 PM,2/24/2026,
529,41.8,gf,1.780,mm,OK,--,9:16:35 PM,2/24/2026,
530,41.8,gf,1.785,mm,OK,--,9:16:35 PM,2/24/2026,
531,41.5,gf,1.795,mm,OK,--,9:16:35 PM,2/24/2026,
532,41.3,gf,1.800,mm,OK,--,9:16:35 PM,2/24/2026,
533,41.2,gf,1.805,mm,OK,--,9:16:35 PM,2/24/2026,
534,41.1,gf,1.810,mm,OK,--,9:16:35 PM,2/24/2026,
535,41.1,gf,1.815,mm,OK,--,9:16:35 PM,2/24/2026,
536,41.0,gf,1.820,mm,OK,--,9:16:36 PM,2/24/2026,
537,40.8,gf,1.820,mm,OK,--,9:16:36 PM,2/24/2026,
538,40.7,gf,1.825,mm,OK,--,9:16:36 PM,2/24/2026,
539,40.7,gf,1.830,mm,OK,--,9:16:36 PM,2/24/2026,
540,40.7,gf,1.835,mm,OK,--,9:16:36 PM,2/24/2026,
541,40.5,gf,1.845,mm,OK,--,9:16:36 PM,2/24/2026,
542,40.4,gf,1.850,mm,OK,--,9:16:36 PM,2/24/2026,
543,40.3,gf,1.855,mm,OK,--,9:16:36 PM,2/24/2026,
544,40.3,gf,1.860,mm,OK,--,9:16:36 PM,2/24/2026,
545,40.2,gf,1.865,mm,OK,--,9:16:36 PM,2/24/2026,
546,40.2,gf,1.865,mm,OK,--,9:16:37 PM,2/24/2026,
547,40.1,gf,1.870,mm,OK,--,9:16:37 PM,2/24/2026,
548,40.2,gf,1.875,mm,OK,--,9:16:37 PM,2/24/2026,
549,40.2,gf,1.880,mm,OK,--,9:16:37 PM,2/24/2026,
550,40.2,gf,1.880,mm,OK,--,9:16:37 PM,2/24/2026,
551,40.1,gf,1.885,mm,OK,--,9:16:37 PM,2/24/2026,
552,40.0,gf,1.890,mm,OK,--,9:16:37 PM,2/24/2026,
553,39.9,gf,1.895,mm,OK,--,9:16:37 PM,2/24/2026,
554,39.9,gf,1.900,mm,OK,--,9:16:37 PM,2/24/2026,
555,39.8,gf,1.905,mm,OK,--,9:16:37 PM,2/24/2026,
556,39.9,gf,1.910,mm,OK,--,9:16:38 PM,2/24/2026,
557,40.0,gf,1.910,mm,OK,--,9:16:38 PM,2/24/2026,
558,39.8,gf,1.915,mm,OK,--,9:16:38 PM,2/24/2026,
559,39.7,gf,1.915,mm,OK,--,9:16:38 PM,2/24/2026,
560,39.8,gf,1.920,mm,OK,--,9:16:38 PM,2/24/2026,
561,40.0,gf,1.920,mm,OK,--,9:16:38 PM,2/24/2026,
562,40.0,gf,1.925,mm,OK,--,9:16:38 PM,2/24/2026,
563,40.0,gf,1.930,mm,OK,--,9:16:38 PM,2/24/2026,
564,40.0,gf,1.930,mm,OK,--,9:16:38 PM,2/24/2026,
565,40.0,gf,1.930,mm,OK,--,9:16:38 PM,2/24/2026,
566,40.0,gf,1.930,mm,OK,--,9:16:39 PM,2/24/2026,
567,40.0,gf,1.935,mm,OK,--,9:16:39 PM,2/24/2026,
568,40.0,gf,1.935,mm,OK,--,9:16:39 PM,2/24/2026,
569,40.1,gf,1.935,mm,OK,--,9:16:39 PM,2/24/2026,
570,40.2,gf,1.935,mm,OK,--,9:16:39 PM,2/24/2026,
571,40.2,gf,1.935,mm,OK,--,9:16:39 PM,2/24/2026,
572,40.2,gf,1.940,mm,OK,--,9:16:39 PM,2/24/2026,
573,40.3,gf,1.940,mm,OK,--,9:16:39 PM,2/24/2026,
574,40.4,gf,1.940,mm,OK,--,9:16:39 PM,2/24/2026,
575,40.3,gf,1.940,mm,OK,--,9:16:39 PM,2/24/2026,
576,40.3,gf,1.945,mm,OK,--,9:16:40 PM,2/24/2026,
577,40.3,gf,1.945,mm,OK,--,9:16:40 PM,2/24/2026,
578,40.3,gf,1.945,mm,OK,--,9:16:40 PM,2/24/2026,
579,40.4,gf,1.950,mm,OK,--,9:16:40 PM,2/24/2026,
580,40.4,gf,1.950,mm,OK,--,9:16:40 PM,2/24/2026,
581,40.3,gf,1.950,mm,OK,--,9:16:40 PM,2/24/2026,
582,40.4,gf,1.950,mm,OK,--,9:16:40 PM,2/24/2026,
583,40.3,gf,1.955,mm,OK,--,9:16:40 PM,2/24/2026,
584,40.3,gf,1.955,mm,OK,--,9:16:40 PM,2/24/2026,
585,40.5,gf,1.960,mm,OK,--,9:16:40 PM,2/24/2026,
586,40.4,gf,1.965,mm,OK,--,9:16:41 PM,2/24/2026,
587,40.0,gf,1.970,mm,OK,--,9:16:41 PM,2/24/2026,
588,39.9,gf,1.980,mm,OK,--,9:16:41 PM,2/24/2026,
589,39.9,gf,1.985,mm,OK,--,9:16:41 PM,2/24/2026,
590,39.9,gf,1.990,mm,OK,--,9:16:41 PM,2/24/2026,
591,40.0,gf,1.995,mm,OK,--,9:16:41 PM,2/24/2026,
592,40.1,gf,2.000,mm,OK,--,9:16:41 PM,2/24/2026,
593,39.9,gf,2.010,mm,OK,--,9:16:41 PM,2/24/2026,
594,39.8,gf,2.015,mm,OK,--,9:16:41 PM,2/24/2026,
595,39.8,gf,2.020,mm,OK,--,9:16:41 PM,2/24/2026,
596,39.9,gf,2.025,mm,OK,--,9:16:42 PM,2/24/2026,
597,40.1,gf,2.025,mm,OK,--,9:16:42 PM,2/24/2026,
598,40.1,gf,2.030,mm,OK,--,9:16:42 PM,2/24/2026,
599,40.0,gf,2.035,mm,OK,--,9:16:42 PM,2/24/2026,
600,40.2,gf,2.040,mm,OK,--,9:16:42 PM,2/24/2026,
601,40.2,gf,2.050,mm,OK,--,9:16:42 PM,2/24/2026,
602,40.1,gf,2.055,mm,OK,--,9:16:42 PM,2/24/2026,
603,40.1,gf,2.065,mm,OK,--,9:16:42 PM,2/24/2026,
604,40.0,gf,2.075,mm,OK,--,9:16:42 PM,2/24/2026,
605,40.1,gf,2.085,mm,OK,--,9:16:42 PM,2/24/2026,
606,40.2,gf,2.090,mm,OK,--,9:16:43 PM,2/24/2026,
607,40.4,gf,2.095,mm,OK,--,9:16:43 PM,2/24/2026,
608,40.3,gf,2.100,mm,OK,--,9:16:43 PM,2/24/2026,
609,40.4,gf,2.100,mm,OK,--,9:16:43 PM,2/24/2026,
610,40.5,gf,2.105,mm,OK,--,9:16:43 PM,2/24/2026,
611,40.5,gf,2.110,mm,OK,--,9:16:43 PM,2/24/2026,
612,40.7,gf,2.110,mm,OK,--,9:16:43 PM,2/24/2026,
613,40.6,gf,2.115,mm,OK,--,9:16:43 PM,2/24/2026,
614,40.7,gf,2.115,mm,OK,--,9:16:43 PM,2/24/2026,
615,40.8,gf,2.115,mm,OK,--,9:16:43 PM,2/24/2026,
616,40.8,gf,2.120,mm,OK,--,9:16:44 PM,2/24/2026,
617,40.8,gf,2.120,mm,OK,--,9:16:44 PM,2/24/2026,
618,40.8,gf,2.120,mm,OK,--,9:16:44 PM,2/24/2026,
619,40.7,gf,2.120,mm,OK,--,9:16:44 PM,2/24/2026,
620,40.8,gf,2.125,mm,OK,--,9:16:44 PM,2/24/2026,
621,40.8,gf,2.125,mm,OK,--,9:16:44 PM,2/24/2026,
622,40.9,gf,2.125,mm,OK,--,9:16:44 PM,2/24/2026,
623,40.9,gf,2.125,mm,OK,--,9:16:44 PM,2/24/2026,
624,40.8,gf,2.125,mm,OK,--,9:16:44 PM,2/24/2026,
625,40.9,gf,2.125,mm,OK,--,9:16:44 PM,2/24/2026,
626,40.9,gf,2.130,mm,OK,--,9:16:45 PM,2/24/2026,
627,41.0,gf,2.130,mm,OK,--,9:16:45 PM,2/24/2026,
628,41.1,gf,2.130,mm,OK,--,9:16:45 PM,2/24/2026,
629,41.2,gf,2.130,mm,OK,--,9:16:45 PM,2/24/2026,
630,41.2,gf,2.130,mm,OK,--,9:16:45 PM,2/24/2026,
631,41.2,gf,2.135,mm,OK,--,9:16:45 PM,2/24/2026,
632,41.2,gf,2.135,mm,OK,--,9:16:45 PM,2/24/2026,
633,41.2,gf,2.135,mm,OK,--,9:16:45 PM,2/24/2026,
634,41.2,gf,2.140,mm,OK,--,9:16:45 PM,2/24/2026,
635,41.2,gf,2.140,mm,OK,--,9:16:45 PM,2/24/2026,
636,41.2,gf,2.140,mm,OK,--,9:16:46 PM,2/24/2026,
637,41.1,gf,2.145,mm,OK,--,9:16:46 PM,2/24/2026,
638,41.1,gf,2.145,mm,OK,--,9:16:46 PM,2/24/2026,
639,41.1,gf,2.145,mm,OK,--,9:16:46 PM,2/24/2026,
640,41.1,gf,2.150,mm,OK,--,9:16:46 PM,2/24/2026,
641,41.2,gf,2.150,mm,OK,--,9:16:46 PM,2/24/2026,
642,41.2,gf,2.150,mm,OK,--,9:16:46 PM,2/24/2026,
643,41.2,gf,2.155,mm,OK,--,9:16:46 PM,2/24/2026,
644,41.2,gf,2.155,mm,OK,--,9:16:46 PM,2/24/2026,
645,41.2,gf,2.160,mm,OK,--,9:16:46 PM,2/24/2026,
646,41.2,gf,2.160,mm,OK,--,9:16:47 PM,2/24/2026,
647,41.1,gf,2.165,mm,OK,--,9:16:47 PM,2/24/2026,
648,41.1,gf,2.165,mm,OK,--,9:16:47 PM,2/24/2026,
649,41.1,gf,2.170,mm,OK,--,9:16:47 PM,2/24/2026,
650,41.1,gf,2.175,mm,OK,--,9:16:47 PM,2/24/2026,
651,41.0,gf,2.180,mm,OK,--,9:16:47 PM,2/24/2026,
652,40.9,gf,2.180,mm,OK,--,9:16:47 PM,2/24/2026,
653,41.0,gf,2.185,mm,OK,--,9:16:47 PM,2/24/2026,
654,40.9,gf,2.190,mm,OK,--,9:16:47 PM,2/24/2026,
655,40.9,gf,2.195,mm,OK,--,9:16:47 PM,2/24/2026,
656,40.9,gf,2.200,mm,OK,--,9:16:48 PM,2/24/2026,
657,40.9,gf,2.205,mm,OK,--,9:16:48 PM,2/24/2026,
658,40.9,gf,2.210,mm,OK,--,9:16:48 PM,2/24/2026,
659,40.9,gf,2.215,mm,OK,--,9:16:48 PM,2/24/2026,
660,41.0,gf,2.220,mm,OK,--,9:16:48 PM,2/24/2026,
661,40.9,gf,2.225,mm,OK,--,9:16:48 PM,2/24/2026,
662,41.0,gf,2.230,mm,OK,--,9:16:48 PM,2/24/2026,
663,40.9,gf,2.240,mm,OK,--,9:16:48 PM,2/24/2026,
664,40.9,gf,2.245,mm,OK,--,9:16:48 PM,2/24/2026,
665,40.9,gf,2.250,mm,OK,--,9:16:48 PM,2/24/2026,
666,41.2,gf,2.255,mm,OK,--,9:16:49 PM,2/24/2026,
667,41.3,gf,2.260,mm,OK,--,9:16:49 PM,2/24/2026,
668,41.5,gf,2.270,mm,OK,--,9:16:49 PM,2/24/2026,
669,41.6,gf,2.280,mm,OK,--,9:16:49 PM,2/24/2026,
670,41.7,gf,2.285,mm,OK,--,9:16:49 PM,2/24/2026,
671,41.9,gf,2.295,mm,OK,--,9:16:49 PM,2/24/2026,
672,42.0,gf,2.305,mm,OK,--,9:16:49 PM,2/24/2026,
673,42.2,gf,2.320,mm,OK,--,9:16:49 PM,2/24/2026,
674,42.4,gf,2.325,mm,OK,--,9:16:49 PM,2/24/2026,
675,42.5,gf,2.330,mm,OK,--,9:16:49 PM,2/24/2026,
676,42.6,gf,2.335,mm,OK,--,9:16:50 PM,2/24/2026,
677,42.8,gf,2.340,mm,OK,--,9:16:50 PM,2/24/2026,
678,43.0,gf,2.350,mm,OK,--,9:16:50 PM,2/24/2026,
679,43.0,gf,2.355,mm,OK,--,9:16:50 PM,2/24/2026,
680,43.2,gf,2.360,mm,OK,--,9:16:50 PM,2/24/2026,
681,43.4,gf,2.365,mm,OK,--,9:16:50 PM,2/24/2026,
682,43.4,gf,2.370,mm,OK,--,9:16:50 PM,2/24/2026,
683,43.6,gf,2.380,mm,OK,--,9:16:50 PM,2/24/2026,
684,43.8,gf,2.385,mm,OK,--,9:16:50 PM,2/24/2026,
685,43.8,gf,2.390,mm,OK,--,9:16:50 PM,2/24/2026,
686,43.9,gf,2.395,mm,OK,--,9:16:51 PM,2/24/2026,
687,44.1,gf,2.400,mm,OK,--,9:16:51 PM,2/24/2026,
688,44.1,gf,2.405,mm,OK,--,9:16:51 PM,2/24/2026,
689,44.2,gf,2.405,mm,OK,--,9:16:51 PM,2/24/2026,
690,44.2,gf,2.410,mm,OK,--,9:16:51 PM,2/24/2026,
691,44.3,gf,2.410,mm,OK,--,9:16:51 PM,2/24/2026,
692,44.3,gf,2.415,mm,OK,--,9:16:51 PM,2/24/2026,
693,44.4,gf,2.415,mm,OK,--,9:16:51 PM,2/24/2026,
694,44.4,gf,2.420,mm,OK,--,9:16:51 PM,2/24/2026,
695,44.6,gf,2.425,mm,OK,--,9:16:51 PM,2/24/2026,
696,44.6,gf,2.425,mm,OK,--,9:16:52 PM,2/24/2026,
697,44.6,gf,2.430,mm,OK,--,9:16:52 PM,2/24/2026,
698,44.6,gf,2.430,mm,OK,--,9:16:52 PM,2/24/2026,
699,44.7,gf,2.435,mm,OK,--,9:16:52 PM,2/24/2026,
700,44.8,gf,2.435,mm,OK,--,9:16:52 PM,2/24/2026,
701,44.8,gf,2.440,mm,OK,--,9:16:52 PM,2/24/2026,
702,44.9,gf,2.440,mm,OK,--,9:16:52 PM,2/24/2026,
703,44.9,gf,2.445,mm,OK,--,9:16:52 PM,2/24/2026,
704,45.0,gf,2.450,mm,OK,--,9:16:52 PM,2/24/2026,
705,45.0,gf,2.450,mm,OK,--,9:16:52 PM,2/24/2026,
706,44.8,gf,2.450,mm,OK,--,9:16:53 PM,2/24/2026,
707,43.9,gf,2.455,mm,OK,--,9:16:53 PM,2/24/2026,
708,44.4,gf,2.455,mm,OK,--,9:16:53 PM,2/24/2026,
709,44.5,gf,2.460,mm,OK,--,9:16:53 PM,2/24/2026,
710,44.5,gf,2.460,mm,OK,--,9:16:53 PM,2/24/2026,
711,44.5,gf,2.460,mm,OK,--,9:16:53 PM,2/24/2026,
712,44.4,gf,2.460,mm,OK,--,9:16:53 PM,2/24/2026,
713,44.6,gf,2.460,mm,OK,--,9:16:53 PM,2/24/2026,
714,44.7,gf,2.465,mm,OK,--,9:16:53 PM,2/24/2026,
715,44.6,gf,2.465,mm,OK,--,9:16:53 PM,2/24/2026,
716,44.6,gf,2.465,mm,OK,--,9:16:54 PM,2/24/2026,
717,44.6,gf,2.465,mm,OK,--,9:16:54 PM,2/24/2026,
718,44.9,gf,2.470,mm,OK,--,9:16:54 PM,2/24/2026,
719,44.9,gf,2.470,mm,OK,--,9:16:54 PM,2/24/2026,
720,44.9,gf,2.470,mm,OK,--,9:16:54 PM,2/24/2026,
721,44.8,gf,2.475,mm,OK,--,9:16:54 PM,2/24/2026,
722,45.0,gf,2.475,mm,OK,--,9:16:54 PM,2/24/2026,
723,44.9,gf,2.480,mm,OK,--,9:16:54 PM,2/24/2026,
724,44.7,gf,2.480,mm,OK,--,9:16:54 PM,2/24/2026,
725,45.0,gf,2.485,mm,OK,--,9:16:54 PM,2/24/2026,
726,44.8,gf,2.485,mm,OK,--,9:16:55 PM,2/24/2026,
727,44.8,gf,2.490,mm,OK,--,9:16:55 PM,2/24/2026,
728,44.9,gf,2.490,mm,OK,--,9:16:55 PM,2/24/2026,
729,44.9,gf,2.490,mm,OK,--,9:16:55 PM,2/24/2026,
730,44.9,gf,2.495,mm,OK,--,9:16:55 PM,2/24/2026,
731,44.8,gf,2.495,mm,OK,--,9:16:55 PM,2/24/2026,
732,45.0,gf,2.495,mm,OK,--,9:16:55 PM,2/24/2026,
733,45.1,gf,2.500,mm,OK,--,9:16:55 PM,2/24/2026,
734,45.3,gf,2.500,mm,OK,--,9:16:55 PM,2/24/2026,
735,45.2,gf,2.505,mm,OK,--,9:16:55 PM,2/24/2026,
736,45.1,gf,2.510,mm,OK,--,9:16:56 PM,2/24/2026,
737,44.7,gf,2.515,mm,OK,--,9:16:56 PM,2/24/2026,
738,45.0,gf,2.525,mm,OK,--,9:16:56 PM,2/24/2026,
739,45.2,gf,2.530,mm,OK,--,9:16:56 PM,2/24/2026,
740,45.4,gf,2.535,mm,OK,--,9:16:56 PM,2/24/2026,
741,45.0,gf,2.550,mm,OK,--,9:16:56 PM,2/24/2026,
742,45.6,gf,2.560,mm,OK,--,9:16:56 PM,2/24/2026,
743,46.1,gf,2.575,mm,OK,--,9:16:56 PM,2/24/2026,
744,46.1,gf,2.590,mm,OK,--,9:16:56 PM,2/24/2026,
745,46.3,gf,2.610,mm,OK,--,9:16:56 PM,2/24/2026,
746,46.9,gf,2.635,mm,OK,--,9:16:57 PM,2/24/2026,
747,47.4,gf,2.655,mm,OK,--,9:16:57 PM,2/24/2026,
748,47.7,gf,2.675,mm,OK,--,9:16:57 PM,2/24/2026,
749,48.1,gf,2.695,mm,OK,--,9:16:57 PM,2/24/2026,
750,48.4,gf,2.710,mm,OK,--,9:16:57 PM,2/24/2026,
751,48.9,gf,2.725,mm,OK,--,9:16:57 PM,2/24/2026,
752,49.0,gf,2.740,mm,OK,--,9:16:57 PM,2/24/2026,
753,48.9,gf,2.755,mm,OK,--,9:16:57 PM,2/24/2026,
754,48.9,gf,2.775,mm,OK,--,9:16:57 PM,2/24/2026,
755,48.9,gf,2.795,mm,OK,--,9:16:57 PM,2/24/2026,
756,48.9,gf,2.810,mm,OK,--,9:16:58 PM,2/24/2026,
757,49.0,gf,2.830,mm,OK,--,9:16:58 PM,2/24/2026,
758,49.0,gf,2.845,mm,OK,--,9:16:58 PM,2/24/2026,
759,49.1,gf,2.865,mm,OK,--,9:16:58 PM,2/24/2026,
760,49.2,gf,2.880,mm,OK,--,9:16:58 PM,2/24/2026,
761,49.3,gf,2.895,mm,OK,--,9:16:58 PM,2/24/2026,
762,49.3,gf,2.910,mm,OK,--,9:16:58 PM,2/24/2026,
763,49.4,gf,2.920,mm,OK,--,9:16:58 PM,2/24/2026,
764,49.4,gf,2.930,mm,OK,--,9:16:58 PM,2/24/2026,
765,49.5,gf,2.945,mm,OK,--,9:16:58 PM,2/24/2026,
766,49.5,gf,2.955,mm,OK,--,9:16:59 PM,2/24/2026,
767,49.6,gf,2.965,mm,OK,--,9:16:59 PM,2/24/2026,
768,49.7,gf,2.970,mm,OK,--,9:16:59 PM,2/24/2026,
769,49.7,gf,2.980,mm,OK,--,9:16:59 PM,2/24/2026,
770,49.8,gf,2.990,mm,OK,--,9:16:59 PM,2/24/2026,
771,49.8,gf,2.995,mm,OK,--,9:16:59 PM,2/24/2026,
772,49.8,gf,3.005,mm,OK,--,9:16:59 PM,2/24/2026,
773,49.8,gf,3.010,mm,OK,--,9:16:59 PM,2/24/2026,
774,49.9,gf,3.015,mm,OK,--,9:16:59 PM,2/24/2026,
775,49.9,gf,3.025,mm,OK,--,9:16:59 PM,2/24/2026,
776,49.9,gf,3.030,mm,OK,--,9:17:00 PM,2/24/2026,
777,50.0,gf,3.035,mm,OK,--,9:17:00 PM,2/24/2026,
778,50.0,gf,3.040,mm,OK,--,9:17:00 PM,2/24/2026,
779,50.0,gf,3.045,mm,OK,--,9:17:00 PM,2/24/2026,
780,50.1,gf,3.050,mm,OK,--,9:17:00 PM,2/24/2026,
781,50.1,gf,3.055,mm,OK,--,9:17:00 PM,2/24/2026,
782,50.1,gf,3.060,mm,OK,--,9:17:00 PM,2/24/2026,
783,50.1,gf,3.065,mm,OK,--,9:17:00 PM,2/24/2026,
784,50.1,gf,3.065,mm,OK,--,9:17:00 PM,2/24/2026,
785,50.1,gf,3.070,mm,OK,--,9:17:00 PM,2/24/2026,
786,50.1,gf,3.075,mm,OK,--,9:17:01 PM,2/24/2026,
787,50.1,gf,3.080,mm,OK,--,9:17:01 PM,2/24/2026,
788,50.1,gf,3.085,mm,OK,--,9:17:01 PM,2/24/2026,
789,50.2,gf,3.090,mm,OK,--,9:17:01 PM,2/24/2026,
790,50.2,gf,3.095,mm,OK,--,9:17:01 PM,2/24/2026,
791,50.3,gf,3.100,mm,OK,--,9:17:01 PM,2/24/2026,
792,50.3,gf,3.110,mm,OK,--,9:17:01 PM,2/24/2026,
793,50.3,gf,3.115,mm,OK,--,9:17:01 PM,2/24/2026,
794,50.3,gf,3.120,mm,OK,--,9:17:01 PM,2/24/2026,
795,50.4,gf,3.125,mm,OK,--,9:17:01 PM,2/24/2026,
796,50.3,gf,3.130,mm,OK,--,9:17:02 PM,2/24/2026,
797,50.4,gf,3.135,mm,OK,--,9:17:02 PM,2/24/2026,
798,50.4,gf,3.135,mm,OK,--,9:17:02 PM,2/24/2026,
799,50.4,gf,3.140,mm,OK,--,9:17:02 PM,2/24/2026,
800,50.4,gf,3.145,mm,OK,--,9:17:02 PM,2/24/2026,
801,50.4,gf,3.155,mm,OK,--,9:17:02 PM,2/24/2026,
802,50.4,gf,3.155,mm,OK,--,9:17:02 PM,2/24/2026,
803,50.5,gf,3.160,mm,OK,--,9:17:02 PM,2/24/2026,
804,50.5,gf,3.165,mm,OK,--,9:17:02 PM,2/24/2026,
805,50.6,gf,3.170,mm,OK,--,9:17:02 PM,2/24/2026,
806,50.6,gf,3.170,mm,OK,--,9:17:03 PM,2/24/2026,
807,50.6,gf,3.175,mm,OK,--,9:17:03 PM,2/24/2026,
808,50.6,gf,3.180,mm,OK,--,9:17:03 PM,2/24/2026,
809,50.6,gf,3.185,mm,OK,--,9:17:03 PM,2/24/2026,
810,50.6,gf,3.190,mm,OK,--,9:17:03 PM,2/24/2026,
811,50.7,gf,3.195,mm,OK,--,9:17:03 PM,2/24/2026,
812,50.8,gf,3.195,mm,OK,--,9:17:03 PM,2/24/2026,
813,50.6,gf,3.205,mm,OK,--,9:17:03 PM,2/24/2026,
814,50.7,gf,3.210,mm,OK,--,9:17:03 PM,2/24/2026,
815,50.7,gf,3.215,mm,OK,--,9:17:03 PM,2/24/2026,
816,50.7,gf,3.220,mm,OK,--,9:17:04 PM,2/24/2026,
817,50.7,gf,3.225,mm,OK,--,9:17:04 PM,2/24/2026,
818,50.8,gf,3.235,mm,OK,--,9:17:04 PM,2/24/2026,
819,50.8,gf,3.240,mm,OK,--,9:17:04 PM,2/24/2026,
820,50.8,gf,3.250,mm,OK,--,9:17:04 PM,2/24/2026,
821,50.9,gf,3.260,mm,OK,--,9:17:04 PM,2/24/2026,
822,50.9,gf,3.265,mm,OK,--,9:17:04 PM,2/24/2026,
823,51.0,gf,3.270,mm,OK,--,9:17:04 PM,2/24/2026,
824,51.0,gf,3.275,mm,OK,--,9:17:04 PM,2/24/2026,
825,51.0,gf,3.280,mm,OK,--,9:17:04 PM,2/24/2026,
826,51.0,gf,3.285,mm,OK,--,9:17:05 PM,2/24/2026,
827,51.0,gf,3.285,mm,OK,--,9:17:05 PM,2/24/2026,
828,51.1,gf,3.290,mm,OK,--,9:17:05 PM,2/24/2026,
829,51.1,gf,3.295,mm,OK,--,9:17:05 PM,2/24/2026,
830,51.2,gf,3.300,mm,OK,--,9:17:05 PM,2/24/2026,
831,51.2,gf,3.300,mm,OK,--,9:17:05 PM,2/24/2026,
832,51.2,gf,3.305,mm,OK,--,9:17:05 PM,2/24/2026,
833,51.1,gf,3.310,mm,OK,--,9:17:05 PM,2/24/2026,
834,51.1,gf,3.315,mm,OK,--,9:17:05 PM,2/24/2026,
835,51.1,gf,3.320,mm,OK,--,9:17:05 PM,2/24/2026,
836,51.1,gf,3.320,mm,OK,--,9:17:06 PM,2/24/2026,
837,51.1,gf,3.325,mm,OK,--,9:17:06 PM,2/24/2026,
838,51.2,gf,3.330,mm,OK,--,9:17:06 PM,2/24/2026,
839,51.2,gf,3.335,mm,OK,--,9:17:06 PM,2/24/2026,
840,51.2,gf,3.335,mm,OK,--,9:17:06 PM,2/24/2026,
841,51.2,gf,3.340,mm,OK,--,9:17:06 PM,2/24/2026,
842,51.2,gf,3.345,mm,OK,--,9:17:06 PM,2/24/2026,
843,51.3,gf,3.350,mm,OK,--,9:17:06 PM,2/24/2026,
844,51.3,gf,3.355,mm,OK,--,9:17:06 PM,2/24/2026,
845,51.3,gf,3.360,mm,OK,--,9:17:06 PM,2/24/2026,
846,51.3,gf,3.365,mm,OK,--,9:17:07 PM,2/24/2026,
847,51.3,gf,3.370,mm,OK,--,9:17:07 PM,2/24/2026,
848,51.4,gf,3.375,mm,OK,--,9:17:07 PM,2/24/2026,
849,51.4,gf,3.380,mm,OK,--,9:17:07 PM,2/24/2026,
850,51.4,gf,3.380,mm,OK,--,9:17:07 PM,2/24/2026,
851,51.4,gf,3.385,mm,OK,--,9:17:07 PM,2/24/2026,
852,51.5,gf,3.390,mm,OK,--,9:17:07 PM,2/24/2026,
853,51.5,gf,3.395,mm,OK,--,9:17:07 PM,2/24/2026,
854,51.5,gf,3.400,mm,OK,--,9:17:07 PM,2/24/2026,
855,51.5,gf,3.400,mm,OK,--,9:17:07 PM,2/24/2026,
856,51.6,gf,3.405,mm,OK,--,9:17:08 PM,2/24/2026,
857,51.6,gf,3.410,mm,OK,--,9:17:08 PM,2/24/2026,
858,51.6,gf,3.415,mm,OK,--,9:17:08 PM,2/24/2026,
859,51.6,gf,3.415,mm,OK,--,9:17:08 PM,2/24/2026,
860,51.7,gf,3.420,mm,OK,--,9:17:08 PM,2/24/2026,
861,53.2,gf,3.420,mm,OK,--,9:17:08 PM,2/24/2026,
862,56.1,gf,3.425,mm,OK,--,9:17:08 PM,2/24/2026,
863,59.3,gf,3.425,mm,OK,--,9:17:08 PM,2/24/2026,
864,61.3,gf,3.430,mm,OK,--,9:17:08 PM,2/24/2026,
865,62.9,gf,3.430,mm,OK,--,9:17:08 PM,2/24/2026,
866,64.4,gf,3.435,mm,OK,--,9:17:09 PM,2/24/2026,
867,66.4,gf,3.435,mm,OK,--,9:17:09 PM,2/24/2026,
868,68.7,gf,3.435,mm,OK,--,9:17:09 PM,2/24/2026,
869,70.7,gf,3.440,mm,OK,--,9:17:09 PM,2/24/2026,
870,72.6,gf,3.440,mm,OK,--,9:17:09 PM,2/24/2026,
871,75.0,gf,3.445,mm,OK,--,9:17:09 PM,2/24/2026,
872,77.2,gf,3.445,mm,OK,--,9:17:09 PM,2/24/2026,
873,79.1,gf,3.450,mm,OK,--,9:17:09 PM,2/24/2026,
874,81.3,gf,3.450,mm,OK,--,9:17:09 PM,2/24/2026,
875,83.7,gf,3.450,mm,OK,--,9:17:09 PM,2/24/2026,
876,86.3,gf,3.455,mm,OK,--,9:17:10 PM,2/24/2026,
877,89.4,gf,3.460,mm,OK,--,9:17:10 PM,2/24/2026,
878,92.5,gf,3.460,mm,OK,--,9:17:10 PM,2/24/2026,
879,95.4,gf,3.465,mm,OK,--,9:17:10 PM,2/24/2026,
880,97.7,gf,3.465,mm,OK,--,9:17:10 PM,2/24/2026,
881,100.1,gf,3.470,mm,OK,--,9:17:10 PM,2/24/2026,
882,102.6,gf,3.470,mm,OK,--,9:17:10 PM,2/24/2026,
883,104.6,gf,3.475,mm,OK,--,9:17:10 PM,2/24/2026,
884,106.3,gf,3.475,mm,OK,--,9:17:10 PM,2/24/2026,
885,107.9,gf,3.475,mm,OK,--,9:17:10 PM,2/24/2026,
886,109.2,gf,3.475,mm,OK,--,9:17:11 PM,2/24/2026,
887,110.5,gf,3.480,mm,OK,--,9:17:11 PM,2/24/2026,
888,111.7,gf,3.480,mm,OK,--,9:17:11 PM,2/24/2026,
889,113.2,gf,3.480,mm,OK,--,9:17:11 PM,2/24/2026,
890,114.7,gf,3.485,mm,OK,--,9:17:11 PM,2/24/2026,
891,116.2,gf,3.485,mm,OK,--,9:17:11 PM,2/24/2026,
892,117.6,gf,3.485,mm,OK,--,9:17:11 PM,2/24/2026,
893,119.1,gf,3.485,mm,OK,--,9:17:11 PM,2/24/2026,
894,120.6,gf,3.490,mm,OK,--,9:17:11 PM,2/24/2026,
895,122.2,gf,3.490,mm,OK,--,9:17:11 PM,2/24/2026,
896,123.7,gf,3.495,mm,OK,--,9:17:12 PM,2/24/2026,
897,125.2,gf,3.495,mm,OK,--,9:17:12 PM,2/24/2026,
898,126.5,gf,3.495,mm,OK,--,9:17:12 PM,2/24/2026,
899,128.0,gf,3.495,mm,OK,--,9:17:12 PM,2/24/2026,
900,129.3,gf,3.500,mm,OK,--,9:17:12 PM,2/24/2026,
901,130.9,gf,3.500,mm,OK,--,9:17:12 PM,2/24/2026,
902,132.3,gf,3.500,mm,OK,--,9:17:12 PM,2/24/2026,
903,133.5,gf,3.500,mm,OK,--,9:17:12 PM,2/24/2026,
904,134.7,gf,3.505,mm,OK,--,9:17:12 PM,2/24/2026,
905,135.8,gf,3.505,mm,OK,--,9:17:12 PM,2/24/2026,
906,137.0,gf,3.505,mm,OK,--,9:17:13 PM,2/24/2026,
907,138.1,gf,3.505,mm,OK,--,9:17:13 PM,2/24/2026,
908,139.4,gf,3.510,mm,OK,--,9:17:13 PM,2/24/2026,
909,140.8,gf,3.510,mm,OK,--,9:17:13 PM,2/24/2026,
910,141.9,gf,3.510,mm,OK,--,9:17:13 PM,2/24/2026,
911,143.0,gf,3.510,mm,OK,--,9:17:13 PM,2/24/2026,
912,144.1,gf,3.515,mm,OK,--,9:17:13 PM,2/24/2026,
913,145.2,gf,3.515,mm,OK,--,9:17:13 PM,2/24/2026,
914,146.6,gf,3.515,mm,OK,--,9:17:13 PM,2/24/2026,
915,147.9,gf,3.515,mm,OK,--,9:17:13 PM,2/24/2026,
916,149.4,gf,3.520,mm,OK,--,9:17:14 PM,2/24/2026,
917,151.1,gf,3.520,mm,OK,--,9:17:14 PM,2/24/2026,
918,152.8,gf,3.520,mm,OK,--,9:17:14 PM,2/24/2026,
919,154.2,gf,3.525,mm,OK,--,9:17:14 PM,2/24/2026,
920,155.6,gf,3.525,mm,OK,--,9:17:14 PM,2/24/2026,
921,156.9,gf,3.525,mm,OK,--,9:17:14 PM,2/24/2026,
922,158.3,gf,3.530,mm,OK,--,9:17:14 PM,2/24/2026,
923,159.8,gf,3.530,mm,OK,--,9:17:14 PM,2/24/2026,
924,161.9,gf,3.530,mm,OK,--,9:17:14 PM,2/24/2026,
925,164.0,gf,3.535,mm,OK,--,9:17:14 PM,2/24/2026,
926,166.5,gf,3.535,mm,OK,--,9:17:15 PM,2/24/2026,
927,168.9,gf,3.540,mm,OK,--,9:17:15 PM,2/24/2026,
928,171.4,gf,3.540,mm,OK,--,9:17:15 PM,2/24/2026,
929,173.5,gf,3.540,mm,OK,--,9:17:15 PM,2/24/2026,
930,175.0,gf,3.545,mm,OK,--,9:17:15 PM,2/24/2026,
931,176.1,gf,3.545,mm,OK,--,9:17:15 PM,2/24/2026,
932,177.4,gf,3.545,mm,OK,--,9:17:15 PM,2/24/2026,
933,178.9,gf,3.550,mm,OK,--,9:17:15 PM,2/24/2026,
934,180.5,gf,3.550,mm,OK,--,9:17:15 PM,2/24/2026,
935,181.9,gf,3.550,mm,OK,--,9:17:15 PM,2/24/2026,
936,183.2,gf,3.550,mm,OK,--,9:17:16 PM,2/24/2026,
937,184.3,gf,3.555,mm,OK,--,9:17:16 PM,2/24/2026,
938,185.5,gf,3.555,mm,OK,--,9:17:16 PM,2/24/2026,
939,186.4,gf,3.555,mm,OK,--,9:17:16 PM,2/24/2026,
940,187.2,gf,3.555,mm,OK,--,9:17:16 PM,2/24/2026,
941,188.0,gf,3.555,mm,OK,--,9:17:16 PM,2/24/2026,
942,188.7,gf,3.560,mm,OK,--,9:17:16 PM,2/24/2026,
943,189.8,gf,3.560,mm,OK,--,9:17:16 PM,2/24/2026,
944,191.0,gf,3.560,mm,OK,--,9:17:16 PM,2/24/2026,
945,192.2,gf,3.560,mm,OK,--,9:17:16 PM,2/24/2026,
946,192.9,gf,3.560,mm,OK,--,9:17:17 PM,2/24/2026,
947,193.5,gf,3.560,mm,OK,--,9:17:17 PM,2/24/2026,
948,194.0,gf,3.565,mm,OK,--,9:17:17 PM,2/24/2026,
949,194.1,gf,3.565,mm,OK,--,9:17:17 PM,2/24/2026,
950,194.1,gf,3.565,mm,OK,--,9:17:17 PM,2/24/2026,
951,194.2,gf,3.565,mm,OK,--,9:17:17 PM,2/24/2026,
952,194.2,gf,3.565,mm,OK,--,9:17:17 PM,2/24/2026,
953,194.2,gf,3.565,mm,OK,--,9:17:17 PM,2/24/2026,
954,194.1,gf,3.565,mm,OK,--,9:17:17 PM,2/24/2026,
955,194.0,gf,3.565,mm,OK,--,9:17:17 PM,2/24/2026,
956,193.9,gf,3.565,mm,OK,--,9:17:18 PM,2/24/2026,
957,194.0,gf,3.565,mm,OK,--,9:17:18 PM,2/24/2026,
958,194.0,gf,3.565,mm,OK,--,9:17:18 PM,2/24/2026,
959,193.9,gf,3.565,mm,OK,--,9:17:18 PM,2/24/2026,
960,194.0,gf,3.565,mm,OK,--,9:17:18 PM,2/24/2026,
961,194.1,gf,3.565,mm,OK,--,9:17:18 PM,2/24/2026,
962,194.0,gf,3.565,mm,OK,--,9:17:18 PM,2/24/2026,
963,194.0,gf,3.565,mm,OK,--,9:17:18 PM,2/24/2026,
964,194.0,gf,3.565,mm,OK,--,9:17:18 PM,2/24/2026,
965,194.0,gf,3.565,mm,OK,--,9:17:18 PM,2/24/2026,
966,194.0,gf,3.565,mm,OK,--,9:17:19 PM,2/24/2026,
967,194.0,gf,3.565,mm,OK,--,9:17:19 PM,2/24/2026,
968,193.8,gf,3.565,mm,OK,--,9:17:19 PM,2/24/2026,
969,193.6,gf,3.565,mm,OK,--,9:17:19 PM,2/24/2026,
970,193.3,gf,3.565,mm,OK,--,9:17:19 PM,2/24/2026,
971,193.3,gf,3.565,mm,OK,--,9:17:19 PM,2/24/2026,
972,193.4,gf,3.565,mm,OK,--,9:17:19 PM,2/24/2026,
973,193.2,gf,3.565,mm,OK,--,9:17:19 PM,2/24/2026,
974,193.1,gf,3.565,mm,OK,--,9:17:19 PM,2/24/2026,
975,193.0,gf,3.565,mm,OK,--,9:17:19 PM,2/24/2026,
976,192.3,gf,3.565,mm,OK,--,9:17:20 PM,2/24/2026,
977,191.0,gf,3.560,mm,OK,--,9:17:20 PM,2/24/2026,
978,189.0,gf,3.560,mm,OK,--,9:17:20 PM,2/24/2026,
979,187.0,gf,3.560,mm,OK,--,9:17:20 PM,2/24/2026,
980,184.7,gf,3.555,mm,OK,--,9:17:20 PM,2/24/2026,
981,181.6,gf,3.555,mm,OK,--,9:17:20 PM,2/24/2026,
982,178.3,gf,3.550,mm,OK,--,9:17:20 PM,2/24/2026,
983,175.4,gf,3.545,mm,OK,--,9:17:20 PM,2/24/2026,
984,170.1,gf,3.540,mm,OK,--,9:17:20 PM,2/24/2026,
985,164.9,gf,3.535,mm,OK,--,9:17:20 PM,2/24/2026,
986,161.2,gf,3.535,mm,OK,--,9:17:21 PM,2/24/2026,
987,153.6,gf,3.525,mm,OK,--,9:17:21 PM,2/24/2026,
988,143.2,gf,3.515,mm,OK,--,9:17:21 PM,2/24/2026,
989,138.3,gf,3.510,mm,OK,--,9:17:21 PM,2/24/2026,
990,135.5,gf,3.510,mm,OK,--,9:17:21 PM,2/24/2026,
991,133.6,gf,3.505,mm,OK,--,9:17:21 PM,2/24/2026,
992,131.4,gf,3.505,mm,OK,--,9:17:21 PM,2/24/2026,
993,128.7,gf,3.500,mm,OK,--,9:17:21 PM,2/24/2026,
994,126.2,gf,3.500,mm,OK,--,9:17:21 PM,2/24/2026,
995,123.8,gf,3.495,mm,OK,--,9:17:21 PM,2/24/2026,
996,120.8,gf,3.495,mm,OK,--,9:17:22 PM,2/24/2026,
997,118.0,gf,3.490,mm,OK,--,9:17:22 PM,2/24/2026,
998,115.5,gf,3.485,mm,OK,--,9:17:22 PM,2/24/2026,
999,113.4,gf,3.485,mm,OK,--,9:17:22 PM,2/24/2026,
1000,111.5,gf,3.485,mm,OK,--,9:17:22 PM,2/24/2026,
1001,109.7,gf,3.480,mm,OK,--,9:17:22 PM,2/24/2026,
1002,107.9,gf,3.480,mm,OK,--,9:17:22 PM,2/24/2026,
1003,105.5,gf,3.475,mm,OK,--,9:17:22 PM,2/24/2026,
1004,103.4,gf,3.475,mm,OK,--,9:17:22 PM,2/24/2026,
1005,101.4,gf,3.475,mm,OK,--,9:17:22 PM,2/24/2026,
1006,99.7,gf,3.470,mm,OK,--,9:17:23 PM,2/24/2026,
1007,97.7,gf,3.470,mm,OK,--,9:17:23 PM,2/24/2026,
1008,96.0,gf,3.470,mm,OK,--,9:17:23 PM,2/24/2026,
1009,94.6,gf,3.465,mm,OK,--,9:17:23 PM,2/24/2026,
1010,93.5,gf,3.465,mm,OK,--,9:17:23 PM,2/24/2026,
1011,92.5,gf,3.465,mm,OK,--,9:17:23 PM,2/24/2026,
1012,91.7,gf,3.465,mm,OK,--,9:17:23 PM,2/24/2026,
1013,90.9,gf,3.465,mm,OK,--,9:17:23 PM,2/24/2026,
1014,90.2,gf,3.460,mm,OK,--,9:17:23 PM,2/24/2026,
1015,89.4,gf,3.460,mm,OK,--,9:17:23 PM,2/24/2026,
1016,88.8,gf,3.460,mm,OK,--,9:17:24 PM,2/24/2026,
1017,88.1,gf,3.460,mm,OK,--,9:17:24 PM,2/24/2026,
1018,87.6,gf,3.460,mm,OK,--,9:17:24 PM,2/24/2026,
1019,87.2,gf,3.460,mm,OK,--,9:17:24 PM,2/24/2026,
1020,87.0,gf,3.460,mm,OK,--,9:17:24 PM,2/24/2026,
1021,86.6,gf,3.460,mm,OK,--,9:17:24 PM,2/24/2026,
1022,86.3,gf,3.460,mm,OK,--,9:17:24 PM,2/24/2026,
1023,86.0,gf,3.460,mm,OK,--,9:17:24 PM,2/24/2026,
1024,85.7,gf,3.460,mm,OK,--,9:17:24 PM,2/24/2026,
1025,85.2,gf,3.455,mm,OK,--,9:17:24 PM,2/24/2026,
1026,84.7,gf,3.455,mm,OK,--,9:17:25 PM,2/24/2026,
1027,84.2,gf,3.455,mm,OK,--,9:17:25 PM,2/24/2026,
1028,83.7,gf,3.455,mm,OK,--,9:17:25 PM,2/24/2026,
1029,83.4,gf,3.455,mm,OK,--,9:17:25 PM,2/24/2026,
1030,83.1,gf,3.455,mm,OK,--,9:17:25 PM,2/24/2026,
1031,82.8,gf,3.455,mm,OK,--,9:17:25 PM,2/24/2026,
1032,82.5,gf,3.455,mm,OK,--,9:17:25 PM,2/24/2026,
1033,82.2,gf,3.455,mm,OK,--,9:17:25 PM,2/24/2026,
1034,82.0,gf,3.455,mm,OK,--,9:17:25 PM,2/24/2026,
1035,81.7,gf,3.455,mm,OK,--,9:17:25 PM,2/24/2026,
1036,81.4,gf,3.455,mm,OK,--,9:17:26 PM,2/24/2026,
1037,81.2,gf,3.455,mm,OK,--,9:17:26 PM,2/24/2026,
1038,80.9,gf,3.455,mm,OK,--,9:17:26 PM,2/24/2026,
1039,80.7,gf,3.455,mm,OK,--,9:17:26 PM,2/24/2026,
1040,80.5,gf,3.450,mm,OK,--,9:17:26 PM,2/24/2026,
1041,80.2,gf,3.450,mm,OK,--,9:17:26 PM,2/24/2026,
1042,80.1,gf,3.450,mm,OK,--,9:17:26 PM,2/24/2026,
1043,79.9,gf,3.450,mm,OK,--,9:17:26 PM,2/24/2026,
1044,79.7,gf,3.450,mm,OK,--,9:17:26 PM,2/24/2026,
1045,79.4,gf,3.450,mm,OK,--,9:17:26 PM,2/24/2026,
1046,79.1,gf,3.450,mm,OK,--,9:17:27 PM,2/24/2026,
1047,78.9,gf,3.450,mm,OK,--,9:17:27 PM,2/24/2026,
1048,78.6,gf,3.450,mm,OK,--,9:17:27 PM,2/24/2026,
1049,78.4,gf,3.450,mm,OK,--,9:17:27 PM,2/24/2026,
1050,78.2,gf,3.450,mm,OK,--,9:17:27 PM,2/24/2026,
1051,77.9,gf,3.450,mm,OK,--,9:17:27 PM,2/24/2026,
1052,77.7,gf,3.450,mm,OK,--,9:17:27 PM,2/24/2026,
1053,77.3,gf,3.450,mm,OK,--,9:17:27 PM,2/24/2026,
1054,76.7,gf,3.450,mm,OK,--,9:17:27 PM,2/24/2026,
1055,76.0,gf,3.450,mm,OK,--,9:17:27 PM,2/24/2026,
1056,75.3,gf,3.445,mm,OK,--,9:17:28 PM,2/24/2026,
1057,74.5,gf,3.445,mm,OK,--,9:17:28 PM,2/24/2026,
1058,73.7,gf,3.445,mm,OK,--,9:17:28 PM,2/24/2026,
1059,73.0,gf,3.445,mm,OK,--,9:17:28 PM,2/24/2026,
1060,72.4,gf,3.445,mm,OK,--,9:17:28 PM,2/24/2026,
1061,71.8,gf,3.445,mm,OK,--,9:17:28 PM,2/24/2026,
1062,71.1,gf,3.445,mm,OK,--,9:17:28 PM,2/24/2026,
1063,70.4,gf,3.440,mm,OK,--,9:17:28 PM,2/24/2026,
1064,69.6,gf,3.440,mm,OK,--,9:17:28 PM,2/24/2026,
1065,68.8,gf,3.440,mm,OK,--,9:17:28 PM,2/24/2026,
1066,68.0,gf,3.440,mm,OK,--,9:17:29 PM,2/24/2026,
1067,67.1,gf,3.440,mm,OK,--,9:17:29 PM,2/24/2026,
1068,66.2,gf,3.440,mm,OK,--,9:17:29 PM,2/24/2026,
1069,65.3,gf,3.435,mm,OK,--,9:17:29 PM,2/24/2026,
1070,63.7,gf,3.435,mm,OK,--,9:17:29 PM,2/24/2026,
1071,62.1,gf,3.435,mm,OK,--,9:17:29 PM,2/24/2026,
1072,60.5,gf,3.430,mm,OK,--,9:17:29 PM,2/24/2026,
1073,58.5,gf,3.430,mm,OK,--,9:17:29 PM,2/24/2026,
1074,56.6,gf,3.430,mm,OK,--,9:17:29 PM,2/24/2026,
1075,54.9,gf,3.425,mm,OK,--,9:17:29 PM,2/24/2026,
1076,53.4,gf,3.425,mm,OK,--,9:17:30 PM,2/24/2026,
1077,51.7,gf,3.425,mm,OK,--,9:17:30 PM,2/24/2026,
1078,50.2,gf,3.420,mm,OK,--,9:17:30 PM,2/24/2026,
1079,49.0,gf,3.420,mm,OK,--,9:17:30 PM,2/24/2026,
1080,49.0,gf,3.415,mm,OK,--,9:17:30 PM,2/24/2026,
1081,49.0,gf,3.415,mm,OK,--,9:17:30 PM,2/24/2026,
1082,49.0,gf,3.415,mm,OK,--,9:17:30 PM,2/24/2026,
1083,49.0,gf,3.410,mm,OK,--,9:17:30 PM,2/24/2026,
1084,49.0,gf,3.410,mm,OK,--,9:17:30 PM,2/24/2026,
1085,49.0,gf,3.410,mm,OK,--,9:17:30 PM,2/24/2026,
1086,49.0,gf,3.405,mm,OK,--,9:17:31 PM,2/24/2026,
1087,49.0,gf,3.405,mm,OK,--,9:17:31 PM,2/24/2026,
1088,48.9,gf,3.405,mm,OK,--,9:17:31 PM,2/24/2026,
1089,48.9,gf,3.405,mm,OK,--,9:17:31 PM,2/24/2026,
1090,48.9,gf,3.405,mm,OK,--,9:17:31 PM,2/24/2026,
1091,48.9,gf,3.400,mm,OK,--,9:17:31 PM,2/24/2026,
1092,48.9,gf,3.400,mm,OK,--,9:17:31 PM,2/24/2026,
1093,48.9,gf,3.400,mm,OK,--,9:17:31 PM,2/24/2026,
1094,48.9,gf,3.395,mm,OK,--,9:17:31 PM,2/24/2026,
1095,48.9,gf,3.390,mm,OK,--,9:17:31 PM,2/24/2026,
1096,48.9,gf,3.385,mm,OK,--,9:17:32 PM,2/24/2026,
1097,48.9,gf,3.385,mm,OK,--,9:17:32 PM,2/24/2026,
1098,48.8,gf,3.380,mm,OK,--,9:17:32 PM,2/24/2026,
1099,48.7,gf,3.380,mm,OK,--,9:17:32 PM,2/24/2026,
1100,48.7,gf,3.375,mm,OK,--,9:17:32 PM,2/24/2026,
1101,48.7,gf,3.370,mm,OK,--,9:17:32 PM,2/24/2026,
1102,48.7,gf,3.370,mm,OK,--,9:17:32 PM,2/24/2026,
1103,48.6,gf,3.365,mm,OK,--,9:17:32 PM,2/24/2026,
1104,48.6,gf,3.360,mm,OK,--,9:17:32 PM,2/24/2026,
1105,48.6,gf,3.355,mm,OK,--,9:17:32 PM,2/24/2026,
1106,48.6,gf,3.350,mm,OK,--,9:17:33 PM,2/24/2026,
1107,48.6,gf,3.345,mm,OK,--,9:17:33 PM,2/24/2026,
1108,48.5,gf,3.340,mm,OK,--,9:17:33 PM,2/24/2026,
1109,48.5,gf,3.335,mm,OK,--,9:17:33 PM,2/24/2026,
1110,48.5,gf,3.330,mm,OK,--,9:17:33 PM,2/24/2026,
1111,48.4,gf,3.325,mm,OK,--,9:17:33 PM,2/24/2026,
1112,48.4,gf,3.320,mm,OK,--,9:17:33 PM,2/24/2026,
1113,48.3,gf,3.315,mm,OK,--,9:17:33 PM,2/24/2026,
1114,48.3,gf,3.310,mm,OK,--,9:17:33 PM,2/24/2026,
1115,48.3,gf,3.305,mm,OK,--,9:17:33 PM,2/24/2026,
1116,48.2,gf,3.300,mm,OK,--,9:17:34 PM,2/24/2026,
1117,48.2,gf,3.300,mm,OK,--,9:17:34 PM,2/24/2026,
1118,48.2,gf,3.295,mm,OK,--,9:17:34 PM,2/24/2026,
1119,48.2,gf,3.295,mm,OK,--,9:17:34 PM,2/24/2026,
1120,48.2,gf,3.290,mm,OK,--,9:17:34 PM,2/24/2026,
1121,48.2,gf,3.290,mm,OK,--,9:17:34 PM,2/24/2026,
1122,48.2,gf,3.285,mm,OK,--,9:17:34 PM,2/24/2026,
1123,48.2,gf,3.280,mm,OK,--,9:17:34 PM,2/24/2026,
1124,48.2,gf,3.280,mm,OK,--,9:17:34 PM,2/24/2026,
1125,48.1,gf,3.275,mm,OK,--,9:17:34 PM,2/24/2026,
1126,48.1,gf,3.275,mm,OK,--,9:17:35 PM,2/24/2026,
1127,48.1,gf,3.270,mm,OK,--,9:17:35 PM,2/24/2026,
1128,48.1,gf,3.270,mm,OK,--,9:17:35 PM,2/24/2026,
1129,48.1,gf,3.270,mm,OK,--,9:17:35 PM,2/24/2026,
1130,48.1,gf,3.265,mm,OK,--,9:17:35 PM,2/24/2026,
1131,48.0,gf,3.260,mm,OK,--,9:17:35 PM,2/24/2026,
1132,48.0,gf,3.260,mm,OK,--,9:17:35 PM,2/24/2026,
1133,48.0,gf,3.255,mm,OK,--,9:17:35 PM,2/24/2026,
1134,48.0,gf,3.255,mm,OK,--,9:17:35 PM,2/24/2026,
1135,48.0,gf,3.255,mm,OK,--,9:17:35 PM,2/24/2026,
1136,48.0,gf,3.250,mm,OK,--,9:17:36 PM,2/24/2026,
1137,48.0,gf,3.245,mm,OK,--,9:17:36 PM,2/24/2026,
1138,48.0,gf,3.245,mm,OK,--,9:17:36 PM,2/24/2026,
1139,48.0,gf,3.240,mm,OK,--,9:17:36 PM,2/24/2026,
1140,48.0,gf,3.235,mm,OK,--,9:17:36 PM,2/24/2026,
1141,48.0,gf,3.230,mm,OK,--,9:17:36 PM,2/24/2026,
1142,48.0,gf,3.225,mm,OK,--,9:17:36 PM,2/24/2026,
1143,48.0,gf,3.220,mm,OK,--,9:17:36 PM,2/24/2026,
1144,48.0,gf,3.215,mm,OK,--,9:17:36 PM,2/24/2026,
1145,48.0,gf,3.205,mm,OK,--,9:17:36 PM,2/24/2026,
1146,48.0,gf,3.200,mm,OK,--,9:17:37 PM,2/24/2026,
1147,48.0,gf,3.195,mm,OK,--,9:17:37 PM,2/24/2026,
1148,48.0,gf,3.190,mm,OK,--,9:17:37 PM,2/24/2026,
1149,48.0,gf,3.185,mm,OK,--,9:17:37 PM,2/24/2026,
1150,48.0,gf,3.180,mm,OK,--,9:17:37 PM,2/24/2026,
1151,47.9,gf,3.175,mm,OK,--,9:17:37 PM,2/24/2026,
1152,47.9,gf,3.170,mm,OK,--,9:17:37 PM,2/24/2026,
1153,47.9,gf,3.160,mm,OK,--,9:17:37 PM,2/24/2026,
1154,47.9,gf,3.155,mm,OK,--,9:17:37 PM,2/24/2026,
1155,47.9,gf,3.150,mm,OK,--,9:17:37 PM,2/24/2026,
1156,47.9,gf,3.145,mm,OK,--,9:17:38 PM,2/24/2026,
1157,47.8,gf,3.140,mm,OK,--,9:17:38 PM,2/24/2026,
1158,47.8,gf,3.135,mm,OK,--,9:17:38 PM,2/24/2026,
1159,47.8,gf,3.130,mm,OK,--,9:17:38 PM,2/24/2026,
1160,47.8,gf,3.125,mm,OK,--,9:17:38 PM,2/24/2026,
1161,47.8,gf,3.115,mm,OK,--,9:17:38 PM,2/24/2026,
1162,47.8,gf,3.110,mm,OK,--,9:17:38 PM,2/24/2026,
1163,47.7,gf,3.100,mm,OK,--,9:17:38 PM,2/24/2026,
1164,47.7,gf,3.095,mm,OK,--,9:17:38 PM,2/24/2026,
1165,47.6,gf,3.090,mm,OK,--,9:17:38 PM,2/24/2026,
1166,47.7,gf,3.080,mm,OK,--,9:17:39 PM,2/24/2026,
1167,47.6,gf,3.070,mm,OK,--,9:17:39 PM,2/24/2026,
1168,47.6,gf,3.065,mm,OK,--,9:17:39 PM,2/24/2026,
1169,47.5,gf,3.060,mm,OK,--,9:17:39 PM,2/24/2026,
1170,47.5,gf,3.055,mm,OK,--,9:17:39 PM,2/24/2026,
1171,47.5,gf,3.050,mm,OK,--,9:17:39 PM,2/24/2026,
1172,47.6,gf,3.045,mm,OK,--,9:17:39 PM,2/24/2026,
1173,47.5,gf,3.040,mm,OK,--,9:17:39 PM,2/24/2026,
1174,47.5,gf,3.035,mm,OK,--,9:17:39 PM,2/24/2026,
1175,47.5,gf,3.030,mm,OK,--,9:17:39 PM,2/24/2026,
1176,47.5,gf,3.025,mm,OK,--,9:17:40 PM,2/24/2026,
1177,47.5,gf,3.020,mm,OK,--,9:17:40 PM,2/24/2026,
1178,47.4,gf,3.015,mm,OK,--,9:17:40 PM,2/24/2026,
1179,47.4,gf,3.010,mm,OK,--,9:17:40 PM,2/24/2026,
1180,47.4,gf,3.005,mm,OK,--,9:17:40 PM,2/24/2026,
1181,47.4,gf,2.995,mm,OK,--,9:17:40 PM,2/24/2026,
1182,47.4,gf,2.985,mm,OK,--,9:17:40 PM,2/24/2026,
1183,47.4,gf,2.980,mm,OK,--,9:17:40 PM,2/24/2026,
1184,47.3,gf,2.970,mm,OK,--,9:17:40 PM,2/24/2026,
1185,47.3,gf,2.960,mm,OK,--,9:17:40 PM,2/24/2026,
1186,47.2,gf,2.955,mm,OK,--,9:17:41 PM,2/24/2026,
1187,47.2,gf,2.945,mm,OK,--,9:17:41 PM,2/24/2026,
1188,47.1,gf,2.935,mm,OK,--,9:17:41 PM,2/24/2026,
1189,47.1,gf,2.925,mm,OK,--,9:17:41 PM,2/24/2026,
1190,47.0,gf,2.915,mm,OK,--,9:17:41 PM,2/24/2026,
1191,47.0,gf,2.905,mm,OK,--,9:17:41 PM,2/24/2026,
1192,47.0,gf,2.900,mm,OK,--,9:17:41 PM,2/24/2026,
1193,47.0,gf,2.890,mm,OK,--,9:17:41 PM,2/24/2026,
1194,47.0,gf,2.880,mm,OK,--,9:17:41 PM,2/24/2026,
1195,47.0,gf,2.875,mm,OK,--,9:17:41 PM,2/24/2026,
1196,46.9,gf,2.865,mm,OK,--,9:17:42 PM,2/24/2026,
1197,46.9,gf,2.855,mm,OK,--,9:17:42 PM,2/24/2026,
1198,46.8,gf,2.845,mm,OK,--,9:17:42 PM,2/24/2026,
1199,46.8,gf,2.835,mm,OK,--,9:17:42 PM,2/24/2026,
1200,46.7,gf,2.830,mm,OK,--,9:17:42 PM,2/24/2026,
1201,46.7,gf,2.825,mm,OK,--,9:17:42 PM,2/24/2026,
1202,46.6,gf,2.820,mm,OK,--,9:17:42 PM,2/24/2026,
1203,46.6,gf,2.815,mm,OK,--,9:17:42 PM,2/24/2026,
1204,46.6,gf,2.810,mm,OK,--,9:17:42 PM,2/24/2026,
1205,46.6,gf,2.805,mm,OK,--,9:17:42 PM,2/24/2026,
1206,46.5,gf,2.805,mm,OK,--,9:17:43 PM,2/24/2026,
1207,46.5,gf,2.800,mm,OK,--,9:17:43 PM,2/24/2026,
1208,46.5,gf,2.795,mm,OK,--,9:17:43 PM,2/24/2026,
1209,46.5,gf,2.785,mm,OK,--,9:17:43 PM,2/24/2026,
1210,46.5,gf,2.775,mm,OK,--,9:17:43 PM,2/24/2026,
1211,46.4,gf,2.770,mm,OK,--,9:17:43 PM,2/24/2026,
1212,46.4,gf,2.765,mm,OK,--,9:17:43 PM,2/24/2026,
1213,46.4,gf,2.760,mm,OK,--,9:17:43 PM,2/24/2026,
1214,46.4,gf,2.750,mm,OK,--,9:17:43 PM,2/24/2026,
1215,46.1,gf,2.740,mm,OK,--,9:17:43 PM,2/24/2026,
1216,46.0,gf,2.725,mm,OK,--,9:17:44 PM,2/24/2026,
1217,45.7,gf,2.715,mm,OK,--,9:17:44 PM,2/24/2026,
1218,45.5,gf,2.705,mm,OK,--,9:17:44 PM,2/24/2026,
1219,45.1,gf,2.700,mm,OK,--,9:17:44 PM,2/24/2026,
1220,44.9,gf,2.690,mm,OK,--,9:17:44 PM,2/24/2026,
1221,44.6,gf,2.685,mm,OK,--,9:17:44 PM,2/24/2026,
1222,44.4,gf,2.680,mm,OK,--,9:17:44 PM,2/24/2026,
1223,44.1,gf,2.675,mm,OK,--,9:17:44 PM,2/24/2026,
1224,43.8,gf,2.670,mm,OK,--,9:17:44 PM,2/24/2026,
1225,43.6,gf,2.665,mm,OK,--,9:17:44 PM,2/24/2026,
1226,43.4,gf,2.660,mm,OK,--,9:17:45 PM,2/24/2026,
1227,43.1,gf,2.655,mm,OK,--,9:17:45 PM,2/24/2026,
1228,42.8,gf,2.645,mm,OK,--,9:17:45 PM,2/24/2026,
1229,42.5,gf,2.640,mm,OK,--,9:17:45 PM,2/24/2026,
1230,42.2,gf,2.630,mm,OK,--,9:17:45 PM,2/24/2026,
1231,41.8,gf,2.625,mm,OK,--,9:17:45 PM,2/24/2026,
1232,41.3,gf,2.615,mm,OK,--,9:17:45 PM,2/24/2026,
1233,41.0,gf,2.605,mm,OK,--,9:17:45 PM,2/24/2026,
1234,40.6,gf,2.600,mm,OK,--,9:17:45 PM,2/24/2026,
1235,40.2,gf,2.595,mm,OK,--,9:17:45 PM,2/24/2026,
1236,39.6,gf,2.585,mm,OK,--,9:17:46 PM,2/24/2026,
1237,39.2,gf,2.580,mm,OK,--,9:17:46 PM,2/24/2026,
1238,38.7,gf,2.570,mm,OK,--,9:17:46 PM,2/24/2026,
1239,38.2,gf,2.565,mm,OK,--,9:17:46 PM,2/24/2026,
1240,37.6,gf,2.555,mm,OK,--,9:17:46 PM,2/24/2026,
1241,37.2,gf,2.545,mm,OK,--,9:17:46 PM,2/24/2026,
1242,36.7,gf,2.535,mm,OK,--,9:17:46 PM,2/24/2026,
1243,36.5,gf,2.530,mm,OK,--,9:17:46 PM,2/24/2026,
1244,37.4,gf,2.520,mm,OK,--,9:17:46 PM,2/24/2026,
1245,37.1,gf,2.515,mm,OK,--,9:17:46 PM,2/24/2026,
1246,36.9,gf,2.510,mm,OK,--,9:17:47 PM,2/24/2026,
1247,36.9,gf,2.505,mm,OK,--,9:17:47 PM,2/24/2026,
1248,36.7,gf,2.495,mm,OK,--,9:17:47 PM,2/24/2026,
1249,36.7,gf,2.490,mm,OK,--,9:17:47 PM,2/24/2026,
1250,36.5,gf,2.485,mm,OK,--,9:17:47 PM,2/24/2026,
1251,36.5,gf,2.475,mm,OK,--,9:17:47 PM,2/24/2026,
1252,36.3,gf,2.470,mm,OK,--,9:17:47 PM,2/24/2026,
1253,36.1,gf,2.460,mm,OK,--,9:17:47 PM,2/24/2026,
1254,35.7,gf,2.455,mm,OK,--,9:17:47 PM,2/24/2026,
1255,35.4,gf,2.450,mm,OK,--,9:17:47 PM,2/24/2026,
1256,35.2,gf,2.440,mm,OK,--,9:17:48 PM,2/24/2026,
1257,35.0,gf,2.435,mm,OK,--,9:17:48 PM,2/24/2026,
1258,34.6,gf,2.425,mm,OK,--,9:17:48 PM,2/24/2026,
1259,34.2,gf,2.420,mm,OK,--,9:17:48 PM,2/24/2026,
1260,33.7,gf,2.410,mm,OK,--,9:17:48 PM,2/24/2026,
1261,33.3,gf,2.400,mm,OK,--,9:17:48 PM,2/24/2026,
1262,33.0,gf,2.395,mm,OK,--,9:17:48 PM,2/24/2026,
1263,32.9,gf,2.390,mm,OK,--,9:17:48 PM,2/24/2026,
1264,32.6,gf,2.385,mm,OK,--,9:17:48 PM,2/24/2026,
1265,32.2,gf,2.380,mm,OK,--,9:17:48 PM,2/24/2026,
1266,32.1,gf,2.370,mm,OK,--,9:17:49 PM,2/24/2026,
1267,32.0,gf,2.360,mm,OK,--,9:17:49 PM,2/24/2026,
1268,31.6,gf,2.350,mm,OK,--,9:17:49 PM,2/24/2026,
1269,31.3,gf,2.345,mm,OK,--,9:17:49 PM,2/24/2026,
1270,31.0,gf,2.340,mm,OK,--,9:17:49 PM,2/24/2026,
1271,30.5,gf,2.335,mm,OK,--,9:17:49 PM,2/24/2026,
1272,30.1,gf,2.330,mm,OK,--,9:17:49 PM,2/24/2026,
1273,29.6,gf,2.315,mm,OK,--,9:17:49 PM,2/24/2026,
1274,29.1,gf,2.305,mm,OK,--,9:17:49 PM,2/24/2026,
1275,28.5,gf,2.290,mm,OK,--,9:17:49 PM,2/24/2026,
1276,27.7,gf,2.280,mm,OK,--,9:17:50 PM,2/24/2026,
1277,27.0,gf,2.265,mm,OK,--,9:17:50 PM,2/24/2026,
1278,26.1,gf,2.255,mm,OK,--,9:17:50 PM,2/24/2026,
1279,25.2,gf,2.245,mm,OK,--,9:17:50 PM,2/24/2026,
1280,24.4,gf,2.235,mm,OK,--,9:17:50 PM,2/24/2026,
1281,23.7,gf,2.225,mm,OK,--,9:17:50 PM,2/24/2026,
1282,23.1,gf,2.215,mm,OK,--,9:17:50 PM,2/24/2026,
1283,22.4,gf,2.205,mm,OK,--,9:17:50 PM,2/24/2026,
1284,22.1,gf,2.200,mm,OK,--,9:17:50 PM,2/24/2026,
1285,21.8,gf,2.190,mm,OK,--,9:17:50 PM,2/24/2026,
1286,21.6,gf,2.185,mm,OK,--,9:17:51 PM,2/24/2026,
1287,21.4,gf,2.175,mm,OK,--,9:17:51 PM,2/24/2026,
1288,21.1,gf,2.170,mm,OK,--,9:17:51 PM,2/24/2026,
1289,21.0,gf,2.160,mm,OK,--,9:17:51 PM,2/24/2026,
1290,20.8,gf,2.150,mm,OK,--,9:17:51 PM,2/24/2026,
1291,20.7,gf,2.145,mm,OK,--,9:17:51 PM,2/24/2026,
1292,20.5,gf,2.135,mm,OK,--,9:17:51 PM,2/24/2026,
1293,20.2,gf,2.130,mm,OK,--,9:17:51 PM,2/24/2026,
1294,20.1,gf,2.125,mm,OK,--,9:17:51 PM,2/24/2026,
1295,20.1,gf,2.120,mm,OK,--,9:17:51 PM,2/24/2026,
1296,19.8,gf,2.115,mm,OK,--,9:17:52 PM,2/24/2026,
1297,19.4,gf,2.105,mm,OK,--,9:17:52 PM,2/24/2026,
1298,19.4,gf,2.095,mm,OK,--,9:17:52 PM,2/24/2026,
1299,19.4,gf,2.085,mm,OK,--,9:17:52 PM,2/24/2026,
1300,19.2,gf,2.075,mm,OK,--,9:17:52 PM,2/24/2026,
1301,19.1,gf,2.060,mm,OK,--,9:17:52 PM,2/24/2026,
1302,19.0,gf,2.050,mm,OK,--,9:17:52 PM,2/24/2026,
1303,18.9,gf,2.045,mm,OK,--,9:17:52 PM,2/24/2026,
1304,18.7,gf,2.035,mm,OK,--,9:17:52 PM,2/24/2026,
1305,18.6,gf,2.030,mm,OK,--,9:17:52 PM,2/24/2026,
1306,18.3,gf,2.025,mm,OK,--,9:17:53 PM,2/24/2026,
1307,18.2,gf,2.020,mm,OK,--,9:17:53 PM,2/24/2026,
1308,18.1,gf,2.010,mm,OK,--,9:17:53 PM,2/24/2026,
1309,18.2,gf,2.005,mm,OK,--,9:17:53 PM,2/24/2026,
1310,18.0,gf,2.000,mm,OK,--,9:17:53 PM,2/24/2026,
1311,17.7,gf,1.995,mm,OK,--,9:17:53 PM,2/24/2026,
1312,17.4,gf,1.985,mm,OK,--,9:17:53 PM,2/24/2026,
1313,17.4,gf,1.975,mm,OK,--,9:17:53 PM,2/24/2026,
1314,17.3,gf,1.960,mm,OK,--,9:17:53 PM,2/24/2026,
1315,17.2,gf,1.940,mm,OK,--,9:17:53 PM,2/24/2026,
1316,17.7,gf,1.915,mm,OK,--,9:17:54 PM,2/24/2026,
1317,17.9,gf,1.895,mm,OK,--,9:17:54 PM,2/24/2026,
1318,17.7,gf,1.885,mm,OK,--,9:17:54 PM,2/24/2026,
1319,17.6,gf,1.875,mm,OK,--,9:17:54 PM,2/24/2026,
1320,17.5,gf,1.865,mm,OK,--,9:17:54 PM,2/24/2026,
1321,17.7,gf,1.860,mm,OK,--,9:17:54 PM,2/24/2026,
1322,17.7,gf,1.850,mm,OK,--,9:17:54 PM,2/24/2026,
1323,17.7,gf,1.845,mm,OK,--,9:17:54 PM,2/24/2026,
1324,17.8,gf,1.840,mm,OK,--,9:17:54 PM,2/24/2026,
1325,17.9,gf,1.835,mm,OK,--,9:17:54 PM,2/24/2026,
1326,17.8,gf,1.825,mm,OK,--,9:17:55 PM,2/24/2026,
1327,18.2,gf,1.820,mm,OK,--,9:17:55 PM,2/24/2026,
1328,18.5,gf,1.810,mm,OK,--,9:17:55 PM,2/24/2026,
1329,18.6,gf,1.800,mm,OK,--,9:17:55 PM,2/24/2026,
1330,18.7,gf,1.790,mm,OK,--,9:17:55 PM,2/24/2026,
1331,19.0,gf,1.780,mm,OK,--,9:17:55 PM,2/24/2026,
1332,19.1,gf,1.770,mm,OK,--,9:17:55 PM,2/24/2026,
1333,19.4,gf,1.765,mm,OK,--,9:17:55 PM,2/24/2026,
1334,19.7,gf,1.755,mm,OK,--,9:17:55 PM,2/24/2026,
1335,20.1,gf,1.745,mm,OK,--,9:17:55 PM,2/24/2026,
1336,20.4,gf,1.730,mm,OK,--,9:17:56 PM,2/24/2026,
1337,20.6,gf,1.720,mm,OK,--,9:17:56 PM,2/24/2026,
1338,20.8,gf,1.710,mm,OK,--,9:17:56 PM,2/24/2026,
1339,20.9,gf,1.700,mm,OK,--,9:17:56 PM,2/24/2026,
1340,21.2,gf,1.690,mm,OK,--,9:17:56 PM,2/24/2026,
1341,21.5,gf,1.680,mm,OK,--,9:17:56 PM,2/24/2026,
1342,21.9,gf,1.665,mm,OK,--,9:17:56 PM,2/24/2026,
1343,22.2,gf,1.655,mm,OK,--,9:17:56 PM,2/24/2026,
1344,22.3,gf,1.650,mm,OK,--,9:17:56 PM,2/24/2026,
1345,22.4,gf,1.635,mm,OK,--,9:17:56 PM,2/24/2026,
1346,22.5,gf,1.625,mm,OK,--,9:17:57 PM,2/24/2026,
1347,22.7,gf,1.615,mm,OK,--,9:17:57 PM,2/24/2026,
1348,22.9,gf,1.605,mm,OK,--,9:17:57 PM,2/24/2026,
1349,23.0,gf,1.595,mm,OK,--,9:17:57 PM,2/24/2026,
1350,23.3,gf,1.590,mm,OK,--,9:17:57 PM,2/24/2026,
1351,23.3,gf,1.580,mm,OK,--,9:17:57 PM,2/24/2026,
1352,23.5,gf,1.575,mm,OK,--,9:17:57 PM,2/24/2026,
1353,23.5,gf,1.570,mm,OK,--,9:17:57 PM,2/24/2026,
1354,23.5,gf,1.565,mm,OK,--,9:17:57 PM,2/24/2026,
1355,23.5,gf,1.560,mm,OK,--,9:17:57 PM,2/24/2026,
1356,23.5,gf,1.555,mm,OK,--,9:17:58 PM,2/24/2026,
1357,23.5,gf,1.550,mm,OK,--,9:17:58 PM,2/24/2026,
1358,23.5,gf,1.550,mm,OK,--,9:17:58 PM,2/24/2026,
1359,23.5,gf,1.545,mm,OK,--,9:17:58 PM,2/24/2026,
1360,23.6,gf,1.540,mm,OK,--,9:17:58 PM,2/24/2026,
1361,23.7,gf,1.540,mm,OK,--,9:17:58 PM,2/24/2026,
1362,23.7,gf,1.535,mm,OK,--,9:17:58 PM,2/24/2026,
1363,23.8,gf,1.535,mm,OK,--,9:17:58 PM,2/24/2026,
1364,23.7,gf,1.530,mm,OK,--,9:17:58 PM,2/24/2026,
1365,23.7,gf,1.525,mm,OK,--,9:17:58 PM,2/24/2026,
1366,23.9,gf,1.520,mm,OK,--,9:17:59 PM,2/24/2026,
1367,24.1,gf,1.515,mm,OK,--,9:17:59 PM,2/24/2026,
1368,24.2,gf,1.510,mm,OK,--,9:17:59 PM,2/24/2026,
1369,24.8,gf,1.500,mm,OK,--,9:17:59 PM,2/24/2026,
1370,25.1,gf,1.495,mm,OK,--,9:17:59 PM,2/24/2026,
1371,25.2,gf,1.490,mm,OK,--,9:17:59 PM,2/24/2026,
1372,25.2,gf,1.490,mm,OK,--,9:17:59 PM,2/24/2026,
1373,25.1,gf,1.480,mm,OK,--,9:17:59 PM,2/24/2026,
1374,25.7,gf,1.470,mm,OK,--,9:17:59 PM,2/24/2026,
1375,26.0,gf,1.460,mm,OK,--,9:17:59 PM,2/24/2026,
1376,26.1,gf,1.455,mm,OK,--,9:18:00 PM,2/24/2026,
1377,26.2,gf,1.445,mm,OK,--,9:18:00 PM,2/24/2026,
1378,26.3,gf,1.440,mm,OK,--,9:18:00 PM,2/24/2026,
1379,26.4,gf,1.435,mm,OK,--,9:18:00 PM,2/24/2026,
1380,26.5,gf,1.430,mm,OK,--,9:18:00 PM,2/24/2026,
1381,26.5,gf,1.425,mm,OK,--,9:18:00 PM,2/24/2026,
1382,26.6,gf,1.420,mm,OK,--,9:18:00 PM,2/24/2026,
1383,26.5,gf,1.415,mm,OK,--,9:18:00 PM,2/24/2026,
1384,26.7,gf,1.410,mm,OK,--,9:18:00 PM,2/24/2026,
1385,26.7,gf,1.405,mm,OK,--,9:18:00 PM,2/24/2026,
1386,26.7,gf,1.405,mm,OK,--,9:18:01 PM,2/24/2026,
1387,26.7,gf,1.400,mm,OK,--,9:18:01 PM,2/24/2026,
1388,26.7,gf,1.400,mm,OK,--,9:18:01 PM,2/24/2026,
1389,26.7,gf,1.400,mm,OK,--,9:18:01 PM,2/24/2026,
1390,26.6,gf,1.395,mm,OK,--,9:18:01 PM,2/24/2026,
1391,26.5,gf,1.395,mm,OK,--,9:18:01 PM,2/24/2026,
1392,26.5,gf,1.390,mm,OK,--,9:18:01 PM,2/24/2026,
1393,26.5,gf,1.390,mm,OK,--,9:18:01 PM,2/24/2026,
1394,26.8,gf,1.385,mm,OK,--,9:18:01 PM,2/24/2026,
1395,27.0,gf,1.380,mm,OK,--,9:18:01 PM,2/24/2026,
1396,26.8,gf,1.380,mm,OK,--,9:18:02 PM,2/24/2026,
1397,26.7,gf,1.375,mm,OK,--,9:18:02 PM,2/24/2026,
1398,27.0,gf,1.370,mm,OK,--,9:18:02 PM,2/24/2026,
1399,27.3,gf,1.365,mm,OK,--,9:18:02 PM,2/24/2026,
1400,27.5,gf,1.360,mm,OK,--,9:18:02 PM,2/24/2026,
1401,27.6,gf,1.350,mm,OK,--,9:18:02 PM,2/24/2026,
1402,27.6,gf,1.345,mm,OK,--,9:18:02 PM,2/24/2026,
1403,27.8,gf,1.335,mm,OK,--,9:18:02 PM,2/24/2026,
1404,27.9,gf,1.330,mm,OK,--,9:18:02 PM,2/24/2026,
1405,27.9,gf,1.325,mm,OK,--,9:18:02 PM,2/24/2026,
1406,27.9,gf,1.320,mm,OK,--,9:18:03 PM,2/24/2026,
1407,28.1,gf,1.315,mm,OK,--,9:18:03 PM,2/24/2026,
1408,28.1,gf,1.310,mm,OK,--,9:18:03 PM,2/24/2026,
1409,28.1,gf,1.300,mm,OK,--,9:18:03 PM,2/24/2026,
1410,28.2,gf,1.295,mm,OK,--,9:18:03 PM,2/24/2026,
1411,28.2,gf,1.290,mm,OK,--,9:18:03 PM,2/24/2026,
1412,28.3,gf,1.280,mm,OK,--,9:18:03 PM,2/24/2026,
1413,28.3,gf,1.275,mm,OK,--,9:18:03 PM,2/24/2026,
1414,28.3,gf,1.270,mm,OK,--,9:18:03 PM,2/24/2026,
1415,28.5,gf,1.260,mm,OK,--,9:18:03 PM,2/24/2026,
1416,28.7,gf,1.250,mm,OK,--,9:18:04 PM,2/24/2026,
1417,28.9,gf,1.240,mm,OK,--,9:18:04 PM,2/24/2026,
1418,29.0,gf,1.230,mm,OK,--,9:18:04 PM,2/24/2026,
1419,29.2,gf,1.225,mm,OK,--,9:18:04 PM,2/24/2026,
1420,29.3,gf,1.215,mm,OK,--,9:18:04 PM,2/24/2026,
1421,29.6,gf,1.210,mm,OK,--,9:18:04 PM,2/24/2026,
1422,29.7,gf,1.200,mm,OK,--,9:18:04 PM,2/24/2026,
1423,29.8,gf,1.195,mm,OK,--,9:18:04 PM,2/24/2026,
1424,30.0,gf,1.185,mm,OK,--,9:18:04 PM,2/24/2026,
1425,30.1,gf,1.180,mm,OK,--,9:18:04 PM,2/24/2026,
1426,30.1,gf,1.175,mm,OK,--,9:18:05 PM,2/24/2026,
1427,30.3,gf,1.165,mm,OK,--,9:18:05 PM,2/24/2026,
1428,30.4,gf,1.160,mm,OK,--,9:18:05 PM,2/24/2026,
1429,30.4,gf,1.155,mm,OK,--,9:18:05 PM,2/24/2026,
1430,30.5,gf,1.150,mm,OK,--,9:18:05 PM,2/24/2026,
1431,30.6,gf,1.145,mm,OK,--,9:18:05 PM,2/24/2026,
1432,30.7,gf,1.140,mm,OK,--,9:18:05 PM,2/24/2026,
1433,30.7,gf,1.135,mm,OK,--,9:18:05 PM,2/24/2026,
1434,30.6,gf,1.135,mm,OK,--,9:18:05 PM,2/24/2026,
1435,30.5,gf,1.130,mm,OK,--,9:18:05 PM,2/24/2026,
1436,30.6,gf,1.125,mm,OK,--,9:18:06 PM,2/24/2026,
1437,30.7,gf,1.115,mm,OK,--,9:18:06 PM,2/24/2026,
1438,30.9,gf,1.110,mm,OK,--,9:18:06 PM,2/24/2026,
1439,31.1,gf,1.100,mm,OK,--,9:18:06 PM,2/24/2026,
1440,31.2,gf,1.095,mm,OK,--,9:18:06 PM,2/24/2026,
1441,31.3,gf,1.090,mm,OK,--,9:18:06 PM,2/24/2026,
1442,31.3,gf,1.085,mm,OK,--,9:18:06 PM,2/24/2026,
1443,31.5,gf,1.075,mm,OK,--,9:18:06 PM,2/24/2026,
1444,31.6,gf,1.070,mm,OK,--,9:18:06 PM,2/24/2026,
1445,31.7,gf,1.065,mm,OK,--,9:18:06 PM,2/24/2026,
1446,31.9,gf,1.060,mm,OK,--,9:18:07 PM,2/24/2026,
1447,31.9,gf,1.055,mm,OK,--,9:18:07 PM,2/24/2026,
1448,31.8,gf,1.055,mm,OK,--,9:18:07 PM,2/24/2026,
1449,31.8,gf,1.045,mm,OK,--,9:18:07 PM,2/24/2026,
1450,32.1,gf,1.040,mm,OK,--,9:18:07 PM,2/24/2026,
1451,32.2,gf,1.035,mm,OK,--,9:18:07 PM,2/24/2026,
1452,32.4,gf,1.025,mm,OK,--,9:18:07 PM,2/24/2026,
1453,32.5,gf,1.020,mm,OK,--,9:18:07 PM,2/24/2026,
1454,32.5,gf,1.015,mm,OK,--,9:18:07 PM,2/24/2026,
1455,32.6,gf,1.010,mm,OK,--,9:18:07 PM,2/24/2026,
1456,32.9,gf,1.000,mm,OK,--,9:18:08 PM,2/24/2026,
1457,33.1,gf,1.000,mm,OK,--,9:18:08 PM,2/24/2026,
1458,33.0,gf,0.995,mm,OK,--,9:18:08 PM,2/24/2026,
1459,33.1,gf,0.985,mm,OK,--,9:18:08 PM,2/24/2026,
1460,33.2,gf,0.980,mm,OK,--,9:18:08 PM,2/24/2026,
1461,33.2,gf,0.975,mm,OK,--,9:18:08 PM,2/24/2026,
1462,33.3,gf,0.970,mm,OK,--,9:18:08 PM,2/24/2026,
1463,33.4,gf,0.965,mm,OK,--,9:18:08 PM,2/24/2026,
1464,33.6,gf,0.960,mm,OK,--,9:18:08 PM,2/24/2026,
1465,33.7,gf,0.955,mm,OK,--,9:18:08 PM,2/24/2026,
1466,33.9,gf,0.950,mm,OK,--,9:18:09 PM,2/24/2026,
1467,34.1,gf,0.940,mm,OK,--,9:18:09 PM,2/24/2026,
1468,34.4,gf,0.930,mm,OK,--,9:18:09 PM,2/24/2026,
1469,34.6,gf,0.920,mm,OK,--,9:18:09 PM,2/24/2026,
1470,34.9,gf,0.910,mm,OK,--,9:18:09 PM,2/24/2026,
1471,35.1,gf,0.900,mm,OK,--,9:18:09 PM,2/24/2026,
1472,35.2,gf,0.895,mm,OK,--,9:18:09 PM,2/24/2026,
1473,35.3,gf,0.885,mm,OK,--,9:18:09 PM,2/24/2026,
1474,35.4,gf,0.880,mm,OK,--,9:18:09 PM,2/24/2026,
1475,35.5,gf,0.875,mm,OK,--,9:18:09 PM,2/24/2026,
1476,35.7,gf,0.870,mm,OK,--,9:18:10 PM,2/24/2026,
1477,36.0,gf,0.865,mm,OK,--,9:18:10 PM,2/24/2026,
1478,35.9,gf,0.860,mm,OK,--,9:18:10 PM,2/24/2026,
1479,35.8,gf,0.855,mm,OK,--,9:18:10 PM,2/24/2026,
1480,35.9,gf,0.850,mm,OK,--,9:18:10 PM,2/24/2026,
1481,36.4,gf,0.840,mm,OK,--,9:18:10 PM,2/24/2026,
1482,36.5,gf,0.835,mm,OK,--,9:18:10 PM,2/24/2026,
1483,36.6,gf,0.835,mm,OK,--,9:18:10 PM,2/24/2026,
1484,36.7,gf,0.830,mm,OK,--,9:18:10 PM,2/24/2026,
1485,36.8,gf,0.825,mm,OK,--,9:18:10 PM,2/24/2026,
1486,36.7,gf,0.820,mm,OK,--,9:18:11 PM,2/24/2026,
1487,36.9,gf,0.810,mm,OK,--,9:18:11 PM,2/24/2026,
1488,37.6,gf,0.805,mm,OK,--,9:18:11 PM,2/24/2026,
1489,37.6,gf,0.795,mm,OK,--,9:18:11 PM,2/24/2026,
1490,38.1,gf,0.785,mm,OK,--,9:18:11 PM,2/24/2026,
1491,38.3,gf,0.780,mm,OK,--,9:18:11 PM,2/24/2026,
1492,38.3,gf,0.775,mm,OK,--,9:18:11 PM,2/24/2026,
1493,38.3,gf,0.775,mm,OK,--,9:18:11 PM,2/24/2026,
1494,38.4,gf,0.770,mm,OK,--,9:18:11 PM,2/24/2026,
1495,38.3,gf,0.765,mm,OK,--,9:18:11 PM,2/24/2026,
1496,38.3,gf,0.765,mm,OK,--,9:18:12 PM,2/24/2026,
1497,38.3,gf,0.760,mm,OK,--,9:18:12 PM,2/24/2026,
1498,38.5,gf,0.760,mm,OK,--,9:18:12 PM,2/24/2026,
1499,38.5,gf,0.755,mm,OK,--,9:18:12 PM,2/24/2026,
1500,38.4,gf,0.750,mm,OK,--,9:18:12 PM,2/24/2026,
1501,38.5,gf,0.750,mm,OK,--,9:18:12 PM,2/24/2026,
1502,38.6,gf,0.740,mm,OK,--,9:18:12 PM,2/24/2026,
1503,38.8,gf,0.740,mm,OK,--,9:18:12 PM,2/24/2026,
1504,38.9,gf,0.735,mm,OK,--,9:18:12 PM,2/24/2026,
1505,39.0,gf,0.730,mm,OK,--,9:18:12 PM,2/24/2026,
1506,39.0,gf,0.730,mm,OK,--,9:18:13 PM,2/24/2026,
1507,38.9,gf,0.725,mm,OK,--,9:18:13 PM,2/24/2026,
1508,39.0,gf,0.720,mm,OK,--,9:18:13 PM,2/24/2026,
1509,38.9,gf,0.715,mm,OK,--,9:18:13 PM,2/24/2026,
1510,39.4,gf,0.705,mm,OK,--,9:18:13 PM,2/24/2026,
1511,39.6,gf,0.700,mm,OK,--,9:18:13 PM,2/24/2026,
1512,39.6,gf,0.695,mm,OK,--,9:18:13 PM,2/24/2026,
1513,39.8,gf,0.685,mm,OK,--,9:18:13 PM,2/24/2026,
1514,40.0,gf,0.680,mm,OK,--,9:18:13 PM,2/24/2026,
1515,40.1,gf,0.675,mm,OK,--,9:18:13 PM,2/24/2026,
1516,40.4,gf,0.670,mm,OK,--,9:18:14 PM,2/24/2026,
1517,40.4,gf,0.665,mm,OK,--,9:18:14 PM,2/24/2026,
1518,40.4,gf,0.660,mm,OK,--,9:18:14 PM,2/24/2026,
1519,40.5,gf,0.655,mm,OK,--,9:18:14 PM,2/24/2026,
1520,40.6,gf,0.650,mm,OK,--,9:18:14 PM,2/24/2026,
1521,40.6,gf,0.645,mm,OK,--,9:18:14 PM,2/24/2026,
1522,40.7,gf,0.640,mm,OK,--,9:18:14 PM,2/24/2026,
1523,40.9,gf,0.635,mm,OK,--,9:18:14 PM,2/24/2026,
1524,41.0,gf,0.630,mm,OK,--,9:18:14 PM,2/24/2026,
1525,41.1,gf,0.630,mm,OK,--,9:18:14 PM,2/24/2026,
1526,41.0,gf,0.630,mm,OK,--,9:18:15 PM,2/24/2026,
1527,40.9,gf,0.625,mm,OK,--,9:18:15 PM,2/24/2026,
1528,41.0,gf,0.620,mm,OK,--,9:18:15 PM,2/24/2026,
1529,41.1,gf,0.620,mm,OK,--,9:18:15 PM,2/24/2026,
1530,41.2,gf,0.615,mm,OK,--,9:18:15 PM,2/24/2026,
1531,41.2,gf,0.615,mm,OK,--,9:18:15 PM,2/24/2026,
1532,41.3,gf,0.610,mm,OK,--,9:18:15 PM,2/24/2026,
1533,41.4,gf,0.610,mm,OK,--,9:18:15 PM,2/24/2026,
1534,41.5,gf,0.610,mm,OK,--,9:18:15 PM,2/24/2026,
1535,41.6,gf,0.610,mm,OK,--,9:18:15 PM,2/24/2026,
1536,41.6,gf,0.605,mm,OK,--,9:18:16 PM,2/24/2026,
1537,41.5,gf,0.605,mm,OK,--,9:18:16 PM,2/24/2026,
1538,41.4,gf,0.600,mm,OK,--,9:18:16 PM,2/24/2026,
1539,41.5,gf,0.600,mm,OK,--,9:18:16 PM,2/24/2026,
1540,41.8,gf,0.595,mm,OK,--,9:18:16 PM,2/24/2026,
1541,41.9,gf,0.595,mm,OK,--,9:18:16 PM,2/24/2026,
1542,42.1,gf,0.595,mm,OK,--,9:18:16 PM,2/24/2026,
1543,42.5,gf,0.595,mm,OK,--,9:18:16 PM,2/24/2026,
1544,42.5,gf,0.595,mm,OK,--,9:18:16 PM,2/24/2026,
1545,42.5,gf,0.595,mm,OK,--,9:18:16 PM,2/24/2026,
1546,42.4,gf,0.595,mm,OK,--,9:18:17 PM,2/24/2026,
1547,42.3,gf,0.595,mm,OK,--,9:18:17 PM,2/24/2026,
1548,42.2,gf,0.595,mm,OK,--,9:18:17 PM,2/24/2026,
1549,42.0,gf,0.595,mm,OK,--,9:18:17 PM,2/24/2026,
1550,41.9,gf,0.595,mm,OK,--,9:18:17 PM,2/24/2026,
1551,41.8,gf,0.590,mm,OK,--,9:18:17 PM,2/24/2026,
1552,41.8,gf,0.590,mm,OK,--,9:18:17 PM,2/24/2026,
1553,41.6,gf,0.590,mm,OK,--,9:18:17 PM,2/24/2026,
1554,41.6,gf,0.585,mm,OK,--,9:18:17 PM,2/24/2026,
1555,41.8,gf,0.585,mm,OK,--,9:18:17 PM,2/24/2026,
1556,42.0,gf,0.580,mm,OK,--,9:18:18 PM,2/24/2026,
1557,42.1,gf,0.580,mm,OK,--,9:18:18 PM,2/24/2026,
1558,42.2,gf,0.575,mm,OK,--,9:18:18 PM,2/24/2026,
1559,42.3,gf,0.570,mm,OK,--,9:18:18 PM,2/24/2026,
1560,42.3,gf,0.570,mm,OK,--,9:18:18 PM,2/24/2026,
1561,42.4,gf,0.565,mm,OK,--,9:18:18 PM,2/24/2026,
1562,42.5,gf,0.565,mm,OK,--,9:18:18 PM,2/24/2026,
1563,42.5,gf,0.560,mm,OK,--,9:18:18 PM,2/24/2026,
1564,42.6,gf,0.560,mm,OK,--,9:18:18 PM,2/24/2026,
1565,42.5,gf,0.555,mm,OK,--,9:18:18 PM,2/24/2026,
1566,42.6,gf,0.550,mm,OK,--,9:18:19 PM,2/24/2026,
1567,42.8,gf,0.545,mm,OK,--,9:18:19 PM,2/24/2026,
1568,42.9,gf,0.540,mm,OK,--,9:18:19 PM,2/24/2026,
1569,43.1,gf,0.540,mm,OK,--,9:18:19 PM,2/24/2026,
1570,43.1,gf,0.535,mm,OK,--,9:18:19 PM,2/24/2026,
1571,43.3,gf,0.530,mm,OK,--,9:18:19 PM,2/24/2026,
1572,43.4,gf,0.525,mm,OK,--,9:18:19 PM,2/24/2026,
1573,43.5,gf,0.525,mm,OK,--,9:18:19 PM,2/24/2026,
1574,43.6,gf,0.520,mm,OK,--,9:18:19 PM,2/24/2026,
1575,43.6,gf,0.520,mm,OK,--,9:18:19 PM,2/24/2026,
1576,43.7,gf,0.515,mm,OK,--,9:18:20 PM,2/24/2026,
1577,43.8,gf,0.515,mm,OK,--,9:18:20 PM,2/24/2026,
1578,43.8,gf,0.515,mm,OK,--,9:18:20 PM,2/24/2026,
1579,43.8,gf,0.510,mm,OK,--,9:18:20 PM,2/24/2026,
1580,43.8,gf,0.510,mm,OK,--,9:18:20 PM,2/24/2026,
1581,43.6,gf,0.510,mm,OK,--,9:18:20 PM,2/24/2026,
1582,43.4,gf,0.505,mm,OK,--,9:18:20 PM,2/24/2026,
1583,43.7,gf,0.500,mm,OK,--,9:18:20 PM,2/24/2026,
1584,43.7,gf,0.490,mm,OK,--,9:18:20 PM,2/24/2026,
1585,44.0,gf,0.480,mm,OK,--,9:18:20 PM,2/24/2026,
1586,44.2,gf,0.475,mm,OK,--,9:18:21 PM,2/24/2026,
1587,44.4,gf,0.465,mm,OK,--,9:18:21 PM,2/24/2026,
1588,44.6,gf,0.460,mm,OK,--,9:18:21 PM,2/24/2026,
1589,44.7,gf,0.455,mm,OK,--,9:18:21 PM,2/24/2026,
1590,44.8,gf,0.450,mm,OK,--,9:18:21 PM,2/24/2026,
1591,44.9,gf,0.445,mm,OK,--,9:18:21 PM,2/24/2026,
1592,44.7,gf,0.440,mm,OK,--,9:18:21 PM,2/24/2026,
1593,44.9,gf,0.435,mm,OK,--,9:18:21 PM,2/24/2026,
1594,45.1,gf,0.430,mm,OK,--,9:18:21 PM,2/24/2026,
1595,45.2,gf,0.425,mm,OK,--,9:18:21 PM,2/24/2026,
1596,45.2,gf,0.420,mm,OK,--,9:18:22 PM,2/24/2026,
1597,45.2,gf,0.415,mm,OK,--,9:18:22 PM,2/24/2026,
1598,45.5,gf,0.410,mm,OK,--,9:18:22 PM,2/24/2026,
1599,45.5,gf,0.400,mm,OK,--,9:18:22 PM,2/24/2026,
1600,45.8,gf,0.395,mm,OK,--,9:18:22 PM,2/24/2026,
1601,46.0,gf,0.390,mm,OK,--,9:18:22 PM,2/24/2026,
1602,46.1,gf,0.380,mm,OK,--,9:18:22 PM,2/24/2026,
1603,46.1,gf,0.375,mm,OK,--,9:18:22 PM,2/24/2026,
1604,46.4,gf,0.365,mm,OK,--,9:18:22 PM,2/24/2026,
1605,46.5,gf,0.360,mm,OK,--,9:18:22 PM,2/24/2026,
1606,46.6,gf,0.355,mm,OK,--,9:18:23 PM,2/24/2026,
1607,46.6,gf,0.345,mm,OK,--,9:18:23 PM,2/24/2026,
1608,46.8,gf,0.340,mm,OK,--,9:18:23 PM,2/24/2026,
1609,46.9,gf,0.335,mm,OK,--,9:18:23 PM,2/24/2026,
1610,46.8,gf,0.330,mm,OK,--,9:18:23 PM,2/24/2026,
1611,46.9,gf,0.325,mm,OK,--,9:18:23 PM,2/24/2026,
1612,46.9,gf,0.320,mm,OK,--,9:18:23 PM,2/24/2026,
1613,46.9,gf,0.315,mm,OK,--,9:18:23 PM,2/24/2026,
1614,47.0,gf,0.305,mm,OK,--,9:18:23 PM,2/24/2026,
1615,47.1,gf,0.300,mm,OK,--,9:18:23 PM,2/24/2026,
1616,47.1,gf,0.295,mm,OK,--,9:18:24 PM,2/24/2026,
1617,47.1,gf,0.290,mm,OK,--,9:18:24 PM,2/24/2026,
1618,47.2,gf,0.285,mm,OK,--,9:18:24 PM,2/24/2026,
1619,47.1,gf,0.280,mm,OK,--,9:18:24 PM,2/24/2026,
1620,47.1,gf,0.270,mm,OK,--,9:18:24 PM,2/24/2026,
1621,47.1,gf,0.265,mm,OK,--,9:18:24 PM,2/24/2026,
1622,47.1,gf,0.260,mm,OK,--,9:18:24 PM,2/24/2026,
1623,47.1,gf,0.260,mm,OK,--,9:18:24 PM,2/24/2026,
1624,47.1,gf,0.255,mm,OK,--,9:18:24 PM,2/24/2026,
1625,46.9,gf,0.250,mm,OK,--,9:18:24 PM,2/24/2026,
1626,46.9,gf,0.250,mm,OK,--,9:18:25 PM,2/24/2026,
1627,46.8,gf,0.245,mm,OK,--,9:18:25 PM,2/24/2026,
1628,46.8,gf,0.240,mm,OK,--,9:18:25 PM,2/24/2026,
1629,46.9,gf,0.235,mm,OK,--,9:18:25 PM,2/24/2026,
1630,46.8,gf,0.230,mm,OK,--,9:18:25 PM,2/24/2026,
1631,46.7,gf,0.225,mm,OK,--,9:18:25 PM,2/24/2026,
1632,46.6,gf,0.220,mm,OK,--,9:18:25 PM,2/24/2026,
1633,46.5,gf,0.215,mm,OK,--,9:18:25 PM,2/24/2026,
1634,46.5,gf,0.215,mm,OK,--,9:18:25 PM,2/24/2026,
1635,46.4,gf,0.210,mm,OK,--,9:18:25 PM,2/24/2026,
1636,46.4,gf,0.205,mm,OK,--,9:18:26 PM,2/24/2026,
1637,46.2,gf,0.205,mm,OK,--,9:18:26 PM,2/24/2026,
1638,46.1,gf,0.200,mm,OK,--,9:18:26 PM,2/24/2026,
1639,45.9,gf,0.195,mm,OK,--,9:18:26 PM,2/24/2026,
1640,45.7,gf,0.190,mm,OK,--,9:18:26 PM,2/24/2026,
1641,45.5,gf,0.185,mm,OK,--,9:18:26 PM,2/24/2026,
1642,45.3,gf,0.180,mm,OK,--,9:18:26 PM,2/24/2026,
1643,44.9,gf,0.175,mm,OK,--,9:18:26 PM,2/24/2026,
1644,44.5,gf,0.170,mm,OK,--,9:18:26 PM,2/24/2026,
1645,44.0,gf,0.165,mm,OK,--,9:18:26 PM,2/24/2026,
1646,43.7,gf,0.160,mm,OK,--,9:18:27 PM,2/24/2026,
1647,43.2,gf,0.155,mm,OK,--,9:18:27 PM,2/24/2026,
1648,42.8,gf,0.150,mm,OK,--,9:18:27 PM,2/24/2026,
1649,42.4,gf,0.150,mm,OK,--,9:18:27 PM,2/24/2026,
1650,42.0,gf,0.145,mm,OK,--,9:18:27 PM,2/24/2026,
1651,41.6,gf,0.140,mm,OK,--,9:18:27 PM,2/24/2026,
1652,41.3,gf,0.135,mm,OK,--,9:18:27 PM,2/24/2026,
1653,41.0,gf,0.130,mm,OK,--,9:18:27 PM,2/24/2026,
1654,40.5,gf,0.125,mm,OK,--,9:18:27 PM,2/24/2026,
1655,39.8,gf,0.120,mm,OK,--,9:18:27 PM,2/24/2026,
1656,38.9,gf,0.115,mm,OK,--,9:18:28 PM,2/24/2026,
1657,37.9,gf,0.110,mm,OK,--,9:18:28 PM,2/24/2026,
1658,36.8,gf,0.100,mm,OK,--,9:18:28 PM,2/24/2026,
1659,36.0,gf,0.100,mm,OK,--,9:18:28 PM,2/24/2026,
1660,35.5,gf,0.095,mm,OK,--,9:18:28 PM,2/24/2026,
1661,35.1,gf,0.090,mm,OK,--,9:18:28 PM,2/24/2026,
1662,34.9,gf,0.090,mm,OK,--,9:18:28 PM,2/24/2026,
1663,34.8,gf,0.085,mm,OK,--,9:18:28 PM,2/24/2026,
1664,34.7,gf,0.085,mm,OK,--,9:18:28 PM,2/24/2026,
1665,34.7,gf,0.085,mm,OK,--,9:18:28 PM,2/24/2026,
1666,34.6,gf,0.085,mm,OK,--,9:18:29 PM,2/24/2026,
1667,34.4,gf,0.085,mm,OK,--,9:18:29 PM,2/24/2026,
1668,34.2,gf,0.080,mm,OK,--,9:18:29 PM,2/24/2026,
1669,33.7,gf,0.080,mm,OK,--,9:18:29 PM,2/24/2026,
1670,33.1,gf,0.080,mm,OK,--,9:18:29 PM,2/24/2026,
1671,31.9,gf,0.075,mm,OK,--,9:18:29 PM,2/24/2026,
1672,30.2,gf,0.070,mm,OK,--,9:18:29 PM,2/24/2026,
1673,28.4,gf,0.065,mm,OK,--,9:18:29 PM,2/24/2026,
1674,27.0,gf,0.065,mm,OK,--,9:18:29 PM,2/24/2026,
1675,25.5,gf,0.065,mm,OK,--,9:18:29 PM,2/24/2026,
1676,19.4,gf,0.055,mm,OK,--,9:18:30 PM,2/24/2026,
1677,10.4,gf,0.045,mm,OK,--,9:18:30 PM,2/24/2026,
1678,-0.2,gf,0.035,mm,OK,--,9:18:30 PM,2/24/2026,
1679,0.0,gf,0.020,mm,OK,--,9:18:30 PM,2/24/2026,
1680,0.1,gf,0.010,mm,OK,--,9:18:30 PM,2/24/2026,
1681,0.1,gf,0.000,mm,OK,--,9:18:30 PM,2/24/2026,
1682,0.1,gf,-0.015,mm,OK,--,9:18:30 PM,2/24/2026,
1683,0.0,gf,-0.030,mm,OK,--,9:18:30 PM,2/24/2026,
1684,-0.1,gf,-0.035,mm,OK,--,9:18:30 PM,2/24/2026,
1685,0.0,gf,-0.040,mm,OK,--,9:18:30 PM,2/24/2026,
1686,0.1,gf,-0.040,mm,OK,--,9:18:31 PM,2/24/2026,
1687,0.0,gf,-0.040,mm,OK,--,9:18:31 PM,2/24/2026,
1688,0.0,gf,-0.040,mm,OK,--,9:18:31 PM,2/24/2026,
1689,0.0,gf,-0.040,mm,OK,--,9:18:31 PM,2/24/2026,
1690,0.0,gf,-0.040,mm,OK,--,9:18:31 PM,2/24/2026,
1691,0.0,gf,-0.040,mm,OK,--,9:18:31 PM,2/24/2026,
1692,0.0,gf,-0.040,mm,OK,--,9:18:31 PM,2/24/2026,
1693,-0.1,gf,-0.040,mm,OK,--,9:18:31 PM,2/24/2026,
1694,0.1,gf,-0.035,mm,OK,--,9:18:31 PM,2/24/2026,
1695,0.1,gf,-0.035,mm,OK,--,9:18:31 PM,2/24/2026,
1696,0.1,gf,-0.030,mm,OK,--,9:18:32 PM,2/24/2026,
1697,0.0,gf,-0.030,mm,OK,--,9:18:32 PM,2/24/2026,
1698,-0.1,gf,-0.025,mm,OK,--,9:18:32 PM,2/24/2026,
1699,0.0,gf,-0.025,mm,OK,--,9:18:32 PM,2/24/2026,
1700,0.0,gf,-0.025,mm,OK,--,9:18:32 PM,2/24/2026,
1701,-0.1,gf,-0.020,mm,OK,--,9:18:32 PM,2/24/2026,
1702,0.0,gf,-0.020,mm,OK,--,9:18:32 PM,2/24/2026,
1703,0.0,gf,-0.020,mm,OK,--,9:18:32 PM,2/24/2026,
1704,0.0,gf,-0.020,mm,OK,--,9:18:32 PM,2/24/2026,
1705,0.1,gf,-0.015,mm,OK,--,9:18:32 PM,2/24/2026,
1706,0.0,gf,-0.015,mm,OK,--,9:18:33 PM,2/24/2026,
1707,0.0,gf,-0.015,mm,OK,--,9:18:33 PM,2/24/2026,
1708,0.0,gf,-0.010,mm,OK,--,9:18:33 PM,2/24/2026,
1709,0.0,gf,-0.010,mm,OK,--,9:18:33 PM,2/24/2026,
1710,0.0,gf,-0.010,mm,OK,--,9:18:33 PM,2/24/2026,
1711,0.0,gf,-0.010,mm,OK,--,9:18:33 PM,2/24/2026,
1712,0.0,gf,-0.005,mm,OK,--,9:18:33 PM,2/24/2026,
