Maximum,195.1,@,No.897,,,,,,
Minimum,-0.5,@,No.1836,,,,,,
Average,49.65,,,,,,,,
Data Quantity,1852,,,,,,,,
Number of NG,0,,,,,,,,
No.,Force,Unit,Displacement,Unit,Judge,Position,Time,Date,
1,0.0,gf,0.000,mm,OK,--,6:47:12 PM,1/25/2026,
2,0.1,gf,0.000,mm,OK,--,6:47:12 PM,1/25/2026,
3,-0.3,gf,0.000,mm,OK,--,6:47:12 PM,1/25/2026,
4,-0.1,gf,0.000,mm,OK,--,6:47:12 PM,1/25/2026,
5,1.4,gf,0.000,mm,OK,--,6:47:12 PM,1/25/2026,
6,0.5,gf,0.000,mm,OK,--,6:47:12 PM,1/25/2026,
7,-0.2,gf,0.000,mm,OK,--,6:47:13 PM,1/25/2026,
8,-0.1,gf,0.005,mm,OK,--,6:47:13 PM,1/25/2026,
9,-0.1,gf,0.005,mm,OK,--,6:47:13 PM,1/25/2026,
10,0.0,gf,0.010,mm,OK,--,6:47:13 PM,1/25/2026,
11,0.0,gf,0.010,mm,OK,--,6:47:13 PM,1/25/2026,
12,0.0,gf,0.015,mm,OK,--,6:47:13 PM,1/25/2026,
13,0.0,gf,0.015,mm,OK,--,6:47:13 PM,1/25/2026,
14,0.0,gf,0.020,mm,OK,--,6:47:13 PM,1/25/2026,
15,0.0,gf,0.020,mm,OK,--,6:47:13 PM,1/25/2026,
16,0.0,gf,0.025,mm,OK,--,6:47:13 PM,1/25/2026,
17,0.0,gf,0.025,mm,OK,--,6:47:14 PM,1/25/2026,
18,0.0,gf,0.030,mm,OK,--,6:47:14 PM,1/25/2026,
19,0.0,gf,0.030,mm,OK,--,6:47:14 PM,1/25/2026,
20,0.0,gf,0.035,mm,OK,--,6:47:14 PM,1/25/2026,
21,0.0,gf,0.035,mm,OK,--,6:47:14 PM,1/25/2026,
22,0.1,gf,0.040,mm,OK,--,6:47:14 PM,1/25/2026,
23,1.9,gf,0.045,mm,OK,--,6:47:14 PM,1/25/2026,
24,3.3,gf,0.045,mm,OK,--,6:47:14 PM,1/25/2026,
25,4.0,gf,0.045,mm,OK,--,6:47:14 PM,1/25/2026,
26,4.3,gf,0.045,mm,OK,--,6:47:14 PM,1/25/2026,
27,4.9,gf,0.045,mm,OK,--,6:47:15 PM,1/25/2026,
28,5.4,gf,0.045,mm,OK,--,6:47:15 PM,1/25/2026,
29,5.9,gf,0.045,mm,OK,--,6:47:15 PM,1/25/2026,
30,6.3,gf,0.050,mm,OK,--,6:47:15 PM,1/25/2026,
31,7.0,gf,0.050,mm,OK,--,6:47:15 PM,1/25/2026,
32,7.7,gf,0.050,mm,OK,--,6:47:15 PM,1/25/2026,
33,7.9,gf,0.050,mm,OK,--,6:47:15 PM,1/25/2026,
34,7.9,gf,0.050,mm,OK,--,6:47:15 PM,1/25/2026,
35,7.9,gf,0.050,mm,OK,--,6:47:15 PM,1/25/2026,
36,8.1,gf,0.050,mm,OK,--,6:47:15 PM,1/25/2026,
37,8.6,gf,0.050,mm,OK,--,6:47:16 PM,1/25/2026,
38,8.7,gf,0.050,mm,OK,--,6:47:16 PM,1/25/2026,
39,8.9,gf,0.050,mm,OK,--,6:47:16 PM,1/25/2026,
40,9.3,gf,0.050,mm,OK,--,6:47:16 PM,1/25/2026,
41,9.6,gf,0.050,mm,OK,--,6:47:16 PM,1/25/2026,
42,10.1,gf,0.050,mm,OK,--,6:47:16 PM,1/25/2026,
43,10.2,gf,0.050,mm,OK,--,6:47:16 PM,1/25/2026,
44,10.2,gf,0.050,mm,OK,--,6:47:16 PM,1/25/2026,
45,10.8,gf,0.055,mm,OK,--,6:47:16 PM,1/25/2026,
46,11.1,gf,0.055,mm,OK,--,6:47:16 PM,1/25/2026,
47,11.3,gf,0.055,mm,OK,--,6:47:17 PM,1/25/2026,
48,11.9,gf,0.055,mm,OK,--,6:47:17 PM,1/25/2026,
49,12.7,gf,0.055,mm,OK,--,6:47:17 PM,1/25/2026,
50,13.8,gf,0.055,mm,OK,--,6:47:17 PM,1/25/2026,
51,14.8,gf,0.055,mm,OK,--,6:47:17 PM,1/25/2026,
52,16.0,gf,0.060,mm,OK,--,6:47:17 PM,1/25/2026,
53,17.3,gf,0.060,mm,OK,--,6:47:17 PM,1/25/2026,
54,18.4,gf,0.060,mm,OK,--,6:47:17 PM,1/25/2026,
55,19.2,gf,0.060,mm,OK,--,6:47:17 PM,1/25/2026,
56,19.9,gf,0.065,mm,OK,--,6:47:17 PM,1/25/2026,
57,20.5,gf,0.065,mm,OK,--,6:47:18 PM,1/25/2026,
58,21.1,gf,0.065,mm,OK,--,6:47:18 PM,1/25/2026,
59,21.7,gf,0.065,mm,OK,--,6:47:18 PM,1/25/2026,
60,22.3,gf,0.065,mm,OK,--,6:47:18 PM,1/25/2026,
61,22.8,gf,0.065,mm,OK,--,6:47:18 PM,1/25/2026,
62,23.3,gf,0.065,mm,OK,--,6:47:18 PM,1/25/2026,
63,23.9,gf,0.065,mm,OK,--,6:47:18 PM,1/25/2026,
64,24.4,gf,0.070,mm,OK,--,6:47:18 PM,1/25/2026,
65,24.9,gf,0.070,mm,OK,--,6:47:18 PM,1/25/2026,
66,25.2,gf,0.070,mm,OK,--,6:47:18 PM,1/25/2026,
67,25.4,gf,0.070,mm,OK,--,6:47:19 PM,1/25/2026,
68,25.5,gf,0.070,mm,OK,--,6:47:19 PM,1/25/2026,
69,25.7,gf,0.070,mm,OK,--,6:47:19 PM,1/25/2026,
70,25.9,gf,0.070,mm,OK,--,6:47:19 PM,1/25/2026,
71,26.4,gf,0.070,mm,OK,--,6:47:19 PM,1/25/2026,
72,27.3,gf,0.070,mm,OK,--,6:47:19 PM,1/25/2026,
73,27.5,gf,0.070,mm,OK,--,6:47:19 PM,1/25/2026,
74,27.7,gf,0.070,mm,OK,--,6:47:19 PM,1/25/2026,
75,28.1,gf,0.075,mm,OK,--,6:47:19 PM,1/25/2026,
76,28.3,gf,0.075,mm,OK,--,6:47:19 PM,1/25/2026,
77,28.7,gf,0.075,mm,OK,--,6:47:20 PM,1/25/2026,
78,29.0,gf,0.075,mm,OK,--,6:47:20 PM,1/25/2026,
79,29.4,gf,0.075,mm,OK,--,6:47:20 PM,1/25/2026,
80,29.7,gf,0.075,mm,OK,--,6:47:20 PM,1/25/2026,
81,29.7,gf,0.075,mm,OK,--,6:47:20 PM,1/25/2026,
82,29.8,gf,0.080,mm,OK,--,6:47:20 PM,1/25/2026,
83,30.3,gf,0.080,mm,OK,--,6:47:20 PM,1/25/2026,
84,29.6,gf,0.085,mm,OK,--,6:47:20 PM,1/25/2026,
85,29.2,gf,0.090,mm,OK,--,6:47:20 PM,1/25/2026,
86,29.6,gf,0.090,mm,OK,--,6:47:20 PM,1/25/2026,
87,30.1,gf,0.095,mm,OK,--,6:47:21 PM,1/25/2026,
88,30.7,gf,0.095,mm,OK,--,6:47:21 PM,1/25/2026,
89,31.3,gf,0.100,mm,OK,--,6:47:21 PM,1/25/2026,
90,32.0,gf,0.100,mm,OK,--,6:47:21 PM,1/25/2026,
91,32.5,gf,0.105,mm,OK,--,6:47:21 PM,1/25/2026,
92,33.1,gf,0.110,mm,OK,--,6:47:21 PM,1/25/2026,
93,33.4,gf,0.110,mm,OK,--,6:47:21 PM,1/25/2026,
94,33.7,gf,0.110,mm,OK,--,6:47:21 PM,1/25/2026,
95,33.9,gf,0.115,mm,OK,--,6:47:21 PM,1/25/2026,
96,34.1,gf,0.120,mm,OK,--,6:47:21 PM,1/25/2026,
97,34.3,gf,0.120,mm,OK,--,6:47:22 PM,1/25/2026,
98,35.8,gf,0.125,mm,OK,--,6:47:22 PM,1/25/2026,
99,37.0,gf,0.135,mm,OK,--,6:47:22 PM,1/25/2026,
100,37.0,gf,0.140,mm,OK,--,6:47:22 PM,1/25/2026,
101,37.1,gf,0.140,mm,OK,--,6:47:22 PM,1/25/2026,
102,37.1,gf,0.145,mm,OK,--,6:47:22 PM,1/25/2026,
103,37.1,gf,0.150,mm,OK,--,6:47:22 PM,1/25/2026,
104,37.1,gf,0.155,mm,OK,--,6:47:22 PM,1/25/2026,
105,37.1,gf,0.155,mm,OK,--,6:47:22 PM,1/25/2026,
106,37.1,gf,0.160,mm,OK,--,6:47:22 PM,1/25/2026,
107,37.1,gf,0.165,mm,OK,--,6:47:23 PM,1/25/2026,
108,37.1,gf,0.165,mm,OK,--,6:47:23 PM,1/25/2026,
109,37.1,gf,0.170,mm,OK,--,6:47:23 PM,1/25/2026,
110,37.1,gf,0.170,mm,OK,--,6:47:23 PM,1/25/2026,
111,37.1,gf,0.175,mm,OK,--,6:47:23 PM,1/25/2026,
112,37.1,gf,0.175,mm,OK,--,6:47:23 PM,1/25/2026,
113,37.2,gf,0.180,mm,OK,--,6:47:23 PM,1/25/2026,
114,37.2,gf,0.185,mm,OK,--,6:47:23 PM,1/25/2026,
115,37.2,gf,0.190,mm,OK,--,6:47:23 PM,1/25/2026,
116,37.2,gf,0.190,mm,OK,--,6:47:23 PM,1/25/2026,
117,37.3,gf,0.195,mm,OK,--,6:47:24 PM,1/25/2026,
118,37.2,gf,0.200,mm,OK,--,6:47:24 PM,1/25/2026,
119,37.3,gf,0.205,mm,OK,--,6:47:24 PM,1/25/2026,
120,37.3,gf,0.210,mm,OK,--,6:47:24 PM,1/25/2026,
121,37.3,gf,0.215,mm,OK,--,6:47:24 PM,1/25/2026,
122,37.5,gf,0.215,mm,OK,--,6:47:24 PM,1/25/2026,
123,37.3,gf,0.220,mm,OK,--,6:47:24 PM,1/25/2026,
124,37.3,gf,0.220,mm,OK,--,6:47:24 PM,1/25/2026,
125,37.3,gf,0.220,mm,OK,--,6:47:24 PM,1/25/2026,
126,37.4,gf,0.225,mm,OK,--,6:47:24 PM,1/25/2026,
127,37.5,gf,0.225,mm,OK,--,6:47:25 PM,1/25/2026,
128,37.5,gf,0.230,mm,OK,--,6:47:25 PM,1/25/2026,
129,37.4,gf,0.230,mm,OK,--,6:47:25 PM,1/25/2026,
130,37.5,gf,0.230,mm,OK,--,6:47:25 PM,1/25/2026,
131,37.5,gf,0.235,mm,OK,--,6:47:25 PM,1/25/2026,
132,37.5,gf,0.235,mm,OK,--,6:47:25 PM,1/25/2026,
133,37.5,gf,0.240,mm,OK,--,6:47:25 PM,1/25/2026,
134,37.5,gf,0.240,mm,OK,--,6:47:25 PM,1/25/2026,
135,37.5,gf,0.245,mm,OK,--,6:47:25 PM,1/25/2026,
136,37.5,gf,0.245,mm,OK,--,6:47:25 PM,1/25/2026,
137,37.6,gf,0.245,mm,OK,--,6:47:26 PM,1/25/2026,
138,37.7,gf,0.250,mm,OK,--,6:47:26 PM,1/25/2026,
139,37.6,gf,0.255,mm,OK,--,6:47:26 PM,1/25/2026,
140,37.6,gf,0.260,mm,OK,--,6:47:26 PM,1/25/2026,
141,37.6,gf,0.265,mm,OK,--,6:47:26 PM,1/25/2026,
142,37.6,gf,0.270,mm,OK,--,6:47:26 PM,1/25/2026,
143,37.7,gf,0.275,mm,OK,--,6:47:26 PM,1/25/2026,
144,37.7,gf,0.280,mm,OK,--,6:47:26 PM,1/25/2026,
145,37.7,gf,0.290,mm,OK,--,6:47:26 PM,1/25/2026,
146,37.7,gf,0.300,mm,OK,--,6:47:26 PM,1/25/2026,
147,37.8,gf,0.310,mm,OK,--,6:47:27 PM,1/25/2026,
148,37.7,gf,0.315,mm,OK,--,6:47:27 PM,1/25/2026,
149,37.8,gf,0.325,mm,OK,--,6:47:27 PM,1/25/2026,
150,37.8,gf,0.330,mm,OK,--,6:47:27 PM,1/25/2026,
151,37.8,gf,0.340,mm,OK,--,6:47:27 PM,1/25/2026,
152,37.9,gf,0.345,mm,OK,--,6:47:27 PM,1/25/2026,
153,37.8,gf,0.350,mm,OK,--,6:47:27 PM,1/25/2026,
154,37.8,gf,0.360,mm,OK,--,6:47:27 PM,1/25/2026,
155,37.7,gf,0.365,mm,OK,--,6:47:27 PM,1/25/2026,
156,37.8,gf,0.365,mm,OK,--,6:47:27 PM,1/25/2026,
157,37.9,gf,0.370,mm,OK,--,6:47:28 PM,1/25/2026,
158,37.9,gf,0.375,mm,OK,--,6:47:28 PM,1/25/2026,
159,37.9,gf,0.380,mm,OK,--,6:47:28 PM,1/25/2026,
160,37.9,gf,0.385,mm,OK,--,6:47:28 PM,1/25/2026,
161,38.0,gf,0.390,mm,OK,--,6:47:28 PM,1/25/2026,
162,37.9,gf,0.400,mm,OK,--,6:47:28 PM,1/25/2026,
163,38.0,gf,0.405,mm,OK,--,6:47:28 PM,1/25/2026,
164,37.9,gf,0.410,mm,OK,--,6:47:28 PM,1/25/2026,
165,37.9,gf,0.415,mm,OK,--,6:47:28 PM,1/25/2026,
166,37.9,gf,0.420,mm,OK,--,6:47:28 PM,1/25/2026,
167,37.9,gf,0.425,mm,OK,--,6:47:29 PM,1/25/2026,
168,37.9,gf,0.425,mm,OK,--,6:47:29 PM,1/25/2026,
169,37.9,gf,0.430,mm,OK,--,6:47:29 PM,1/25/2026,
170,37.9,gf,0.430,mm,OK,--,6:47:29 PM,1/25/2026,
171,38.0,gf,0.435,mm,OK,--,6:47:29 PM,1/25/2026,
172,38.0,gf,0.440,mm,OK,--,6:47:29 PM,1/25/2026,
173,38.0,gf,0.440,mm,OK,--,6:47:29 PM,1/25/2026,
174,38.1,gf,0.445,mm,OK,--,6:47:29 PM,1/25/2026,
175,38.1,gf,0.450,mm,OK,--,6:47:29 PM,1/25/2026,
176,38.1,gf,0.455,mm,OK,--,6:47:29 PM,1/25/2026,
177,38.1,gf,0.460,mm,OK,--,6:47:30 PM,1/25/2026,
178,38.1,gf,0.465,mm,OK,--,6:47:30 PM,1/25/2026,
179,38.2,gf,0.465,mm,OK,--,6:47:30 PM,1/25/2026,
180,38.1,gf,0.470,mm,OK,--,6:47:30 PM,1/25/2026,
181,38.3,gf,0.475,mm,OK,--,6:47:30 PM,1/25/2026,
182,38.3,gf,0.480,mm,OK,--,6:47:30 PM,1/25/2026,
183,38.3,gf,0.485,mm,OK,--,6:47:30 PM,1/25/2026,
184,38.3,gf,0.490,mm,OK,--,6:47:30 PM,1/25/2026,
185,38.3,gf,0.495,mm,OK,--,6:47:30 PM,1/25/2026,
186,38.3,gf,0.500,mm,OK,--,6:47:30 PM,1/25/2026,
187,38.3,gf,0.505,mm,OK,--,6:47:31 PM,1/25/2026,
188,38.4,gf,0.510,mm,OK,--,6:47:31 PM,1/25/2026,
189,38.4,gf,0.510,mm,OK,--,6:47:31 PM,1/25/2026,
190,38.4,gf,0.520,mm,OK,--,6:47:31 PM,1/25/2026,
191,38.4,gf,0.525,mm,OK,--,6:47:31 PM,1/25/2026,
192,38.4,gf,0.530,mm,OK,--,6:47:31 PM,1/25/2026,
193,38.4,gf,0.535,mm,OK,--,6:47:31 PM,1/25/2026,
194,38.4,gf,0.540,mm,OK,--,6:47:31 PM,1/25/2026,
195,38.5,gf,0.545,mm,OK,--,6:47:31 PM,1/25/2026,
196,38.4,gf,0.550,mm,OK,--,6:47:31 PM,1/25/2026,
197,38.5,gf,0.555,mm,OK,--,6:47:32 PM,1/25/2026,
198,38.6,gf,0.560,mm,OK,--,6:47:32 PM,1/25/2026,
199,38.6,gf,0.565,mm,OK,--,6:47:32 PM,1/25/2026,
200,38.6,gf,0.570,mm,OK,--,6:47:32 PM,1/25/2026,
201,38.5,gf,0.575,mm,OK,--,6:47:32 PM,1/25/2026,
202,38.5,gf,0.575,mm,OK,--,6:47:32 PM,1/25/2026,
203,38.6,gf,0.575,mm,OK,--,6:47:32 PM,1/25/2026,
204,38.6,gf,0.580,mm,OK,--,6:47:32 PM,1/25/2026,
205,38.6,gf,0.580,mm,OK,--,6:47:32 PM,1/25/2026,
206,38.6,gf,0.585,mm,OK,--,6:47:32 PM,1/25/2026,
207,38.6,gf,0.585,mm,OK,--,6:47:33 PM,1/25/2026,
208,38.6,gf,0.585,mm,OK,--,6:47:33 PM,1/25/2026,
209,38.7,gf,0.590,mm,OK,--,6:47:33 PM,1/25/2026,
210,38.7,gf,0.600,mm,OK,--,6:47:33 PM,1/25/2026,
211,38.6,gf,0.605,mm,OK,--,6:47:33 PM,1/25/2026,
212,38.7,gf,0.610,mm,OK,--,6:47:33 PM,1/25/2026,
213,38.7,gf,0.615,mm,OK,--,6:47:33 PM,1/25/2026,
214,38.7,gf,0.620,mm,OK,--,6:47:33 PM,1/25/2026,
215,38.8,gf,0.625,mm,OK,--,6:47:33 PM,1/25/2026,
216,38.7,gf,0.630,mm,OK,--,6:47:33 PM,1/25/2026,
217,38.8,gf,0.635,mm,OK,--,6:47:34 PM,1/25/2026,
218,38.8,gf,0.640,mm,OK,--,6:47:34 PM,1/25/2026,
219,38.8,gf,0.645,mm,OK,--,6:47:34 PM,1/25/2026,
220,38.8,gf,0.650,mm,OK,--,6:47:34 PM,1/25/2026,
221,38.6,gf,0.655,mm,OK,--,6:47:34 PM,1/25/2026,
222,38.8,gf,0.655,mm,OK,--,6:47:34 PM,1/25/2026,
223,38.8,gf,0.655,mm,OK,--,6:47:34 PM,1/25/2026,
224,38.8,gf,0.655,mm,OK,--,6:47:34 PM,1/25/2026,
225,38.9,gf,0.660,mm,OK,--,6:47:34 PM,1/25/2026,
226,39.0,gf,0.660,mm,OK,--,6:47:34 PM,1/25/2026,
227,38.9,gf,0.665,mm,OK,--,6:47:35 PM,1/25/2026,
228,38.9,gf,0.675,mm,OK,--,6:47:35 PM,1/25/2026,
229,39.0,gf,0.675,mm,OK,--,6:47:35 PM,1/25/2026,
230,39.0,gf,0.680,mm,OK,--,6:47:35 PM,1/25/2026,
231,39.0,gf,0.685,mm,OK,--,6:47:35 PM,1/25/2026,
232,39.0,gf,0.690,mm,OK,--,6:47:35 PM,1/25/2026,
233,39.0,gf,0.695,mm,OK,--,6:47:35 PM,1/25/2026,
234,39.0,gf,0.700,mm,OK,--,6:47:35 PM,1/25/2026,
235,39.1,gf,0.705,mm,OK,--,6:47:35 PM,1/25/2026,
236,39.1,gf,0.710,mm,OK,--,6:47:35 PM,1/25/2026,
237,39.1,gf,0.715,mm,OK,--,6:47:36 PM,1/25/2026,
238,39.1,gf,0.720,mm,OK,--,6:47:36 PM,1/25/2026,
239,39.1,gf,0.730,mm,OK,--,6:47:36 PM,1/25/2026,
240,39.2,gf,0.735,mm,OK,--,6:47:36 PM,1/25/2026,
241,39.1,gf,0.740,mm,OK,--,6:47:36 PM,1/25/2026,
242,39.1,gf,0.745,mm,OK,--,6:47:36 PM,1/25/2026,
243,39.1,gf,0.750,mm,OK,--,6:47:36 PM,1/25/2026,
244,39.3,gf,0.750,mm,OK,--,6:47:36 PM,1/25/2026,
245,39.3,gf,0.755,mm,OK,--,6:47:36 PM,1/25/2026,
246,39.3,gf,0.760,mm,OK,--,6:47:36 PM,1/25/2026,
247,39.2,gf,0.765,mm,OK,--,6:47:37 PM,1/25/2026,
248,39.2,gf,0.770,mm,OK,--,6:47:37 PM,1/25/2026,
249,39.3,gf,0.775,mm,OK,--,6:47:37 PM,1/25/2026,
250,39.3,gf,0.775,mm,OK,--,6:47:37 PM,1/25/2026,
251,39.3,gf,0.780,mm,OK,--,6:47:37 PM,1/25/2026,
252,39.3,gf,0.785,mm,OK,--,6:47:37 PM,1/25/2026,
253,39.3,gf,0.790,mm,OK,--,6:47:37 PM,1/25/2026,
254,39.3,gf,0.795,mm,OK,--,6:47:37 PM,1/25/2026,
255,39.3,gf,0.795,mm,OK,--,6:47:37 PM,1/25/2026,
256,39.4,gf,0.800,mm,OK,--,6:47:37 PM,1/25/2026,
257,39.4,gf,0.800,mm,OK,--,6:47:38 PM,1/25/2026,
258,39.3,gf,0.805,mm,OK,--,6:47:38 PM,1/25/2026,
259,39.4,gf,0.805,mm,OK,--,6:47:38 PM,1/25/2026,
260,39.4,gf,0.810,mm,OK,--,6:47:38 PM,1/25/2026,
261,39.4,gf,0.810,mm,OK,--,6:47:38 PM,1/25/2026,
262,39.5,gf,0.815,mm,OK,--,6:47:38 PM,1/25/2026,
263,39.5,gf,0.815,mm,OK,--,6:47:38 PM,1/25/2026,
264,39.5,gf,0.820,mm,OK,--,6:47:38 PM,1/25/2026,
265,39.5,gf,0.825,mm,OK,--,6:47:38 PM,1/25/2026,
266,39.5,gf,0.830,mm,OK,--,6:47:38 PM,1/25/2026,
267,39.6,gf,0.835,mm,OK,--,6:47:39 PM,1/25/2026,
268,39.6,gf,0.840,mm,OK,--,6:47:39 PM,1/25/2026,
269,39.5,gf,0.845,mm,OK,--,6:47:39 PM,1/25/2026,
270,39.6,gf,0.850,mm,OK,--,6:47:39 PM,1/25/2026,
271,39.6,gf,0.855,mm,OK,--,6:47:39 PM,1/25/2026,
272,39.6,gf,0.865,mm,OK,--,6:47:39 PM,1/25/2026,
273,39.6,gf,0.870,mm,OK,--,6:47:39 PM,1/25/2026,
274,39.6,gf,0.875,mm,OK,--,6:47:39 PM,1/25/2026,
275,39.6,gf,0.880,mm,OK,--,6:47:39 PM,1/25/2026,
276,39.6,gf,0.885,mm,OK,--,6:47:39 PM,1/25/2026,
277,39.6,gf,0.885,mm,OK,--,6:47:40 PM,1/25/2026,
278,39.6,gf,0.890,mm,OK,--,6:47:40 PM,1/25/2026,
279,39.6,gf,0.895,mm,OK,--,6:47:40 PM,1/25/2026,
280,39.6,gf,0.900,mm,OK,--,6:47:40 PM,1/25/2026,
281,39.6,gf,0.900,mm,OK,--,6:47:40 PM,1/25/2026,
282,39.6,gf,0.905,mm,OK,--,6:47:40 PM,1/25/2026,
283,39.6,gf,0.910,mm,OK,--,6:47:40 PM,1/25/2026,
284,39.7,gf,0.915,mm,OK,--,6:47:40 PM,1/25/2026,
285,39.7,gf,0.920,mm,OK,--,6:47:40 PM,1/25/2026,
286,39.8,gf,0.925,mm,OK,--,6:47:40 PM,1/25/2026,
287,39.8,gf,0.925,mm,OK,--,6:47:41 PM,1/25/2026,
288,39.9,gf,0.930,mm,OK,--,6:47:41 PM,1/25/2026,
289,39.9,gf,0.935,mm,OK,--,6:47:41 PM,1/25/2026,
290,39.9,gf,0.940,mm,OK,--,6:47:41 PM,1/25/2026,
291,39.8,gf,0.945,mm,OK,--,6:47:41 PM,1/25/2026,
292,39.9,gf,0.950,mm,OK,--,6:47:41 PM,1/25/2026,
293,40.0,gf,0.960,mm,OK,--,6:47:41 PM,1/25/2026,
294,39.9,gf,0.965,mm,OK,--,6:47:41 PM,1/25/2026,
295,40.0,gf,0.975,mm,OK,--,6:47:41 PM,1/25/2026,
296,40.1,gf,0.985,mm,OK,--,6:47:41 PM,1/25/2026,
297,40.0,gf,0.995,mm,OK,--,6:47:42 PM,1/25/2026,
298,40.0,gf,1.000,mm,OK,--,6:47:42 PM,1/25/2026,
299,40.0,gf,1.005,mm,OK,--,6:47:42 PM,1/25/2026,
300,40.0,gf,1.010,mm,OK,--,6:47:42 PM,1/25/2026,
301,40.0,gf,1.015,mm,OK,--,6:47:42 PM,1/25/2026,
302,40.0,gf,1.020,mm,OK,--,6:47:42 PM,1/25/2026,
303,40.0,gf,1.025,mm,OK,--,6:47:42 PM,1/25/2026,
304,40.0,gf,1.030,mm,OK,--,6:47:42 PM,1/25/2026,
305,40.0,gf,1.035,mm,OK,--,6:47:42 PM,1/25/2026,
306,40.0,gf,1.035,mm,OK,--,6:47:42 PM,1/25/2026,
307,40.0,gf,1.040,mm,OK,--,6:47:43 PM,1/25/2026,
308,40.0,gf,1.045,mm,OK,--,6:47:43 PM,1/25/2026,
309,40.0,gf,1.045,mm,OK,--,6:47:43 PM,1/25/2026,
310,40.1,gf,1.045,mm,OK,--,6:47:43 PM,1/25/2026,
311,40.1,gf,1.050,mm,OK,--,6:47:43 PM,1/25/2026,
312,40.1,gf,1.050,mm,OK,--,6:47:43 PM,1/25/2026,
313,40.2,gf,1.055,mm,OK,--,6:47:43 PM,1/25/2026,
314,40.2,gf,1.060,mm,OK,--,6:47:43 PM,1/25/2026,
315,40.2,gf,1.065,mm,OK,--,6:47:43 PM,1/25/2026,
316,40.2,gf,1.070,mm,OK,--,6:47:43 PM,1/25/2026,
317,40.2,gf,1.075,mm,OK,--,6:47:44 PM,1/25/2026,
318,40.2,gf,1.080,mm,OK,--,6:47:44 PM,1/25/2026,
319,40.3,gf,1.085,mm,OK,--,6:47:44 PM,1/25/2026,
320,40.4,gf,1.095,mm,OK,--,6:47:44 PM,1/25/2026,
321,40.3,gf,1.100,mm,OK,--,6:47:44 PM,1/25/2026,
322,40.4,gf,1.105,mm,OK,--,6:47:44 PM,1/25/2026,
323,40.4,gf,1.110,mm,OK,--,6:47:44 PM,1/25/2026,
324,40.4,gf,1.115,mm,OK,--,6:47:44 PM,1/25/2026,
325,40.4,gf,1.115,mm,OK,--,6:47:44 PM,1/25/2026,
326,40.4,gf,1.120,mm,OK,--,6:47:44 PM,1/25/2026,
327,40.5,gf,1.120,mm,OK,--,6:47:45 PM,1/25/2026,
328,40.4,gf,1.125,mm,OK,--,6:47:45 PM,1/25/2026,
329,40.4,gf,1.130,mm,OK,--,6:47:45 PM,1/25/2026,
330,40.5,gf,1.135,mm,OK,--,6:47:45 PM,1/25/2026,
331,40.5,gf,1.140,mm,OK,--,6:47:45 PM,1/25/2026,
332,40.5,gf,1.140,mm,OK,--,6:47:45 PM,1/25/2026,
333,40.5,gf,1.145,mm,OK,--,6:47:45 PM,1/25/2026,
334,40.5,gf,1.145,mm,OK,--,6:47:45 PM,1/25/2026,
335,40.6,gf,1.145,mm,OK,--,6:47:45 PM,1/25/2026,
336,40.6,gf,1.150,mm,OK,--,6:47:45 PM,1/25/2026,
337,40.6,gf,1.150,mm,OK,--,6:47:46 PM,1/25/2026,
338,40.7,gf,1.155,mm,OK,--,6:47:46 PM,1/25/2026,
339,40.6,gf,1.155,mm,OK,--,6:47:46 PM,1/25/2026,
340,40.6,gf,1.160,mm,OK,--,6:47:46 PM,1/25/2026,
341,40.5,gf,1.160,mm,OK,--,6:47:46 PM,1/25/2026,
342,40.6,gf,1.160,mm,OK,--,6:47:46 PM,1/25/2026,
343,40.6,gf,1.160,mm,OK,--,6:47:46 PM,1/25/2026,
344,40.6,gf,1.165,mm,OK,--,6:47:46 PM,1/25/2026,
345,40.6,gf,1.165,mm,OK,--,6:47:46 PM,1/25/2026,
346,40.6,gf,1.165,mm,OK,--,6:47:46 PM,1/25/2026,
347,40.6,gf,1.170,mm,OK,--,6:47:47 PM,1/25/2026,
348,40.7,gf,1.170,mm,OK,--,6:47:47 PM,1/25/2026,
349,40.8,gf,1.175,mm,OK,--,6:47:47 PM,1/25/2026,
350,40.7,gf,1.180,mm,OK,--,6:47:47 PM,1/25/2026,
351,40.8,gf,1.185,mm,OK,--,6:47:47 PM,1/25/2026,
352,40.9,gf,1.190,mm,OK,--,6:47:47 PM,1/25/2026,
353,40.9,gf,1.200,mm,OK,--,6:47:47 PM,1/25/2026,
354,41.0,gf,1.210,mm,OK,--,6:47:47 PM,1/25/2026,
355,41.0,gf,1.220,mm,OK,--,6:47:47 PM,1/25/2026,
356,41.2,gf,1.230,mm,OK,--,6:47:47 PM,1/25/2026,
357,41.4,gf,1.240,mm,OK,--,6:47:48 PM,1/25/2026,
358,41.5,gf,1.255,mm,OK,--,6:47:48 PM,1/25/2026,
359,41.6,gf,1.265,mm,OK,--,6:47:48 PM,1/25/2026,
360,41.6,gf,1.275,mm,OK,--,6:47:48 PM,1/25/2026,
361,41.7,gf,1.285,mm,OK,--,6:47:48 PM,1/25/2026,
362,41.7,gf,1.295,mm,OK,--,6:47:48 PM,1/25/2026,
363,41.7,gf,1.305,mm,OK,--,6:47:48 PM,1/25/2026,
364,41.7,gf,1.310,mm,OK,--,6:47:48 PM,1/25/2026,
365,41.8,gf,1.315,mm,OK,--,6:47:48 PM,1/25/2026,
366,41.8,gf,1.320,mm,OK,--,6:47:48 PM,1/25/2026,
367,41.8,gf,1.325,mm,OK,--,6:47:49 PM,1/25/2026,
368,41.8,gf,1.330,mm,OK,--,6:47:49 PM,1/25/2026,
369,41.8,gf,1.335,mm,OK,--,6:47:49 PM,1/25/2026,
370,41.8,gf,1.335,mm,OK,--,6:47:49 PM,1/25/2026,
371,41.8,gf,1.340,mm,OK,--,6:47:49 PM,1/25/2026,
372,41.8,gf,1.340,mm,OK,--,6:47:49 PM,1/25/2026,
373,41.8,gf,1.345,mm,OK,--,6:47:49 PM,1/25/2026,
374,41.8,gf,1.345,mm,OK,--,6:47:49 PM,1/25/2026,
375,41.8,gf,1.350,mm,OK,--,6:47:49 PM,1/25/2026,
376,41.8,gf,1.350,mm,OK,--,6:47:49 PM,1/25/2026,
377,41.8,gf,1.355,mm,OK,--,6:47:50 PM,1/25/2026,
378,41.8,gf,1.360,mm,OK,--,6:47:50 PM,1/25/2026,
379,41.8,gf,1.365,mm,OK,--,6:47:50 PM,1/25/2026,
380,41.8,gf,1.370,mm,OK,--,6:47:50 PM,1/25/2026,
381,41.9,gf,1.375,mm,OK,--,6:47:50 PM,1/25/2026,
382,41.9,gf,1.380,mm,OK,--,6:47:50 PM,1/25/2026,
383,41.9,gf,1.380,mm,OK,--,6:47:50 PM,1/25/2026,
384,41.9,gf,1.385,mm,OK,--,6:47:50 PM,1/25/2026,
385,41.9,gf,1.395,mm,OK,--,6:47:50 PM,1/25/2026,
386,41.9,gf,1.400,mm,OK,--,6:47:50 PM,1/25/2026,
387,41.9,gf,1.400,mm,OK,--,6:47:51 PM,1/25/2026,
388,41.9,gf,1.405,mm,OK,--,6:47:51 PM,1/25/2026,
389,42.0,gf,1.410,mm,OK,--,6:47:51 PM,1/25/2026,
390,42.0,gf,1.415,mm,OK,--,6:47:51 PM,1/25/2026,
391,42.0,gf,1.420,mm,OK,--,6:47:51 PM,1/25/2026,
392,42.0,gf,1.425,mm,OK,--,6:47:51 PM,1/25/2026,
393,42.0,gf,1.435,mm,OK,--,6:47:51 PM,1/25/2026,
394,42.0,gf,1.440,mm,OK,--,6:47:51 PM,1/25/2026,
395,42.1,gf,1.445,mm,OK,--,6:47:51 PM,1/25/2026,
396,42.1,gf,1.450,mm,OK,--,6:47:51 PM,1/25/2026,
397,42.1,gf,1.450,mm,OK,--,6:47:52 PM,1/25/2026,
398,42.1,gf,1.455,mm,OK,--,6:47:52 PM,1/25/2026,
399,42.1,gf,1.455,mm,OK,--,6:47:52 PM,1/25/2026,
400,42.1,gf,1.460,mm,OK,--,6:47:52 PM,1/25/2026,
401,42.1,gf,1.465,mm,OK,--,6:47:52 PM,1/25/2026,
402,42.1,gf,1.465,mm,OK,--,6:47:52 PM,1/25/2026,
403,42.1,gf,1.470,mm,OK,--,6:47:52 PM,1/25/2026,
404,42.1,gf,1.475,mm,OK,--,6:47:52 PM,1/25/2026,
405,42.1,gf,1.475,mm,OK,--,6:47:52 PM,1/25/2026,
406,42.2,gf,1.480,mm,OK,--,6:47:52 PM,1/25/2026,
407,42.2,gf,1.485,mm,OK,--,6:47:53 PM,1/25/2026,
408,42.2,gf,1.490,mm,OK,--,6:47:53 PM,1/25/2026,
409,42.2,gf,1.495,mm,OK,--,6:47:53 PM,1/25/2026,
410,42.2,gf,1.495,mm,OK,--,6:47:53 PM,1/25/2026,
411,42.2,gf,1.500,mm,OK,--,6:47:53 PM,1/25/2026,
412,42.2,gf,1.505,mm,OK,--,6:47:53 PM,1/25/2026,
413,42.2,gf,1.505,mm,OK,--,6:47:53 PM,1/25/2026,
414,42.2,gf,1.510,mm,OK,--,6:47:53 PM,1/25/2026,
415,42.2,gf,1.510,mm,OK,--,6:47:53 PM,1/25/2026,
416,42.3,gf,1.515,mm,OK,--,6:47:53 PM,1/25/2026,
417,42.3,gf,1.515,mm,OK,--,6:47:54 PM,1/25/2026,
418,42.3,gf,1.520,mm,OK,--,6:47:54 PM,1/25/2026,
419,42.3,gf,1.520,mm,OK,--,6:47:54 PM,1/25/2026,
420,42.3,gf,1.525,mm,OK,--,6:47:54 PM,1/25/2026,
421,42.3,gf,1.525,mm,OK,--,6:47:54 PM,1/25/2026,
422,42.3,gf,1.525,mm,OK,--,6:47:54 PM,1/25/2026,
423,42.3,gf,1.530,mm,OK,--,6:47:54 PM,1/25/2026,
424,42.3,gf,1.530,mm,OK,--,6:47:54 PM,1/25/2026,
425,42.3,gf,1.530,mm,OK,--,6:47:54 PM,1/25/2026,
426,42.3,gf,1.535,mm,OK,--,6:47:54 PM,1/25/2026,
427,42.3,gf,1.535,mm,OK,--,6:47:55 PM,1/25/2026,
428,42.3,gf,1.535,mm,OK,--,6:47:55 PM,1/25/2026,
429,42.3,gf,1.540,mm,OK,--,6:47:55 PM,1/25/2026,
430,42.4,gf,1.540,mm,OK,--,6:47:55 PM,1/25/2026,
431,42.4,gf,1.545,mm,OK,--,6:47:55 PM,1/25/2026,
432,42.4,gf,1.545,mm,OK,--,6:47:55 PM,1/25/2026,
433,42.4,gf,1.550,mm,OK,--,6:47:55 PM,1/25/2026,
434,42.4,gf,1.555,mm,OK,--,6:47:55 PM,1/25/2026,
435,42.4,gf,1.555,mm,OK,--,6:47:55 PM,1/25/2026,
436,42.4,gf,1.560,mm,OK,--,6:47:55 PM,1/25/2026,
437,42.5,gf,1.565,mm,OK,--,6:47:56 PM,1/25/2026,
438,42.5,gf,1.570,mm,OK,--,6:47:56 PM,1/25/2026,
439,42.5,gf,1.575,mm,OK,--,6:47:56 PM,1/25/2026,
440,42.5,gf,1.580,mm,OK,--,6:47:56 PM,1/25/2026,
441,42.5,gf,1.580,mm,OK,--,6:47:56 PM,1/25/2026,
442,42.5,gf,1.585,mm,OK,--,6:47:56 PM,1/25/2026,
443,42.6,gf,1.590,mm,OK,--,6:47:56 PM,1/25/2026,
444,42.6,gf,1.590,mm,OK,--,6:47:56 PM,1/25/2026,
445,42.6,gf,1.595,mm,OK,--,6:47:56 PM,1/25/2026,
446,42.6,gf,1.595,mm,OK,--,6:47:56 PM,1/25/2026,
447,42.6,gf,1.600,mm,OK,--,6:47:57 PM,1/25/2026,
448,42.6,gf,1.600,mm,OK,--,6:47:57 PM,1/25/2026,
449,42.6,gf,1.605,mm,OK,--,6:47:57 PM,1/25/2026,
450,42.6,gf,1.605,mm,OK,--,6:47:57 PM,1/25/2026,
451,42.6,gf,1.610,mm,OK,--,6:47:57 PM,1/25/2026,
452,42.6,gf,1.610,mm,OK,--,6:47:57 PM,1/25/2026,
453,42.6,gf,1.610,mm,OK,--,6:47:57 PM,1/25/2026,
454,42.6,gf,1.615,mm,OK,--,6:47:57 PM,1/25/2026,
455,42.7,gf,1.615,mm,OK,--,6:47:57 PM,1/25/2026,
456,42.7,gf,1.620,mm,OK,--,6:47:57 PM,1/25/2026,
457,42.7,gf,1.620,mm,OK,--,6:47:58 PM,1/25/2026,
458,42.7,gf,1.625,mm,OK,--,6:47:58 PM,1/25/2026,
459,42.7,gf,1.625,mm,OK,--,6:47:58 PM,1/25/2026,
460,42.7,gf,1.630,mm,OK,--,6:47:58 PM,1/25/2026,
461,42.7,gf,1.630,mm,OK,--,6:47:58 PM,1/25/2026,
462,42.7,gf,1.635,mm,OK,--,6:47:58 PM,1/25/2026,
463,42.7,gf,1.635,mm,OK,--,6:47:58 PM,1/25/2026,
464,42.7,gf,1.635,mm,OK,--,6:47:58 PM,1/25/2026,
465,42.7,gf,1.640,mm,OK,--,6:47:58 PM,1/25/2026,
466,42.7,gf,1.640,mm,OK,--,6:47:58 PM,1/25/2026,
467,42.7,gf,1.645,mm,OK,--,6:47:59 PM,1/25/2026,
468,42.8,gf,1.645,mm,OK,--,6:47:59 PM,1/25/2026,
469,42.8,gf,1.650,mm,OK,--,6:47:59 PM,1/25/2026,
470,42.8,gf,1.650,mm,OK,--,6:47:59 PM,1/25/2026,
471,42.8,gf,1.650,mm,OK,--,6:47:59 PM,1/25/2026,
472,42.8,gf,1.655,mm,OK,--,6:47:59 PM,1/25/2026,
473,42.8,gf,1.655,mm,OK,--,6:47:59 PM,1/25/2026,
474,42.8,gf,1.660,mm,OK,--,6:47:59 PM,1/25/2026,
475,42.8,gf,1.660,mm,OK,--,6:47:59 PM,1/25/2026,
476,42.8,gf,1.665,mm,OK,--,6:47:59 PM,1/25/2026,
477,42.8,gf,1.665,mm,OK,--,6:48:00 PM,1/25/2026,
478,42.8,gf,1.670,mm,OK,--,6:48:00 PM,1/25/2026,
479,42.8,gf,1.675,mm,OK,--,6:48:00 PM,1/25/2026,
480,42.9,gf,1.680,mm,OK,--,6:48:00 PM,1/25/2026,
481,42.9,gf,1.680,mm,OK,--,6:48:00 PM,1/25/2026,
482,42.9,gf,1.685,mm,OK,--,6:48:00 PM,1/25/2026,
483,42.9,gf,1.690,mm,OK,--,6:48:00 PM,1/25/2026,
484,43.0,gf,1.695,mm,OK,--,6:48:00 PM,1/25/2026,
485,43.0,gf,1.700,mm,OK,--,6:48:00 PM,1/25/2026,
486,43.0,gf,1.705,mm,OK,--,6:48:00 PM,1/25/2026,
487,43.0,gf,1.710,mm,OK,--,6:48:01 PM,1/25/2026,
488,43.0,gf,1.715,mm,OK,--,6:48:01 PM,1/25/2026,
489,43.0,gf,1.720,mm,OK,--,6:48:01 PM,1/25/2026,
490,43.0,gf,1.725,mm,OK,--,6:48:01 PM,1/25/2026,
491,43.0,gf,1.730,mm,OK,--,6:48:01 PM,1/25/2026,
492,43.0,gf,1.730,mm,OK,--,6:48:01 PM,1/25/2026,
493,43.0,gf,1.735,mm,OK,--,6:48:01 PM,1/25/2026,
494,43.0,gf,1.735,mm,OK,--,6:48:01 PM,1/25/2026,
495,43.0,gf,1.740,mm,OK,--,6:48:01 PM,1/25/2026,
496,43.0,gf,1.740,mm,OK,--,6:48:01 PM,1/25/2026,
497,43.0,gf,1.745,mm,OK,--,6:48:02 PM,1/25/2026,
498,43.0,gf,1.750,mm,OK,--,6:48:02 PM,1/25/2026,
499,43.0,gf,1.755,mm,OK,--,6:48:02 PM,1/25/2026,
500,43.1,gf,1.760,mm,OK,--,6:48:02 PM,1/25/2026,
501,43.1,gf,1.765,mm,OK,--,6:48:02 PM,1/25/2026,
502,43.1,gf,1.770,mm,OK,--,6:48:02 PM,1/25/2026,
503,43.1,gf,1.770,mm,OK,--,6:48:02 PM,1/25/2026,
504,43.2,gf,1.775,mm,OK,--,6:48:02 PM,1/25/2026,
505,43.2,gf,1.780,mm,OK,--,6:48:02 PM,1/25/2026,
506,43.2,gf,1.790,mm,OK,--,6:48:02 PM,1/25/2026,
507,43.2,gf,1.795,mm,OK,--,6:48:03 PM,1/25/2026,
508,43.2,gf,1.800,mm,OK,--,6:48:03 PM,1/25/2026,
509,43.4,gf,1.810,mm,OK,--,6:48:03 PM,1/25/2026,
510,43.4,gf,1.825,mm,OK,--,6:48:03 PM,1/25/2026,
511,43.4,gf,1.835,mm,OK,--,6:48:03 PM,1/25/2026,
512,43.4,gf,1.845,mm,OK,--,6:48:03 PM,1/25/2026,
513,43.5,gf,1.850,mm,OK,--,6:48:03 PM,1/25/2026,
514,43.5,gf,1.855,mm,OK,--,6:48:03 PM,1/25/2026,
515,43.5,gf,1.865,mm,OK,--,6:48:03 PM,1/25/2026,
516,43.6,gf,1.870,mm,OK,--,6:48:03 PM,1/25/2026,
517,43.6,gf,1.880,mm,OK,--,6:48:04 PM,1/25/2026,
518,43.7,gf,1.890,mm,OK,--,6:48:04 PM,1/25/2026,
519,43.7,gf,1.905,mm,OK,--,6:48:04 PM,1/25/2026,
520,43.7,gf,1.915,mm,OK,--,6:48:04 PM,1/25/2026,
521,43.8,gf,1.925,mm,OK,--,6:48:04 PM,1/25/2026,
522,43.8,gf,1.935,mm,OK,--,6:48:04 PM,1/25/2026,
523,43.8,gf,1.945,mm,OK,--,6:48:04 PM,1/25/2026,
524,43.9,gf,1.960,mm,OK,--,6:48:04 PM,1/25/2026,
525,44.0,gf,1.970,mm,OK,--,6:48:04 PM,1/25/2026,
526,44.0,gf,1.985,mm,OK,--,6:48:04 PM,1/25/2026,
527,44.0,gf,1.995,mm,OK,--,6:48:05 PM,1/25/2026,
528,44.1,gf,2.005,mm,OK,--,6:48:05 PM,1/25/2026,
529,44.1,gf,2.010,mm,OK,--,6:48:05 PM,1/25/2026,
530,44.2,gf,2.020,mm,OK,--,6:48:05 PM,1/25/2026,
531,44.2,gf,2.025,mm,OK,--,6:48:05 PM,1/25/2026,
532,44.2,gf,2.030,mm,OK,--,6:48:05 PM,1/25/2026,
533,44.2,gf,2.035,mm,OK,--,6:48:05 PM,1/25/2026,
534,44.2,gf,2.040,mm,OK,--,6:48:05 PM,1/25/2026,
535,44.3,gf,2.045,mm,OK,--,6:48:05 PM,1/25/2026,
536,44.3,gf,2.050,mm,OK,--,6:48:05 PM,1/25/2026,
537,44.3,gf,2.055,mm,OK,--,6:48:06 PM,1/25/2026,
538,44.3,gf,2.060,mm,OK,--,6:48:06 PM,1/25/2026,
539,44.3,gf,2.065,mm,OK,--,6:48:06 PM,1/25/2026,
540,44.3,gf,2.065,mm,OK,--,6:48:06 PM,1/25/2026,
541,44.3,gf,2.070,mm,OK,--,6:48:06 PM,1/25/2026,
542,44.4,gf,2.075,mm,OK,--,6:48:06 PM,1/25/2026,
543,44.4,gf,2.075,mm,OK,--,6:48:06 PM,1/25/2026,
544,44.4,gf,2.080,mm,OK,--,6:48:06 PM,1/25/2026,
545,44.4,gf,2.085,mm,OK,--,6:48:06 PM,1/25/2026,
546,44.4,gf,2.085,mm,OK,--,6:48:06 PM,1/25/2026,
547,44.4,gf,2.090,mm,OK,--,6:48:07 PM,1/25/2026,
548,44.5,gf,2.095,mm,OK,--,6:48:07 PM,1/25/2026,
549,44.5,gf,2.095,mm,OK,--,6:48:07 PM,1/25/2026,
550,44.5,gf,2.100,mm,OK,--,6:48:07 PM,1/25/2026,
551,44.6,gf,2.110,mm,OK,--,6:48:07 PM,1/25/2026,
552,44.5,gf,2.115,mm,OK,--,6:48:07 PM,1/25/2026,
553,44.6,gf,2.125,mm,OK,--,6:48:07 PM,1/25/2026,
554,44.6,gf,2.130,mm,OK,--,6:48:07 PM,1/25/2026,
555,44.6,gf,2.140,mm,OK,--,6:48:07 PM,1/25/2026,
556,44.6,gf,2.150,mm,OK,--,6:48:07 PM,1/25/2026,
557,44.7,gf,2.155,mm,OK,--,6:48:08 PM,1/25/2026,
558,44.7,gf,2.160,mm,OK,--,6:48:08 PM,1/25/2026,
559,44.7,gf,2.170,mm,OK,--,6:48:08 PM,1/25/2026,
560,44.7,gf,2.175,mm,OK,--,6:48:08 PM,1/25/2026,
561,44.8,gf,2.175,mm,OK,--,6:48:08 PM,1/25/2026,
562,44.8,gf,2.185,mm,OK,--,6:48:08 PM,1/25/2026,
563,44.8,gf,2.185,mm,OK,--,6:48:08 PM,1/25/2026,
564,44.8,gf,2.190,mm,OK,--,6:48:08 PM,1/25/2026,
565,44.8,gf,2.195,mm,OK,--,6:48:08 PM,1/25/2026,
566,44.8,gf,2.200,mm,OK,--,6:48:08 PM,1/25/2026,
567,44.8,gf,2.205,mm,OK,--,6:48:09 PM,1/25/2026,
568,44.9,gf,2.210,mm,OK,--,6:48:09 PM,1/25/2026,
569,44.9,gf,2.210,mm,OK,--,6:48:09 PM,1/25/2026,
570,44.9,gf,2.215,mm,OK,--,6:48:09 PM,1/25/2026,
571,44.9,gf,2.215,mm,OK,--,6:48:09 PM,1/25/2026,
572,44.9,gf,2.220,mm,OK,--,6:48:09 PM,1/25/2026,
573,44.9,gf,2.220,mm,OK,--,6:48:09 PM,1/25/2026,
574,44.9,gf,2.225,mm,OK,--,6:48:09 PM,1/25/2026,
575,44.9,gf,2.225,mm,OK,--,6:48:09 PM,1/25/2026,
576,45.0,gf,2.230,mm,OK,--,6:48:09 PM,1/25/2026,
577,44.9,gf,2.235,mm,OK,--,6:48:10 PM,1/25/2026,
578,44.9,gf,2.240,mm,OK,--,6:48:10 PM,1/25/2026,
579,44.9,gf,2.245,mm,OK,--,6:48:10 PM,1/25/2026,
580,44.9,gf,2.250,mm,OK,--,6:48:10 PM,1/25/2026,
581,44.9,gf,2.255,mm,OK,--,6:48:10 PM,1/25/2026,
582,44.9,gf,2.260,mm,OK,--,6:48:10 PM,1/25/2026,
583,44.9,gf,2.265,mm,OK,--,6:48:10 PM,1/25/2026,
584,44.9,gf,2.275,mm,OK,--,6:48:10 PM,1/25/2026,
585,44.9,gf,2.280,mm,OK,--,6:48:10 PM,1/25/2026,
586,45.0,gf,2.285,mm,OK,--,6:48:10 PM,1/25/2026,
587,45.0,gf,2.295,mm,OK,--,6:48:11 PM,1/25/2026,
588,45.0,gf,2.300,mm,OK,--,6:48:11 PM,1/25/2026,
589,45.0,gf,2.305,mm,OK,--,6:48:11 PM,1/25/2026,
590,45.0,gf,2.310,mm,OK,--,6:48:11 PM,1/25/2026,
591,45.1,gf,2.315,mm,OK,--,6:48:11 PM,1/25/2026,
592,45.1,gf,2.320,mm,OK,--,6:48:11 PM,1/25/2026,
593,45.1,gf,2.325,mm,OK,--,6:48:11 PM,1/25/2026,
594,45.1,gf,2.330,mm,OK,--,6:48:11 PM,1/25/2026,
595,45.1,gf,2.335,mm,OK,--,6:48:11 PM,1/25/2026,
596,45.1,gf,2.335,mm,OK,--,6:48:11 PM,1/25/2026,
597,45.1,gf,2.340,mm,OK,--,6:48:12 PM,1/25/2026,
598,45.1,gf,2.340,mm,OK,--,6:48:12 PM,1/25/2026,
599,45.2,gf,2.345,mm,OK,--,6:48:12 PM,1/25/2026,
600,45.2,gf,2.350,mm,OK,--,6:48:12 PM,1/25/2026,
601,45.2,gf,2.350,mm,OK,--,6:48:12 PM,1/25/2026,
602,45.2,gf,2.355,mm,OK,--,6:48:12 PM,1/25/2026,
603,45.2,gf,2.355,mm,OK,--,6:48:12 PM,1/25/2026,
604,45.2,gf,2.360,mm,OK,--,6:48:12 PM,1/25/2026,
605,45.2,gf,2.360,mm,OK,--,6:48:12 PM,1/25/2026,
606,45.2,gf,2.365,mm,OK,--,6:48:12 PM,1/25/2026,
607,45.2,gf,2.365,mm,OK,--,6:48:13 PM,1/25/2026,
608,45.2,gf,2.365,mm,OK,--,6:48:13 PM,1/25/2026,
609,45.2,gf,2.370,mm,OK,--,6:48:13 PM,1/25/2026,
610,45.3,gf,2.375,mm,OK,--,6:48:13 PM,1/25/2026,
611,45.3,gf,2.380,mm,OK,--,6:48:13 PM,1/25/2026,
612,45.3,gf,2.380,mm,OK,--,6:48:13 PM,1/25/2026,
613,45.3,gf,2.385,mm,OK,--,6:48:13 PM,1/25/2026,
614,45.3,gf,2.390,mm,OK,--,6:48:13 PM,1/25/2026,
615,45.3,gf,2.395,mm,OK,--,6:48:13 PM,1/25/2026,
616,45.3,gf,2.395,mm,OK,--,6:48:13 PM,1/25/2026,
617,45.3,gf,2.400,mm,OK,--,6:48:14 PM,1/25/2026,
618,45.4,gf,2.405,mm,OK,--,6:48:14 PM,1/25/2026,
619,45.5,gf,2.410,mm,OK,--,6:48:14 PM,1/25/2026,
620,45.4,gf,2.415,mm,OK,--,6:48:14 PM,1/25/2026,
621,45.4,gf,2.420,mm,OK,--,6:48:14 PM,1/25/2026,
622,45.5,gf,2.425,mm,OK,--,6:48:14 PM,1/25/2026,
623,45.5,gf,2.435,mm,OK,--,6:48:14 PM,1/25/2026,
624,45.5,gf,2.440,mm,OK,--,6:48:14 PM,1/25/2026,
625,45.5,gf,2.445,mm,OK,--,6:48:14 PM,1/25/2026,
626,45.5,gf,2.455,mm,OK,--,6:48:14 PM,1/25/2026,
627,45.5,gf,2.465,mm,OK,--,6:48:15 PM,1/25/2026,
628,45.5,gf,2.470,mm,OK,--,6:48:15 PM,1/25/2026,
629,45.5,gf,2.475,mm,OK,--,6:48:15 PM,1/25/2026,
630,45.5,gf,2.480,mm,OK,--,6:48:15 PM,1/25/2026,
631,45.5,gf,2.480,mm,OK,--,6:48:15 PM,1/25/2026,
632,45.5,gf,2.485,mm,OK,--,6:48:15 PM,1/25/2026,
633,45.5,gf,2.485,mm,OK,--,6:48:15 PM,1/25/2026,
634,45.5,gf,2.490,mm,OK,--,6:48:15 PM,1/25/2026,
635,45.5,gf,2.490,mm,OK,--,6:48:15 PM,1/25/2026,
636,45.6,gf,2.495,mm,OK,--,6:48:15 PM,1/25/2026,
637,45.6,gf,2.500,mm,OK,--,6:48:16 PM,1/25/2026,
638,45.6,gf,2.500,mm,OK,--,6:48:16 PM,1/25/2026,
639,45.6,gf,2.505,mm,OK,--,6:48:16 PM,1/25/2026,
640,45.6,gf,2.510,mm,OK,--,6:48:16 PM,1/25/2026,
641,45.7,gf,2.510,mm,OK,--,6:48:16 PM,1/25/2026,
642,45.7,gf,2.515,mm,OK,--,6:48:16 PM,1/25/2026,
643,45.7,gf,2.520,mm,OK,--,6:48:16 PM,1/25/2026,
644,45.7,gf,2.525,mm,OK,--,6:48:16 PM,1/25/2026,
645,45.7,gf,2.530,mm,OK,--,6:48:16 PM,1/25/2026,
646,45.7,gf,2.530,mm,OK,--,6:48:16 PM,1/25/2026,
647,45.7,gf,2.535,mm,OK,--,6:48:17 PM,1/25/2026,
648,45.8,gf,2.540,mm,OK,--,6:48:17 PM,1/25/2026,
649,45.8,gf,2.545,mm,OK,--,6:48:17 PM,1/25/2026,
650,45.8,gf,2.555,mm,OK,--,6:48:17 PM,1/25/2026,
651,45.9,gf,2.560,mm,OK,--,6:48:17 PM,1/25/2026,
652,45.9,gf,2.565,mm,OK,--,6:48:17 PM,1/25/2026,
653,45.9,gf,2.575,mm,OK,--,6:48:17 PM,1/25/2026,
654,45.9,gf,2.580,mm,OK,--,6:48:17 PM,1/25/2026,
655,45.9,gf,2.590,mm,OK,--,6:48:17 PM,1/25/2026,
656,45.9,gf,2.595,mm,OK,--,6:48:17 PM,1/25/2026,
657,46.0,gf,2.605,mm,OK,--,6:48:18 PM,1/25/2026,
658,46.0,gf,2.610,mm,OK,--,6:48:18 PM,1/25/2026,
659,45.9,gf,2.620,mm,OK,--,6:48:18 PM,1/25/2026,
660,46.0,gf,2.625,mm,OK,--,6:48:18 PM,1/25/2026,
661,46.0,gf,2.635,mm,OK,--,6:48:18 PM,1/25/2026,
662,46.0,gf,2.640,mm,OK,--,6:48:18 PM,1/25/2026,
663,46.0,gf,2.640,mm,OK,--,6:48:18 PM,1/25/2026,
664,46.0,gf,2.645,mm,OK,--,6:48:18 PM,1/25/2026,
665,46.0,gf,2.650,mm,OK,--,6:48:18 PM,1/25/2026,
666,46.0,gf,2.650,mm,OK,--,6:48:18 PM,1/25/2026,
667,46.0,gf,2.655,mm,OK,--,6:48:19 PM,1/25/2026,
668,46.0,gf,2.660,mm,OK,--,6:48:19 PM,1/25/2026,
669,46.0,gf,2.660,mm,OK,--,6:48:19 PM,1/25/2026,
670,46.0,gf,2.665,mm,OK,--,6:48:19 PM,1/25/2026,
671,46.0,gf,2.670,mm,OK,--,6:48:19 PM,1/25/2026,
672,46.0,gf,2.670,mm,OK,--,6:48:19 PM,1/25/2026,
673,45.9,gf,2.675,mm,OK,--,6:48:19 PM,1/25/2026,
674,46.0,gf,2.680,mm,OK,--,6:48:19 PM,1/25/2026,
675,46.0,gf,2.685,mm,OK,--,6:48:19 PM,1/25/2026,
676,46.0,gf,2.685,mm,OK,--,6:48:19 PM,1/25/2026,
677,46.0,gf,2.690,mm,OK,--,6:48:20 PM,1/25/2026,
678,46.0,gf,2.690,mm,OK,--,6:48:20 PM,1/25/2026,
679,46.0,gf,2.695,mm,OK,--,6:48:20 PM,1/25/2026,
680,46.1,gf,2.700,mm,OK,--,6:48:20 PM,1/25/2026,
681,46.1,gf,2.700,mm,OK,--,6:48:20 PM,1/25/2026,
682,46.1,gf,2.705,mm,OK,--,6:48:20 PM,1/25/2026,
683,46.1,gf,2.705,mm,OK,--,6:48:20 PM,1/25/2026,
684,46.1,gf,2.710,mm,OK,--,6:48:20 PM,1/25/2026,
685,46.1,gf,2.710,mm,OK,--,6:48:20 PM,1/25/2026,
686,46.3,gf,2.720,mm,OK,--,6:48:20 PM,1/25/2026,
687,46.2,gf,2.735,mm,OK,--,6:48:21 PM,1/25/2026,
688,46.3,gf,2.740,mm,OK,--,6:48:21 PM,1/25/2026,
689,46.3,gf,2.750,mm,OK,--,6:48:21 PM,1/25/2026,
690,46.3,gf,2.755,mm,OK,--,6:48:21 PM,1/25/2026,
691,46.4,gf,2.765,mm,OK,--,6:48:21 PM,1/25/2026,
692,46.4,gf,2.780,mm,OK,--,6:48:21 PM,1/25/2026,
693,46.5,gf,2.795,mm,OK,--,6:48:21 PM,1/25/2026,
694,46.5,gf,2.800,mm,OK,--,6:48:21 PM,1/25/2026,
695,46.5,gf,2.810,mm,OK,--,6:48:21 PM,1/25/2026,
696,46.5,gf,2.815,mm,OK,--,6:48:21 PM,1/25/2026,
697,46.5,gf,2.820,mm,OK,--,6:48:22 PM,1/25/2026,
698,46.5,gf,2.825,mm,OK,--,6:48:22 PM,1/25/2026,
699,46.5,gf,2.830,mm,OK,--,6:48:22 PM,1/25/2026,
700,46.5,gf,2.835,mm,OK,--,6:48:22 PM,1/25/2026,
701,46.5,gf,2.835,mm,OK,--,6:48:22 PM,1/25/2026,
702,46.5,gf,2.840,mm,OK,--,6:48:22 PM,1/25/2026,
703,46.5,gf,2.845,mm,OK,--,6:48:22 PM,1/25/2026,
704,46.5,gf,2.850,mm,OK,--,6:48:22 PM,1/25/2026,
705,46.6,gf,2.860,mm,OK,--,6:48:22 PM,1/25/2026,
706,46.6,gf,2.865,mm,OK,--,6:48:22 PM,1/25/2026,
707,46.6,gf,2.870,mm,OK,--,6:48:23 PM,1/25/2026,
708,46.6,gf,2.875,mm,OK,--,6:48:23 PM,1/25/2026,
709,46.6,gf,2.875,mm,OK,--,6:48:23 PM,1/25/2026,
710,46.6,gf,2.880,mm,OK,--,6:48:23 PM,1/25/2026,
711,46.6,gf,2.880,mm,OK,--,6:48:23 PM,1/25/2026,
712,46.6,gf,2.885,mm,OK,--,6:48:23 PM,1/25/2026,
713,46.6,gf,2.885,mm,OK,--,6:48:23 PM,1/25/2026,
714,46.6,gf,2.885,mm,OK,--,6:48:23 PM,1/25/2026,
715,46.6,gf,2.890,mm,OK,--,6:48:23 PM,1/25/2026,
716,46.6,gf,2.890,mm,OK,--,6:48:23 PM,1/25/2026,
717,46.6,gf,2.890,mm,OK,--,6:48:24 PM,1/25/2026,
718,46.6,gf,2.895,mm,OK,--,6:48:24 PM,1/25/2026,
719,46.6,gf,2.895,mm,OK,--,6:48:24 PM,1/25/2026,
720,46.6,gf,2.900,mm,OK,--,6:48:24 PM,1/25/2026,
721,46.6,gf,2.900,mm,OK,--,6:48:24 PM,1/25/2026,
722,46.6,gf,2.905,mm,OK,--,6:48:24 PM,1/25/2026,
723,46.6,gf,2.905,mm,OK,--,6:48:24 PM,1/25/2026,
724,46.7,gf,2.910,mm,OK,--,6:48:24 PM,1/25/2026,
725,46.7,gf,2.915,mm,OK,--,6:48:24 PM,1/25/2026,
726,46.7,gf,2.920,mm,OK,--,6:48:24 PM,1/25/2026,
727,46.8,gf,2.930,mm,OK,--,6:48:25 PM,1/25/2026,
728,46.8,gf,2.940,mm,OK,--,6:48:25 PM,1/25/2026,
729,46.9,gf,2.950,mm,OK,--,6:48:25 PM,1/25/2026,
730,46.8,gf,2.960,mm,OK,--,6:48:25 PM,1/25/2026,
731,46.9,gf,2.965,mm,OK,--,6:48:25 PM,1/25/2026,
732,46.9,gf,2.975,mm,OK,--,6:48:25 PM,1/25/2026,
733,46.9,gf,2.985,mm,OK,--,6:48:25 PM,1/25/2026,
734,47.0,gf,3.000,mm,OK,--,6:48:25 PM,1/25/2026,
735,47.0,gf,3.010,mm,OK,--,6:48:25 PM,1/25/2026,
736,47.0,gf,3.020,mm,OK,--,6:48:25 PM,1/25/2026,
737,47.0,gf,3.030,mm,OK,--,6:48:26 PM,1/25/2026,
738,47.1,gf,3.040,mm,OK,--,6:48:26 PM,1/25/2026,
739,47.1,gf,3.045,mm,OK,--,6:48:26 PM,1/25/2026,
740,47.1,gf,3.055,mm,OK,--,6:48:26 PM,1/25/2026,
741,47.2,gf,3.060,mm,OK,--,6:48:26 PM,1/25/2026,
742,47.2,gf,3.065,mm,OK,--,6:48:26 PM,1/25/2026,
743,47.1,gf,3.065,mm,OK,--,6:48:26 PM,1/25/2026,
744,47.2,gf,3.070,mm,OK,--,6:48:26 PM,1/25/2026,
745,47.2,gf,3.070,mm,OK,--,6:48:26 PM,1/25/2026,
746,47.2,gf,3.075,mm,OK,--,6:48:26 PM,1/25/2026,
747,47.2,gf,3.080,mm,OK,--,6:48:27 PM,1/25/2026,
748,47.2,gf,3.090,mm,OK,--,6:48:27 PM,1/25/2026,
749,47.3,gf,3.095,mm,OK,--,6:48:27 PM,1/25/2026,
750,47.3,gf,3.105,mm,OK,--,6:48:27 PM,1/25/2026,
751,47.3,gf,3.110,mm,OK,--,6:48:27 PM,1/25/2026,
752,47.3,gf,3.115,mm,OK,--,6:48:27 PM,1/25/2026,
753,47.3,gf,3.120,mm,OK,--,6:48:27 PM,1/25/2026,
754,47.3,gf,3.120,mm,OK,--,6:48:27 PM,1/25/2026,
755,47.4,gf,3.125,mm,OK,--,6:48:27 PM,1/25/2026,
756,47.4,gf,3.130,mm,OK,--,6:48:27 PM,1/25/2026,
757,47.4,gf,3.135,mm,OK,--,6:48:28 PM,1/25/2026,
758,47.4,gf,3.140,mm,OK,--,6:48:28 PM,1/25/2026,
759,47.4,gf,3.145,mm,OK,--,6:48:28 PM,1/25/2026,
760,47.4,gf,3.150,mm,OK,--,6:48:28 PM,1/25/2026,
761,47.4,gf,3.150,mm,OK,--,6:48:28 PM,1/25/2026,
762,47.5,gf,3.160,mm,OK,--,6:48:28 PM,1/25/2026,
763,47.5,gf,3.165,mm,OK,--,6:48:28 PM,1/25/2026,
764,47.5,gf,3.170,mm,OK,--,6:48:28 PM,1/25/2026,
765,47.5,gf,3.175,mm,OK,--,6:48:28 PM,1/25/2026,
766,47.5,gf,3.180,mm,OK,--,6:48:28 PM,1/25/2026,
767,47.5,gf,3.180,mm,OK,--,6:48:29 PM,1/25/2026,
768,47.5,gf,3.185,mm,OK,--,6:48:29 PM,1/25/2026,
769,47.5,gf,3.190,mm,OK,--,6:48:29 PM,1/25/2026,
770,47.6,gf,3.190,mm,OK,--,6:48:29 PM,1/25/2026,
771,47.6,gf,3.195,mm,OK,--,6:48:29 PM,1/25/2026,
772,47.6,gf,3.200,mm,OK,--,6:48:29 PM,1/25/2026,
773,47.6,gf,3.200,mm,OK,--,6:48:29 PM,1/25/2026,
774,47.6,gf,3.205,mm,OK,--,6:48:29 PM,1/25/2026,
775,47.6,gf,3.210,mm,OK,--,6:48:29 PM,1/25/2026,
776,47.6,gf,3.215,mm,OK,--,6:48:29 PM,1/25/2026,
777,47.6,gf,3.215,mm,OK,--,6:48:30 PM,1/25/2026,
778,47.7,gf,3.220,mm,OK,--,6:48:30 PM,1/25/2026,
779,47.7,gf,3.225,mm,OK,--,6:48:30 PM,1/25/2026,
780,47.7,gf,3.225,mm,OK,--,6:48:30 PM,1/25/2026,
781,47.7,gf,3.230,mm,OK,--,6:48:30 PM,1/25/2026,
782,47.7,gf,3.235,mm,OK,--,6:48:30 PM,1/25/2026,
783,47.7,gf,3.240,mm,OK,--,6:48:30 PM,1/25/2026,
784,47.7,gf,3.240,mm,OK,--,6:48:30 PM,1/25/2026,
785,47.7,gf,3.245,mm,OK,--,6:48:30 PM,1/25/2026,
786,47.7,gf,3.250,mm,OK,--,6:48:30 PM,1/25/2026,
787,47.7,gf,3.250,mm,OK,--,6:48:31 PM,1/25/2026,
788,47.7,gf,3.255,mm,OK,--,6:48:31 PM,1/25/2026,
789,47.8,gf,3.260,mm,OK,--,6:48:31 PM,1/25/2026,
790,47.8,gf,3.260,mm,OK,--,6:48:31 PM,1/25/2026,
791,47.8,gf,3.265,mm,OK,--,6:48:31 PM,1/25/2026,
792,47.8,gf,3.270,mm,OK,--,6:48:31 PM,1/25/2026,
793,47.8,gf,3.280,mm,OK,--,6:48:31 PM,1/25/2026,
794,47.8,gf,3.280,mm,OK,--,6:48:31 PM,1/25/2026,
795,47.9,gf,3.285,mm,OK,--,6:48:31 PM,1/25/2026,
796,47.9,gf,3.290,mm,OK,--,6:48:31 PM,1/25/2026,
797,47.9,gf,3.295,mm,OK,--,6:48:32 PM,1/25/2026,
798,47.9,gf,3.300,mm,OK,--,6:48:32 PM,1/25/2026,
799,48.0,gf,3.310,mm,OK,--,6:48:32 PM,1/25/2026,
800,48.0,gf,3.315,mm,OK,--,6:48:32 PM,1/25/2026,
801,48.0,gf,3.320,mm,OK,--,6:48:32 PM,1/25/2026,
802,48.0,gf,3.330,mm,OK,--,6:48:32 PM,1/25/2026,
803,48.0,gf,3.335,mm,OK,--,6:48:32 PM,1/25/2026,
804,48.0,gf,3.340,mm,OK,--,6:48:32 PM,1/25/2026,
805,48.1,gf,3.345,mm,OK,--,6:48:32 PM,1/25/2026,
806,48.1,gf,3.350,mm,OK,--,6:48:32 PM,1/25/2026,
807,48.2,gf,3.360,mm,OK,--,6:48:33 PM,1/25/2026,
808,48.1,gf,3.365,mm,OK,--,6:48:33 PM,1/25/2026,
809,48.2,gf,3.375,mm,OK,--,6:48:33 PM,1/25/2026,
810,48.3,gf,3.380,mm,OK,--,6:48:33 PM,1/25/2026,
811,48.2,gf,3.385,mm,OK,--,6:48:33 PM,1/25/2026,
812,48.2,gf,3.390,mm,OK,--,6:48:33 PM,1/25/2026,
813,48.2,gf,3.400,mm,OK,--,6:48:33 PM,1/25/2026,
814,48.3,gf,3.405,mm,OK,--,6:48:33 PM,1/25/2026,
815,48.3,gf,3.410,mm,OK,--,6:48:33 PM,1/25/2026,
816,48.4,gf,3.415,mm,OK,--,6:48:33 PM,1/25/2026,
817,48.4,gf,3.425,mm,OK,--,6:48:34 PM,1/25/2026,
818,48.4,gf,3.430,mm,OK,--,6:48:34 PM,1/25/2026,
819,48.4,gf,3.440,mm,OK,--,6:48:34 PM,1/25/2026,
820,48.4,gf,3.445,mm,OK,--,6:48:34 PM,1/25/2026,
821,48.5,gf,3.455,mm,OK,--,6:48:34 PM,1/25/2026,
822,48.5,gf,3.460,mm,OK,--,6:48:34 PM,1/25/2026,
823,48.5,gf,3.465,mm,OK,--,6:48:34 PM,1/25/2026,
824,48.5,gf,3.470,mm,OK,--,6:48:34 PM,1/25/2026,
825,48.5,gf,3.475,mm,OK,--,6:48:34 PM,1/25/2026,
826,48.5,gf,3.480,mm,OK,--,6:48:34 PM,1/25/2026,
827,48.7,gf,3.485,mm,OK,--,6:48:35 PM,1/25/2026,
828,48.6,gf,3.490,mm,OK,--,6:48:35 PM,1/25/2026,
829,48.6,gf,3.495,mm,OK,--,6:48:35 PM,1/25/2026,
830,48.7,gf,3.500,mm,OK,--,6:48:35 PM,1/25/2026,
831,48.7,gf,3.510,mm,OK,--,6:48:35 PM,1/25/2026,
832,48.7,gf,3.515,mm,OK,--,6:48:35 PM,1/25/2026,
833,48.7,gf,3.520,mm,OK,--,6:48:35 PM,1/25/2026,
834,48.7,gf,3.525,mm,OK,--,6:48:35 PM,1/25/2026,
835,48.8,gf,3.535,mm,OK,--,6:48:35 PM,1/25/2026,
836,48.8,gf,3.545,mm,OK,--,6:48:35 PM,1/25/2026,
837,48.8,gf,3.555,mm,OK,--,6:48:36 PM,1/25/2026,
838,48.9,gf,3.565,mm,OK,--,6:48:36 PM,1/25/2026,
839,48.9,gf,3.570,mm,OK,--,6:48:36 PM,1/25/2026,
840,48.9,gf,3.580,mm,OK,--,6:48:36 PM,1/25/2026,
841,49.0,gf,3.585,mm,OK,--,6:48:36 PM,1/25/2026,
842,49.0,gf,3.595,mm,OK,--,6:48:36 PM,1/25/2026,
843,49.0,gf,3.600,mm,OK,--,6:48:36 PM,1/25/2026,
844,49.0,gf,3.605,mm,OK,--,6:48:36 PM,1/25/2026,
845,49.1,gf,3.615,mm,OK,--,6:48:36 PM,1/25/2026,
846,49.0,gf,3.620,mm,OK,--,6:48:36 PM,1/25/2026,
847,49.1,gf,3.625,mm,OK,--,6:48:37 PM,1/25/2026,
848,49.1,gf,3.630,mm,OK,--,6:48:37 PM,1/25/2026,
849,49.1,gf,3.635,mm,OK,--,6:48:37 PM,1/25/2026,
850,49.2,gf,3.640,mm,OK,--,6:48:37 PM,1/25/2026,
851,49.2,gf,3.645,mm,OK,--,6:48:37 PM,1/25/2026,
852,49.2,gf,3.655,mm,OK,--,6:48:37 PM,1/25/2026,
853,49.3,gf,3.660,mm,OK,--,6:48:37 PM,1/25/2026,
854,49.2,gf,3.670,mm,OK,--,6:48:37 PM,1/25/2026,
855,49.4,gf,3.675,mm,OK,--,6:48:37 PM,1/25/2026,
856,51.9,gf,3.685,mm,OK,--,6:48:37 PM,1/25/2026,
857,57.9,gf,3.690,mm,OK,--,6:48:38 PM,1/25/2026,
858,62.2,gf,3.695,mm,OK,--,6:48:38 PM,1/25/2026,
859,66.3,gf,3.700,mm,OK,--,6:48:38 PM,1/25/2026,
860,70.3,gf,3.700,mm,OK,--,6:48:38 PM,1/25/2026,
861,74.3,gf,3.705,mm,OK,--,6:48:38 PM,1/25/2026,
862,78.3,gf,3.710,mm,OK,--,6:48:38 PM,1/25/2026,
863,82.6,gf,3.715,mm,OK,--,6:48:38 PM,1/25/2026,
864,87.1,gf,3.720,mm,OK,--,6:48:38 PM,1/25/2026,
865,91.3,gf,3.720,mm,OK,--,6:48:38 PM,1/25/2026,
866,96.9,gf,3.725,mm,OK,--,6:48:38 PM,1/25/2026,
867,104.7,gf,3.735,mm,OK,--,6:48:39 PM,1/25/2026,
868,110.0,gf,3.740,mm,OK,--,6:48:39 PM,1/25/2026,
869,114.8,gf,3.745,mm,OK,--,6:48:39 PM,1/25/2026,
870,119.6,gf,3.750,mm,OK,--,6:48:39 PM,1/25/2026,
871,125.2,gf,3.755,mm,OK,--,6:48:39 PM,1/25/2026,
872,130.7,gf,3.760,mm,OK,--,6:48:39 PM,1/25/2026,
873,134.1,gf,3.765,mm,OK,--,6:48:39 PM,1/25/2026,
874,136.6,gf,3.765,mm,OK,--,6:48:39 PM,1/25/2026,
875,139.1,gf,3.765,mm,OK,--,6:48:39 PM,1/25/2026,
876,141.5,gf,3.770,mm,OK,--,6:48:39 PM,1/25/2026,
877,144.8,gf,3.775,mm,OK,--,6:48:40 PM,1/25/2026,
878,148.8,gf,3.775,mm,OK,--,6:48:40 PM,1/25/2026,
879,152.9,gf,3.780,mm,OK,--,6:48:40 PM,1/25/2026,
880,157.2,gf,3.785,mm,OK,--,6:48:40 PM,1/25/2026,
881,161.6,gf,3.790,mm,OK,--,6:48:40 PM,1/25/2026,
882,165.5,gf,3.790,mm,OK,--,6:48:40 PM,1/25/2026,
883,168.6,gf,3.795,mm,OK,--,6:48:40 PM,1/25/2026,
884,171.4,gf,3.800,mm,OK,--,6:48:40 PM,1/25/2026,
885,174.3,gf,3.800,mm,OK,--,6:48:40 PM,1/25/2026,
886,177.1,gf,3.805,mm,OK,--,6:48:40 PM,1/25/2026,
887,179.6,gf,3.805,mm,OK,--,6:48:41 PM,1/25/2026,
888,181.9,gf,3.805,mm,OK,--,6:48:41 PM,1/25/2026,
889,183.9,gf,3.810,mm,OK,--,6:48:41 PM,1/25/2026,
890,186.1,gf,3.810,mm,OK,--,6:48:41 PM,1/25/2026,
891,188.4,gf,3.815,mm,OK,--,6:48:41 PM,1/25/2026,
892,190.5,gf,3.815,mm,OK,--,6:48:41 PM,1/25/2026,
893,192.0,gf,3.820,mm,OK,--,6:48:41 PM,1/25/2026,
894,193.5,gf,3.820,mm,OK,--,6:48:41 PM,1/25/2026,
895,194.6,gf,3.820,mm,OK,--,6:48:41 PM,1/25/2026,
896,195.0,gf,3.820,mm,OK,--,6:48:41 PM,1/25/2026,
897,195.1,gf,3.820,mm,OK,--,6:48:42 PM,1/25/2026,
898,195.0,gf,3.820,mm,OK,--,6:48:42 PM,1/25/2026,
899,194.9,gf,3.820,mm,OK,--,6:48:42 PM,1/25/2026,
900,194.8,gf,3.820,mm,OK,--,6:48:42 PM,1/25/2026,
901,194.9,gf,3.820,mm,OK,--,6:48:42 PM,1/25/2026,
902,194.8,gf,3.820,mm,OK,--,6:48:42 PM,1/25/2026,
903,194.8,gf,3.820,mm,OK,--,6:48:42 PM,1/25/2026,
904,194.8,gf,3.820,mm,OK,--,6:48:42 PM,1/25/2026,
905,194.8,gf,3.820,mm,OK,--,6:48:42 PM,1/25/2026,
906,194.8,gf,3.820,mm,OK,--,6:48:42 PM,1/25/2026,
907,194.8,gf,3.820,mm,OK,--,6:48:43 PM,1/25/2026,
908,194.8,gf,3.820,mm,OK,--,6:48:43 PM,1/25/2026,
909,194.8,gf,3.820,mm,OK,--,6:48:43 PM,1/25/2026,
910,194.7,gf,3.820,mm,OK,--,6:48:43 PM,1/25/2026,
911,194.8,gf,3.820,mm,OK,--,6:48:43 PM,1/25/2026,
912,194.8,gf,3.820,mm,OK,--,6:48:43 PM,1/25/2026,
913,194.4,gf,3.820,mm,OK,--,6:48:43 PM,1/25/2026,
914,194.1,gf,3.820,mm,OK,--,6:48:43 PM,1/25/2026,
915,194.0,gf,3.820,mm,OK,--,6:48:43 PM,1/25/2026,
916,193.8,gf,3.820,mm,OK,--,6:48:43 PM,1/25/2026,
917,193.6,gf,3.820,mm,OK,--,6:48:44 PM,1/25/2026,
918,193.4,gf,3.820,mm,OK,--,6:48:44 PM,1/25/2026,
919,193.3,gf,3.820,mm,OK,--,6:48:44 PM,1/25/2026,
920,192.2,gf,3.820,mm,OK,--,6:48:44 PM,1/25/2026,
921,189.8,gf,3.820,mm,OK,--,6:48:44 PM,1/25/2026,
922,189.0,gf,3.815,mm,OK,--,6:48:44 PM,1/25/2026,
923,188.7,gf,3.815,mm,OK,--,6:48:44 PM,1/25/2026,
924,188.3,gf,3.815,mm,OK,--,6:48:44 PM,1/25/2026,
925,187.4,gf,3.815,mm,OK,--,6:48:44 PM,1/25/2026,
926,186.6,gf,3.815,mm,OK,--,6:48:44 PM,1/25/2026,
927,186.3,gf,3.815,mm,OK,--,6:48:45 PM,1/25/2026,
928,185.8,gf,3.815,mm,OK,--,6:48:45 PM,1/25/2026,
929,184.9,gf,3.815,mm,OK,--,6:48:45 PM,1/25/2026,
930,183.9,gf,3.810,mm,OK,--,6:48:45 PM,1/25/2026,
931,182.6,gf,3.810,mm,OK,--,6:48:45 PM,1/25/2026,
932,180.9,gf,3.810,mm,OK,--,6:48:45 PM,1/25/2026,
933,179.5,gf,3.810,mm,OK,--,6:48:45 PM,1/25/2026,
934,177.7,gf,3.805,mm,OK,--,6:48:45 PM,1/25/2026,
935,176.7,gf,3.805,mm,OK,--,6:48:45 PM,1/25/2026,
936,176.1,gf,3.805,mm,OK,--,6:48:45 PM,1/25/2026,
937,175.7,gf,3.805,mm,OK,--,6:48:46 PM,1/25/2026,
938,175.7,gf,3.805,mm,OK,--,6:48:46 PM,1/25/2026,
939,175.1,gf,3.805,mm,OK,--,6:48:46 PM,1/25/2026,
940,174.2,gf,3.805,mm,OK,--,6:48:46 PM,1/25/2026,
941,172.7,gf,3.800,mm,OK,--,6:48:46 PM,1/25/2026,
942,172.1,gf,3.800,mm,OK,--,6:48:46 PM,1/25/2026,
943,171.6,gf,3.800,mm,OK,--,6:48:46 PM,1/25/2026,
944,171.5,gf,3.800,mm,OK,--,6:48:46 PM,1/25/2026,
945,171.4,gf,3.800,mm,OK,--,6:48:46 PM,1/25/2026,
946,171.3,gf,3.800,mm,OK,--,6:48:46 PM,1/25/2026,
947,171.1,gf,3.800,mm,OK,--,6:48:47 PM,1/25/2026,
948,170.8,gf,3.800,mm,OK,--,6:48:47 PM,1/25/2026,
949,170.2,gf,3.800,mm,OK,--,6:48:47 PM,1/25/2026,
950,169.6,gf,3.800,mm,OK,--,6:48:47 PM,1/25/2026,
951,168.3,gf,3.800,mm,OK,--,6:48:47 PM,1/25/2026,
952,166.6,gf,3.795,mm,OK,--,6:48:47 PM,1/25/2026,
953,164.1,gf,3.795,mm,OK,--,6:48:47 PM,1/25/2026,
954,162.2,gf,3.795,mm,OK,--,6:48:47 PM,1/25/2026,
955,161.7,gf,3.790,mm,OK,--,6:48:47 PM,1/25/2026,
956,160.9,gf,3.790,mm,OK,--,6:48:47 PM,1/25/2026,
957,158.9,gf,3.790,mm,OK,--,6:48:48 PM,1/25/2026,
958,154.9,gf,3.785,mm,OK,--,6:48:48 PM,1/25/2026,
959,152.4,gf,3.785,mm,OK,--,6:48:48 PM,1/25/2026,
960,150.9,gf,3.780,mm,OK,--,6:48:48 PM,1/25/2026,
961,150.2,gf,3.780,mm,OK,--,6:48:48 PM,1/25/2026,
962,149.6,gf,3.780,mm,OK,--,6:48:48 PM,1/25/2026,
963,148.9,gf,3.780,mm,OK,--,6:48:48 PM,1/25/2026,
964,148.5,gf,3.780,mm,OK,--,6:48:48 PM,1/25/2026,
965,148.1,gf,3.780,mm,OK,--,6:48:48 PM,1/25/2026,
966,147.9,gf,3.780,mm,OK,--,6:48:48 PM,1/25/2026,
967,147.8,gf,3.780,mm,OK,--,6:48:49 PM,1/25/2026,
968,147.5,gf,3.780,mm,OK,--,6:48:49 PM,1/25/2026,
969,147.2,gf,3.780,mm,OK,--,6:48:49 PM,1/25/2026,
970,146.7,gf,3.780,mm,OK,--,6:48:49 PM,1/25/2026,
971,146.0,gf,3.780,mm,OK,--,6:48:49 PM,1/25/2026,
972,142.3,gf,3.775,mm,OK,--,6:48:49 PM,1/25/2026,
973,137.1,gf,3.770,mm,OK,--,6:48:49 PM,1/25/2026,
974,134.1,gf,3.765,mm,OK,--,6:48:49 PM,1/25/2026,
975,132.5,gf,3.765,mm,OK,--,6:48:49 PM,1/25/2026,
976,131.3,gf,3.765,mm,OK,--,6:48:49 PM,1/25/2026,
977,130.2,gf,3.765,mm,OK,--,6:48:50 PM,1/25/2026,
978,129.5,gf,3.760,mm,OK,--,6:48:50 PM,1/25/2026,
979,128.8,gf,3.760,mm,OK,--,6:48:50 PM,1/25/2026,
980,128.5,gf,3.760,mm,OK,--,6:48:50 PM,1/25/2026,
981,128.1,gf,3.760,mm,OK,--,6:48:50 PM,1/25/2026,
982,127.8,gf,3.760,mm,OK,--,6:48:50 PM,1/25/2026,
983,127.2,gf,3.760,mm,OK,--,6:48:50 PM,1/25/2026,
984,126.7,gf,3.760,mm,OK,--,6:48:50 PM,1/25/2026,
985,126.2,gf,3.760,mm,OK,--,6:48:50 PM,1/25/2026,
986,125.8,gf,3.760,mm,OK,--,6:48:50 PM,1/25/2026,
987,125.3,gf,3.760,mm,OK,--,6:48:51 PM,1/25/2026,
988,124.9,gf,3.760,mm,OK,--,6:48:51 PM,1/25/2026,
989,124.8,gf,3.760,mm,OK,--,6:48:51 PM,1/25/2026,
990,124.7,gf,3.760,mm,OK,--,6:48:51 PM,1/25/2026,
991,124.5,gf,3.760,mm,OK,--,6:48:51 PM,1/25/2026,
992,124.1,gf,3.755,mm,OK,--,6:48:51 PM,1/25/2026,
993,123.7,gf,3.755,mm,OK,--,6:48:51 PM,1/25/2026,
994,123.2,gf,3.755,mm,OK,--,6:48:51 PM,1/25/2026,
995,122.5,gf,3.755,mm,OK,--,6:48:51 PM,1/25/2026,
996,121.6,gf,3.755,mm,OK,--,6:48:51 PM,1/25/2026,
997,120.8,gf,3.755,mm,OK,--,6:48:52 PM,1/25/2026,
998,120.2,gf,3.755,mm,OK,--,6:48:52 PM,1/25/2026,
999,119.4,gf,3.755,mm,OK,--,6:48:52 PM,1/25/2026,
1000,118.6,gf,3.750,mm,OK,--,6:48:52 PM,1/25/2026,
1001,118.0,gf,3.750,mm,OK,--,6:48:52 PM,1/25/2026,
1002,116.9,gf,3.750,mm,OK,--,6:48:52 PM,1/25/2026,
1003,115.6,gf,3.750,mm,OK,--,6:48:52 PM,1/25/2026,
1004,114.2,gf,3.750,mm,OK,--,6:48:52 PM,1/25/2026,
1005,112.8,gf,3.745,mm,OK,--,6:48:52 PM,1/25/2026,
1006,111.5,gf,3.745,mm,OK,--,6:48:52 PM,1/25/2026,
1007,110.5,gf,3.745,mm,OK,--,6:48:53 PM,1/25/2026,
1008,109.5,gf,3.745,mm,OK,--,6:48:53 PM,1/25/2026,
1009,108.3,gf,3.740,mm,OK,--,6:48:53 PM,1/25/2026,
1010,107.5,gf,3.740,mm,OK,--,6:48:53 PM,1/25/2026,
1011,106.9,gf,3.740,mm,OK,--,6:48:53 PM,1/25/2026,
1012,106.1,gf,3.740,mm,OK,--,6:48:53 PM,1/25/2026,
1013,105.6,gf,3.740,mm,OK,--,6:48:53 PM,1/25/2026,
1014,105.2,gf,3.740,mm,OK,--,6:48:53 PM,1/25/2026,
1015,104.7,gf,3.740,mm,OK,--,6:48:53 PM,1/25/2026,
1016,104.0,gf,3.740,mm,OK,--,6:48:53 PM,1/25/2026,
1017,103.2,gf,3.735,mm,OK,--,6:48:54 PM,1/25/2026,
1018,101.9,gf,3.735,mm,OK,--,6:48:54 PM,1/25/2026,
1019,100.7,gf,3.735,mm,OK,--,6:48:54 PM,1/25/2026,
1020,99.8,gf,3.735,mm,OK,--,6:48:54 PM,1/25/2026,
1021,99.1,gf,3.735,mm,OK,--,6:48:54 PM,1/25/2026,
1022,98.1,gf,3.730,mm,OK,--,6:48:54 PM,1/25/2026,
1023,97.1,gf,3.730,mm,OK,--,6:48:54 PM,1/25/2026,
1024,96.3,gf,3.730,mm,OK,--,6:48:54 PM,1/25/2026,
1025,95.5,gf,3.730,mm,OK,--,6:48:54 PM,1/25/2026,
1026,94.5,gf,3.730,mm,OK,--,6:48:54 PM,1/25/2026,
1027,93.8,gf,3.730,mm,OK,--,6:48:55 PM,1/25/2026,
1028,93.1,gf,3.725,mm,OK,--,6:48:55 PM,1/25/2026,
1029,92.4,gf,3.725,mm,OK,--,6:48:55 PM,1/25/2026,
1030,91.3,gf,3.725,mm,OK,--,6:48:55 PM,1/25/2026,
1031,90.1,gf,3.725,mm,OK,--,6:48:55 PM,1/25/2026,
1032,88.7,gf,3.725,mm,OK,--,6:48:55 PM,1/25/2026,
1033,87.9,gf,3.720,mm,OK,--,6:48:55 PM,1/25/2026,
1034,87.2,gf,3.720,mm,OK,--,6:48:55 PM,1/25/2026,
1035,86.3,gf,3.720,mm,OK,--,6:48:55 PM,1/25/2026,
1036,85.3,gf,3.720,mm,OK,--,6:48:55 PM,1/25/2026,
1037,84.4,gf,3.720,mm,OK,--,6:48:56 PM,1/25/2026,
1038,83.3,gf,3.720,mm,OK,--,6:48:56 PM,1/25/2026,
1039,82.4,gf,3.715,mm,OK,--,6:48:56 PM,1/25/2026,
1040,81.5,gf,3.715,mm,OK,--,6:48:56 PM,1/25/2026,
1041,80.5,gf,3.715,mm,OK,--,6:48:56 PM,1/25/2026,
1042,79.4,gf,3.715,mm,OK,--,6:48:56 PM,1/25/2026,
1043,78.0,gf,3.715,mm,OK,--,6:48:56 PM,1/25/2026,
1044,76.4,gf,3.710,mm,OK,--,6:48:56 PM,1/25/2026,
1045,75.3,gf,3.710,mm,OK,--,6:48:56 PM,1/25/2026,
1046,74.2,gf,3.710,mm,OK,--,6:48:56 PM,1/25/2026,
1047,73.4,gf,3.710,mm,OK,--,6:48:57 PM,1/25/2026,
1048,72.5,gf,3.710,mm,OK,--,6:48:57 PM,1/25/2026,
1049,71.7,gf,3.705,mm,OK,--,6:48:57 PM,1/25/2026,
1050,70.9,gf,3.705,mm,OK,--,6:48:57 PM,1/25/2026,
1051,70.2,gf,3.705,mm,OK,--,6:48:57 PM,1/25/2026,
1052,69.4,gf,3.705,mm,OK,--,6:48:57 PM,1/25/2026,
1053,68.7,gf,3.705,mm,OK,--,6:48:57 PM,1/25/2026,
1054,67.9,gf,3.705,mm,OK,--,6:48:57 PM,1/25/2026,
1055,67.2,gf,3.705,mm,OK,--,6:48:57 PM,1/25/2026,
1056,66.4,gf,3.700,mm,OK,--,6:48:57 PM,1/25/2026,
1057,65.6,gf,3.700,mm,OK,--,6:48:58 PM,1/25/2026,
1058,64.8,gf,3.700,mm,OK,--,6:48:58 PM,1/25/2026,
1059,64.1,gf,3.700,mm,OK,--,6:48:58 PM,1/25/2026,
1060,63.2,gf,3.700,mm,OK,--,6:48:58 PM,1/25/2026,
1061,62.2,gf,3.700,mm,OK,--,6:48:58 PM,1/25/2026,
1062,60.9,gf,3.695,mm,OK,--,6:48:58 PM,1/25/2026,
1063,59.9,gf,3.695,mm,OK,--,6:48:58 PM,1/25/2026,
1064,59.2,gf,3.695,mm,OK,--,6:48:58 PM,1/25/2026,
1065,58.7,gf,3.695,mm,OK,--,6:48:58 PM,1/25/2026,
1066,57.9,gf,3.695,mm,OK,--,6:48:58 PM,1/25/2026,
1067,56.6,gf,3.695,mm,OK,--,6:48:59 PM,1/25/2026,
1068,55.3,gf,3.690,mm,OK,--,6:48:59 PM,1/25/2026,
1069,54.1,gf,3.690,mm,OK,--,6:48:59 PM,1/25/2026,
1070,53.3,gf,3.690,mm,OK,--,6:48:59 PM,1/25/2026,
1071,52.7,gf,3.690,mm,OK,--,6:48:59 PM,1/25/2026,
1072,52.0,gf,3.690,mm,OK,--,6:48:59 PM,1/25/2026,
1073,51.3,gf,3.685,mm,OK,--,6:48:59 PM,1/25/2026,
1074,50.9,gf,3.685,mm,OK,--,6:48:59 PM,1/25/2026,
1075,50.4,gf,3.685,mm,OK,--,6:48:59 PM,1/25/2026,
1076,49.8,gf,3.685,mm,OK,--,6:48:59 PM,1/25/2026,
1077,49.2,gf,3.685,mm,OK,--,6:49:00 PM,1/25/2026,
1078,48.5,gf,3.685,mm,OK,--,6:49:00 PM,1/25/2026,
1079,48.9,gf,3.685,mm,OK,--,6:49:00 PM,1/25/2026,
1080,49.0,gf,3.680,mm,OK,--,6:49:00 PM,1/25/2026,
1081,49.0,gf,3.680,mm,OK,--,6:49:00 PM,1/25/2026,
1082,49.0,gf,3.680,mm,OK,--,6:49:00 PM,1/25/2026,
1083,49.1,gf,3.680,mm,OK,--,6:49:00 PM,1/25/2026,
1084,49.0,gf,3.680,mm,OK,--,6:49:00 PM,1/25/2026,
1085,49.0,gf,3.680,mm,OK,--,6:49:00 PM,1/25/2026,
1086,49.1,gf,3.675,mm,OK,--,6:49:00 PM,1/25/2026,
1087,49.0,gf,3.675,mm,OK,--,6:49:01 PM,1/25/2026,
1088,49.0,gf,3.675,mm,OK,--,6:49:01 PM,1/25/2026,
1089,49.0,gf,3.670,mm,OK,--,6:49:01 PM,1/25/2026,
1090,49.0,gf,3.670,mm,OK,--,6:49:01 PM,1/25/2026,
1091,49.0,gf,3.665,mm,OK,--,6:49:01 PM,1/25/2026,
1092,49.0,gf,3.665,mm,OK,--,6:49:01 PM,1/25/2026,
1093,48.9,gf,3.660,mm,OK,--,6:49:01 PM,1/25/2026,
1094,48.8,gf,3.655,mm,OK,--,6:49:01 PM,1/25/2026,
1095,48.8,gf,3.645,mm,OK,--,6:49:01 PM,1/25/2026,
1096,48.8,gf,3.640,mm,OK,--,6:49:01 PM,1/25/2026,
1097,48.7,gf,3.630,mm,OK,--,6:49:02 PM,1/25/2026,
1098,48.7,gf,3.625,mm,OK,--,6:49:02 PM,1/25/2026,
1099,48.7,gf,3.620,mm,OK,--,6:49:02 PM,1/25/2026,
1100,48.6,gf,3.615,mm,OK,--,6:49:02 PM,1/25/2026,
1101,48.6,gf,3.610,mm,OK,--,6:49:02 PM,1/25/2026,
1102,48.6,gf,3.610,mm,OK,--,6:49:02 PM,1/25/2026,
1103,48.6,gf,3.605,mm,OK,--,6:49:02 PM,1/25/2026,
1104,48.6,gf,3.605,mm,OK,--,6:49:02 PM,1/25/2026,
1105,48.6,gf,3.600,mm,OK,--,6:49:02 PM,1/25/2026,
1106,48.6,gf,3.595,mm,OK,--,6:49:02 PM,1/25/2026,
1107,48.5,gf,3.590,mm,OK,--,6:49:03 PM,1/25/2026,
1108,48.5,gf,3.585,mm,OK,--,6:49:03 PM,1/25/2026,
1109,48.5,gf,3.580,mm,OK,--,6:49:03 PM,1/25/2026,
1110,48.5,gf,3.580,mm,OK,--,6:49:03 PM,1/25/2026,
1111,48.5,gf,3.575,mm,OK,--,6:49:03 PM,1/25/2026,
1112,48.4,gf,3.570,mm,OK,--,6:49:03 PM,1/25/2026,
1113,48.4,gf,3.565,mm,OK,--,6:49:03 PM,1/25/2026,
1114,48.4,gf,3.560,mm,OK,--,6:49:03 PM,1/25/2026,
1115,48.3,gf,3.555,mm,OK,--,6:49:03 PM,1/25/2026,
1116,48.4,gf,3.550,mm,OK,--,6:49:03 PM,1/25/2026,
1117,48.3,gf,3.550,mm,OK,--,6:49:04 PM,1/25/2026,
1118,48.3,gf,3.545,mm,OK,--,6:49:04 PM,1/25/2026,
1119,48.3,gf,3.540,mm,OK,--,6:49:04 PM,1/25/2026,
1120,48.3,gf,3.535,mm,OK,--,6:49:04 PM,1/25/2026,
1121,48.2,gf,3.530,mm,OK,--,6:49:04 PM,1/25/2026,
1122,48.2,gf,3.525,mm,OK,--,6:49:04 PM,1/25/2026,
1123,48.2,gf,3.520,mm,OK,--,6:49:04 PM,1/25/2026,
1124,48.2,gf,3.515,mm,OK,--,6:49:04 PM,1/25/2026,
1125,48.2,gf,3.510,mm,OK,--,6:49:04 PM,1/25/2026,
1126,48.2,gf,3.505,mm,OK,--,6:49:04 PM,1/25/2026,
1127,48.1,gf,3.495,mm,OK,--,6:49:05 PM,1/25/2026,
1128,48.1,gf,3.490,mm,OK,--,6:49:05 PM,1/25/2026,
1129,48.1,gf,3.485,mm,OK,--,6:49:05 PM,1/25/2026,
1130,48.0,gf,3.475,mm,OK,--,6:49:05 PM,1/25/2026,
1131,48.0,gf,3.470,mm,OK,--,6:49:05 PM,1/25/2026,
1132,48.0,gf,3.465,mm,OK,--,6:49:05 PM,1/25/2026,
1133,48.0,gf,3.460,mm,OK,--,6:49:05 PM,1/25/2026,
1134,48.0,gf,3.455,mm,OK,--,6:49:05 PM,1/25/2026,
1135,47.9,gf,3.450,mm,OK,--,6:49:05 PM,1/25/2026,
1136,47.9,gf,3.445,mm,OK,--,6:49:05 PM,1/25/2026,
1137,47.9,gf,3.440,mm,OK,--,6:49:06 PM,1/25/2026,
1138,47.9,gf,3.440,mm,OK,--,6:49:06 PM,1/25/2026,
1139,47.8,gf,3.430,mm,OK,--,6:49:06 PM,1/25/2026,
1140,47.8,gf,3.425,mm,OK,--,6:49:06 PM,1/25/2026,
1141,47.8,gf,3.420,mm,OK,--,6:49:06 PM,1/25/2026,
1142,47.7,gf,3.415,mm,OK,--,6:49:06 PM,1/25/2026,
1143,47.7,gf,3.410,mm,OK,--,6:49:06 PM,1/25/2026,
1144,47.7,gf,3.400,mm,OK,--,6:49:06 PM,1/25/2026,
1145,47.7,gf,3.395,mm,OK,--,6:49:06 PM,1/25/2026,
1146,47.7,gf,3.390,mm,OK,--,6:49:06 PM,1/25/2026,
1147,47.7,gf,3.385,mm,OK,--,6:49:07 PM,1/25/2026,
1148,47.6,gf,3.380,mm,OK,--,6:49:07 PM,1/25/2026,
1149,47.6,gf,3.375,mm,OK,--,6:49:07 PM,1/25/2026,
1150,47.6,gf,3.370,mm,OK,--,6:49:07 PM,1/25/2026,
1151,47.6,gf,3.365,mm,OK,--,6:49:07 PM,1/25/2026,
1152,47.5,gf,3.360,mm,OK,--,6:49:07 PM,1/25/2026,
1153,47.5,gf,3.355,mm,OK,--,6:49:07 PM,1/25/2026,
1154,47.5,gf,3.345,mm,OK,--,6:49:07 PM,1/25/2026,
1155,47.5,gf,3.340,mm,OK,--,6:49:07 PM,1/25/2026,
1156,47.4,gf,3.330,mm,OK,--,6:49:07 PM,1/25/2026,
1157,47.4,gf,3.325,mm,OK,--,6:49:08 PM,1/25/2026,
1158,47.4,gf,3.315,mm,OK,--,6:49:08 PM,1/25/2026,
1159,47.3,gf,3.310,mm,OK,--,6:49:08 PM,1/25/2026,
1160,47.3,gf,3.305,mm,OK,--,6:49:08 PM,1/25/2026,
1161,47.2,gf,3.300,mm,OK,--,6:49:08 PM,1/25/2026,
1162,47.2,gf,3.290,mm,OK,--,6:49:08 PM,1/25/2026,
1163,47.2,gf,3.285,mm,OK,--,6:49:08 PM,1/25/2026,
1164,47.2,gf,3.280,mm,OK,--,6:49:08 PM,1/25/2026,
1165,47.1,gf,3.275,mm,OK,--,6:49:08 PM,1/25/2026,
1166,47.2,gf,3.265,mm,OK,--,6:49:08 PM,1/25/2026,
1167,47.1,gf,3.260,mm,OK,--,6:49:09 PM,1/25/2026,
1168,47.1,gf,3.255,mm,OK,--,6:49:09 PM,1/25/2026,
1169,47.1,gf,3.250,mm,OK,--,6:49:09 PM,1/25/2026,
1170,47.1,gf,3.250,mm,OK,--,6:49:09 PM,1/25/2026,
1171,47.1,gf,3.245,mm,OK,--,6:49:09 PM,1/25/2026,
1172,47.1,gf,3.240,mm,OK,--,6:49:09 PM,1/25/2026,
1173,47.1,gf,3.235,mm,OK,--,6:49:09 PM,1/25/2026,
1174,47.0,gf,3.235,mm,OK,--,6:49:09 PM,1/25/2026,
1175,47.0,gf,3.230,mm,OK,--,6:49:09 PM,1/25/2026,
1176,47.0,gf,3.225,mm,OK,--,6:49:09 PM,1/25/2026,
1177,47.0,gf,3.220,mm,OK,--,6:49:10 PM,1/25/2026,
1178,47.0,gf,3.210,mm,OK,--,6:49:10 PM,1/25/2026,
1179,46.9,gf,3.205,mm,OK,--,6:49:10 PM,1/25/2026,
1180,46.9,gf,3.205,mm,OK,--,6:49:10 PM,1/25/2026,
1181,46.9,gf,3.200,mm,OK,--,6:49:10 PM,1/25/2026,
1182,46.9,gf,3.195,mm,OK,--,6:49:10 PM,1/25/2026,
1183,46.9,gf,3.190,mm,OK,--,6:49:10 PM,1/25/2026,
1184,46.9,gf,3.185,mm,OK,--,6:49:10 PM,1/25/2026,
1185,46.9,gf,3.180,mm,OK,--,6:49:10 PM,1/25/2026,
1186,46.8,gf,3.175,mm,OK,--,6:49:10 PM,1/25/2026,
1187,46.8,gf,3.170,mm,OK,--,6:49:11 PM,1/25/2026,
1188,46.8,gf,3.165,mm,OK,--,6:49:11 PM,1/25/2026,
1189,46.7,gf,3.155,mm,OK,--,6:49:11 PM,1/25/2026,
1190,46.6,gf,3.150,mm,OK,--,6:49:11 PM,1/25/2026,
1191,46.7,gf,3.145,mm,OK,--,6:49:11 PM,1/25/2026,
1192,46.5,gf,3.135,mm,OK,--,6:49:11 PM,1/25/2026,
1193,46.5,gf,3.125,mm,OK,--,6:49:11 PM,1/25/2026,
1194,46.5,gf,3.115,mm,OK,--,6:49:11 PM,1/25/2026,
1195,46.5,gf,3.110,mm,OK,--,6:49:11 PM,1/25/2026,
1196,46.5,gf,3.105,mm,OK,--,6:49:11 PM,1/25/2026,
1197,46.5,gf,3.100,mm,OK,--,6:49:12 PM,1/25/2026,
1198,46.5,gf,3.100,mm,OK,--,6:49:12 PM,1/25/2026,
1199,46.5,gf,3.095,mm,OK,--,6:49:12 PM,1/25/2026,
1200,46.5,gf,3.095,mm,OK,--,6:49:12 PM,1/25/2026,
1201,46.5,gf,3.090,mm,OK,--,6:49:12 PM,1/25/2026,
1202,46.5,gf,3.085,mm,OK,--,6:49:12 PM,1/25/2026,
1203,46.4,gf,3.080,mm,OK,--,6:49:12 PM,1/25/2026,
1204,46.4,gf,3.080,mm,OK,--,6:49:12 PM,1/25/2026,
1205,46.4,gf,3.075,mm,OK,--,6:49:12 PM,1/25/2026,
1206,46.4,gf,3.070,mm,OK,--,6:49:12 PM,1/25/2026,
1207,46.4,gf,3.070,mm,OK,--,6:49:13 PM,1/25/2026,
1208,46.4,gf,3.065,mm,OK,--,6:49:13 PM,1/25/2026,
1209,46.3,gf,3.060,mm,OK,--,6:49:13 PM,1/25/2026,
1210,46.3,gf,3.060,mm,OK,--,6:49:13 PM,1/25/2026,
1211,46.3,gf,3.055,mm,OK,--,6:49:13 PM,1/25/2026,
1212,46.3,gf,3.050,mm,OK,--,6:49:13 PM,1/25/2026,
1213,46.3,gf,3.045,mm,OK,--,6:49:13 PM,1/25/2026,
1214,46.3,gf,3.040,mm,OK,--,6:49:13 PM,1/25/2026,
1215,46.2,gf,3.035,mm,OK,--,6:49:13 PM,1/25/2026,
1216,46.2,gf,3.030,mm,OK,--,6:49:13 PM,1/25/2026,
1217,46.2,gf,3.025,mm,OK,--,6:49:14 PM,1/25/2026,
1218,46.2,gf,3.025,mm,OK,--,6:49:14 PM,1/25/2026,
1219,46.2,gf,3.020,mm,OK,--,6:49:14 PM,1/25/2026,
1220,46.2,gf,3.020,mm,OK,--,6:49:14 PM,1/25/2026,
1221,46.2,gf,3.015,mm,OK,--,6:49:14 PM,1/25/2026,
1222,46.2,gf,3.015,mm,OK,--,6:49:14 PM,1/25/2026,
1223,46.2,gf,3.010,mm,OK,--,6:49:14 PM,1/25/2026,
1224,46.1,gf,3.005,mm,OK,--,6:49:14 PM,1/25/2026,
1225,46.1,gf,3.000,mm,OK,--,6:49:14 PM,1/25/2026,
1226,46.1,gf,2.990,mm,OK,--,6:49:14 PM,1/25/2026,
1227,46.1,gf,2.985,mm,OK,--,6:49:15 PM,1/25/2026,
1228,46.0,gf,2.980,mm,OK,--,6:49:15 PM,1/25/2026,
1229,46.0,gf,2.970,mm,OK,--,6:49:15 PM,1/25/2026,
1230,46.0,gf,2.965,mm,OK,--,6:49:15 PM,1/25/2026,
1231,45.9,gf,2.955,mm,OK,--,6:49:15 PM,1/25/2026,
1232,45.9,gf,2.945,mm,OK,--,6:49:15 PM,1/25/2026,
1233,45.8,gf,2.930,mm,OK,--,6:49:15 PM,1/25/2026,
1234,45.7,gf,2.910,mm,OK,--,6:49:15 PM,1/25/2026,
1235,45.7,gf,2.900,mm,OK,--,6:49:15 PM,1/25/2026,
1236,45.7,gf,2.895,mm,OK,--,6:49:15 PM,1/25/2026,
1237,45.6,gf,2.885,mm,OK,--,6:49:16 PM,1/25/2026,
1238,45.5,gf,2.880,mm,OK,--,6:49:16 PM,1/25/2026,
1239,45.5,gf,2.870,mm,OK,--,6:49:16 PM,1/25/2026,
1240,45.6,gf,2.860,mm,OK,--,6:49:16 PM,1/25/2026,
1241,45.5,gf,2.850,mm,OK,--,6:49:16 PM,1/25/2026,
1242,45.5,gf,2.845,mm,OK,--,6:49:16 PM,1/25/2026,
1243,45.4,gf,2.835,mm,OK,--,6:49:16 PM,1/25/2026,
1244,45.4,gf,2.835,mm,OK,--,6:49:16 PM,1/25/2026,
1245,45.4,gf,2.835,mm,OK,--,6:49:16 PM,1/25/2026,
1246,45.4,gf,2.835,mm,OK,--,6:49:16 PM,1/25/2026,
1247,45.4,gf,2.830,mm,OK,--,6:49:17 PM,1/25/2026,
1248,45.4,gf,2.830,mm,OK,--,6:49:17 PM,1/25/2026,
1249,45.4,gf,2.825,mm,OK,--,6:49:17 PM,1/25/2026,
1250,45.4,gf,2.820,mm,OK,--,6:49:17 PM,1/25/2026,
1251,45.4,gf,2.820,mm,OK,--,6:49:17 PM,1/25/2026,
1252,45.4,gf,2.815,mm,OK,--,6:49:17 PM,1/25/2026,
1253,45.4,gf,2.815,mm,OK,--,6:49:17 PM,1/25/2026,
1254,45.3,gf,2.805,mm,OK,--,6:49:17 PM,1/25/2026,
1255,45.3,gf,2.795,mm,OK,--,6:49:17 PM,1/25/2026,
1256,45.2,gf,2.780,mm,OK,--,6:49:17 PM,1/25/2026,
1257,45.1,gf,2.770,mm,OK,--,6:49:18 PM,1/25/2026,
1258,45.1,gf,2.755,mm,OK,--,6:49:18 PM,1/25/2026,
1259,45.0,gf,2.745,mm,OK,--,6:49:18 PM,1/25/2026,
1260,45.0,gf,2.730,mm,OK,--,6:49:18 PM,1/25/2026,
1261,44.9,gf,2.715,mm,OK,--,6:49:18 PM,1/25/2026,
1262,44.9,gf,2.700,mm,OK,--,6:49:18 PM,1/25/2026,
1263,44.9,gf,2.690,mm,OK,--,6:49:18 PM,1/25/2026,
1264,44.9,gf,2.685,mm,OK,--,6:49:18 PM,1/25/2026,
1265,44.9,gf,2.675,mm,OK,--,6:49:18 PM,1/25/2026,
1266,44.9,gf,2.670,mm,OK,--,6:49:18 PM,1/25/2026,
1267,44.9,gf,2.665,mm,OK,--,6:49:19 PM,1/25/2026,
1268,44.9,gf,2.665,mm,OK,--,6:49:19 PM,1/25/2026,
1269,44.9,gf,2.660,mm,OK,--,6:49:19 PM,1/25/2026,
1270,44.8,gf,2.655,mm,OK,--,6:49:19 PM,1/25/2026,
1271,44.8,gf,2.655,mm,OK,--,6:49:19 PM,1/25/2026,
1272,44.8,gf,2.650,mm,OK,--,6:49:19 PM,1/25/2026,
1273,44.8,gf,2.645,mm,OK,--,6:49:19 PM,1/25/2026,
1274,44.8,gf,2.645,mm,OK,--,6:49:19 PM,1/25/2026,
1275,44.8,gf,2.645,mm,OK,--,6:49:19 PM,1/25/2026,
1276,44.8,gf,2.640,mm,OK,--,6:49:19 PM,1/25/2026,
1277,44.7,gf,2.635,mm,OK,--,6:49:20 PM,1/25/2026,
1278,44.7,gf,2.630,mm,OK,--,6:49:20 PM,1/25/2026,
1279,44.7,gf,2.625,mm,OK,--,6:49:20 PM,1/25/2026,
1280,44.7,gf,2.625,mm,OK,--,6:49:20 PM,1/25/2026,
1281,44.7,gf,2.620,mm,OK,--,6:49:20 PM,1/25/2026,
1282,44.6,gf,2.615,mm,OK,--,6:49:20 PM,1/25/2026,
1283,44.6,gf,2.610,mm,OK,--,6:49:20 PM,1/25/2026,
1284,44.6,gf,2.610,mm,OK,--,6:49:20 PM,1/25/2026,
1285,44.6,gf,2.605,mm,OK,--,6:49:20 PM,1/25/2026,
1286,44.6,gf,2.605,mm,OK,--,6:49:20 PM,1/25/2026,
1287,44.6,gf,2.605,mm,OK,--,6:49:21 PM,1/25/2026,
1288,44.6,gf,2.600,mm,OK,--,6:49:21 PM,1/25/2026,
1289,44.6,gf,2.600,mm,OK,--,6:49:21 PM,1/25/2026,
1290,44.5,gf,2.595,mm,OK,--,6:49:21 PM,1/25/2026,
1291,44.5,gf,2.590,mm,OK,--,6:49:21 PM,1/25/2026,
1292,44.5,gf,2.590,mm,OK,--,6:49:21 PM,1/25/2026,
1293,44.5,gf,2.585,mm,OK,--,6:49:21 PM,1/25/2026,
1294,44.5,gf,2.585,mm,OK,--,6:49:21 PM,1/25/2026,
1295,44.5,gf,2.580,mm,OK,--,6:49:21 PM,1/25/2026,
1296,44.5,gf,2.575,mm,OK,--,6:49:21 PM,1/25/2026,
1297,44.5,gf,2.570,mm,OK,--,6:49:22 PM,1/25/2026,
1298,44.5,gf,2.570,mm,OK,--,6:49:22 PM,1/25/2026,
1299,44.4,gf,2.565,mm,OK,--,6:49:22 PM,1/25/2026,
1300,44.4,gf,2.560,mm,OK,--,6:49:22 PM,1/25/2026,
1301,44.4,gf,2.555,mm,OK,--,6:49:22 PM,1/25/2026,
1302,44.4,gf,2.550,mm,OK,--,6:49:22 PM,1/25/2026,
1303,44.4,gf,2.545,mm,OK,--,6:49:22 PM,1/25/2026,
1304,44.4,gf,2.540,mm,OK,--,6:49:22 PM,1/25/2026,
1305,44.3,gf,2.535,mm,OK,--,6:49:22 PM,1/25/2026,
1306,44.3,gf,2.525,mm,OK,--,6:49:22 PM,1/25/2026,
1307,44.2,gf,2.520,mm,OK,--,6:49:23 PM,1/25/2026,
1308,44.2,gf,2.510,mm,OK,--,6:49:23 PM,1/25/2026,
1309,44.2,gf,2.500,mm,OK,--,6:49:23 PM,1/25/2026,
1310,44.2,gf,2.490,mm,OK,--,6:49:23 PM,1/25/2026,
1311,44.1,gf,2.480,mm,OK,--,6:49:23 PM,1/25/2026,
1312,44.1,gf,2.470,mm,OK,--,6:49:23 PM,1/25/2026,
1313,44.0,gf,2.460,mm,OK,--,6:49:23 PM,1/25/2026,
1314,44.0,gf,2.445,mm,OK,--,6:49:23 PM,1/25/2026,
1315,44.0,gf,2.435,mm,OK,--,6:49:23 PM,1/25/2026,
1316,44.0,gf,2.425,mm,OK,--,6:49:23 PM,1/25/2026,
1317,43.9,gf,2.410,mm,OK,--,6:49:24 PM,1/25/2026,
1318,43.9,gf,2.400,mm,OK,--,6:49:24 PM,1/25/2026,
1319,43.9,gf,2.390,mm,OK,--,6:49:24 PM,1/25/2026,
1320,43.9,gf,2.385,mm,OK,--,6:49:24 PM,1/25/2026,
1321,43.9,gf,2.370,mm,OK,--,6:49:24 PM,1/25/2026,
1322,43.8,gf,2.360,mm,OK,--,6:49:24 PM,1/25/2026,
1323,43.8,gf,2.355,mm,OK,--,6:49:24 PM,1/25/2026,
1324,43.8,gf,2.345,mm,OK,--,6:49:24 PM,1/25/2026,
1325,43.7,gf,2.340,mm,OK,--,6:49:24 PM,1/25/2026,
1326,43.7,gf,2.335,mm,OK,--,6:49:24 PM,1/25/2026,
1327,43.7,gf,2.330,mm,OK,--,6:49:25 PM,1/25/2026,
1328,43.7,gf,2.325,mm,OK,--,6:49:25 PM,1/25/2026,
1329,43.7,gf,2.320,mm,OK,--,6:49:25 PM,1/25/2026,
1330,43.7,gf,2.310,mm,OK,--,6:49:25 PM,1/25/2026,
1331,43.7,gf,2.305,mm,OK,--,6:49:25 PM,1/25/2026,
1332,43.6,gf,2.300,mm,OK,--,6:49:25 PM,1/25/2026,
1333,43.6,gf,2.295,mm,OK,--,6:49:25 PM,1/25/2026,
1334,43.6,gf,2.290,mm,OK,--,6:49:25 PM,1/25/2026,
1335,43.5,gf,2.280,mm,OK,--,6:49:25 PM,1/25/2026,
1336,43.5,gf,2.270,mm,OK,--,6:49:25 PM,1/25/2026,
1337,43.5,gf,2.260,mm,OK,--,6:49:26 PM,1/25/2026,
1338,43.5,gf,2.255,mm,OK,--,6:49:26 PM,1/25/2026,
1339,43.5,gf,2.245,mm,OK,--,6:49:26 PM,1/25/2026,
1340,43.4,gf,2.235,mm,OK,--,6:49:26 PM,1/25/2026,
1341,43.4,gf,2.225,mm,OK,--,6:49:26 PM,1/25/2026,
1342,43.4,gf,2.220,mm,OK,--,6:49:26 PM,1/25/2026,
1343,43.4,gf,2.210,mm,OK,--,6:49:26 PM,1/25/2026,
1344,43.4,gf,2.205,mm,OK,--,6:49:26 PM,1/25/2026,
1345,43.3,gf,2.200,mm,OK,--,6:49:26 PM,1/25/2026,
1346,43.3,gf,2.195,mm,OK,--,6:49:26 PM,1/25/2026,
1347,43.3,gf,2.190,mm,OK,--,6:49:27 PM,1/25/2026,
1348,43.3,gf,2.185,mm,OK,--,6:49:27 PM,1/25/2026,
1349,43.3,gf,2.185,mm,OK,--,6:49:27 PM,1/25/2026,
1350,43.3,gf,2.180,mm,OK,--,6:49:27 PM,1/25/2026,
1351,43.3,gf,2.175,mm,OK,--,6:49:27 PM,1/25/2026,
1352,43.3,gf,2.170,mm,OK,--,6:49:27 PM,1/25/2026,
1353,43.3,gf,2.165,mm,OK,--,6:49:27 PM,1/25/2026,
1354,43.2,gf,2.155,mm,OK,--,6:49:27 PM,1/25/2026,
1355,43.2,gf,2.150,mm,OK,--,6:49:27 PM,1/25/2026,
1356,43.2,gf,2.145,mm,OK,--,6:49:27 PM,1/25/2026,
1357,43.2,gf,2.140,mm,OK,--,6:49:28 PM,1/25/2026,
1358,43.1,gf,2.130,mm,OK,--,6:49:28 PM,1/25/2026,
1359,43.1,gf,2.125,mm,OK,--,6:49:28 PM,1/25/2026,
1360,43.1,gf,2.125,mm,OK,--,6:49:28 PM,1/25/2026,
1361,43.1,gf,2.120,mm,OK,--,6:49:28 PM,1/25/2026,
1362,43.1,gf,2.110,mm,OK,--,6:49:28 PM,1/25/2026,
1363,43.0,gf,2.100,mm,OK,--,6:49:28 PM,1/25/2026,
1364,42.9,gf,2.090,mm,OK,--,6:49:28 PM,1/25/2026,
1365,42.9,gf,2.075,mm,OK,--,6:49:28 PM,1/25/2026,
1366,42.9,gf,2.065,mm,OK,--,6:49:28 PM,1/25/2026,
1367,42.9,gf,2.060,mm,OK,--,6:49:29 PM,1/25/2026,
1368,42.8,gf,2.055,mm,OK,--,6:49:29 PM,1/25/2026,
1369,42.8,gf,2.045,mm,OK,--,6:49:29 PM,1/25/2026,
1370,42.8,gf,2.040,mm,OK,--,6:49:29 PM,1/25/2026,
1371,42.8,gf,2.030,mm,OK,--,6:49:29 PM,1/25/2026,
1372,42.7,gf,2.020,mm,OK,--,6:49:29 PM,1/25/2026,
1373,42.7,gf,2.005,mm,OK,--,6:49:29 PM,1/25/2026,
1374,42.6,gf,1.990,mm,OK,--,6:49:29 PM,1/25/2026,
1375,42.6,gf,1.980,mm,OK,--,6:49:29 PM,1/25/2026,
1376,42.5,gf,1.970,mm,OK,--,6:49:29 PM,1/25/2026,
1377,42.5,gf,1.960,mm,OK,--,6:49:30 PM,1/25/2026,
1378,42.5,gf,1.950,mm,OK,--,6:49:30 PM,1/25/2026,
1379,42.4,gf,1.940,mm,OK,--,6:49:30 PM,1/25/2026,
1380,42.5,gf,1.930,mm,OK,--,6:49:30 PM,1/25/2026,
1381,42.4,gf,1.925,mm,OK,--,6:49:30 PM,1/25/2026,
1382,42.4,gf,1.915,mm,OK,--,6:49:30 PM,1/25/2026,
1383,42.4,gf,1.910,mm,OK,--,6:49:30 PM,1/25/2026,
1384,42.4,gf,1.905,mm,OK,--,6:49:30 PM,1/25/2026,
1385,42.4,gf,1.895,mm,OK,--,6:49:30 PM,1/25/2026,
1386,42.3,gf,1.890,mm,OK,--,6:49:30 PM,1/25/2026,
1387,42.4,gf,1.890,mm,OK,--,6:49:31 PM,1/25/2026,
1388,42.3,gf,1.885,mm,OK,--,6:49:31 PM,1/25/2026,
1389,42.3,gf,1.880,mm,OK,--,6:49:31 PM,1/25/2026,
1390,42.3,gf,1.875,mm,OK,--,6:49:31 PM,1/25/2026,
1391,42.3,gf,1.870,mm,OK,--,6:49:31 PM,1/25/2026,
1392,42.2,gf,1.865,mm,OK,--,6:49:31 PM,1/25/2026,
1393,42.2,gf,1.860,mm,OK,--,6:49:31 PM,1/25/2026,
1394,42.2,gf,1.855,mm,OK,--,6:49:31 PM,1/25/2026,
1395,42.2,gf,1.845,mm,OK,--,6:49:31 PM,1/25/2026,
1396,42.2,gf,1.845,mm,OK,--,6:49:31 PM,1/25/2026,
1397,42.1,gf,1.840,mm,OK,--,6:49:32 PM,1/25/2026,
1398,42.1,gf,1.835,mm,OK,--,6:49:32 PM,1/25/2026,
1399,42.1,gf,1.830,mm,OK,--,6:49:32 PM,1/25/2026,
1400,42.0,gf,1.825,mm,OK,--,6:49:32 PM,1/25/2026,
1401,42.0,gf,1.820,mm,OK,--,6:49:32 PM,1/25/2026,
1402,42.0,gf,1.810,mm,OK,--,6:49:32 PM,1/25/2026,
1403,42.0,gf,1.805,mm,OK,--,6:49:32 PM,1/25/2026,
1404,42.0,gf,1.800,mm,OK,--,6:49:32 PM,1/25/2026,
1405,42.0,gf,1.790,mm,OK,--,6:49:32 PM,1/25/2026,
1406,41.9,gf,1.780,mm,OK,--,6:49:32 PM,1/25/2026,
1407,41.8,gf,1.760,mm,OK,--,6:49:33 PM,1/25/2026,
1408,41.8,gf,1.745,mm,OK,--,6:49:33 PM,1/25/2026,
1409,41.7,gf,1.730,mm,OK,--,6:49:33 PM,1/25/2026,
1410,41.7,gf,1.710,mm,OK,--,6:49:33 PM,1/25/2026,
1411,41.6,gf,1.695,mm,OK,--,6:49:33 PM,1/25/2026,
1412,41.5,gf,1.670,mm,OK,--,6:49:33 PM,1/25/2026,
1413,41.4,gf,1.650,mm,OK,--,6:49:33 PM,1/25/2026,
1414,41.4,gf,1.635,mm,OK,--,6:49:33 PM,1/25/2026,
1415,41.3,gf,1.625,mm,OK,--,6:49:33 PM,1/25/2026,
1416,41.3,gf,1.610,mm,OK,--,6:49:33 PM,1/25/2026,
1417,41.2,gf,1.595,mm,OK,--,6:49:34 PM,1/25/2026,
1418,41.1,gf,1.575,mm,OK,--,6:49:34 PM,1/25/2026,
1419,40.9,gf,1.550,mm,OK,--,6:49:34 PM,1/25/2026,
1420,40.8,gf,1.525,mm,OK,--,6:49:34 PM,1/25/2026,
1421,40.6,gf,1.505,mm,OK,--,6:49:34 PM,1/25/2026,
1422,40.6,gf,1.490,mm,OK,--,6:49:34 PM,1/25/2026,
1423,40.5,gf,1.480,mm,OK,--,6:49:34 PM,1/25/2026,
1424,40.4,gf,1.475,mm,OK,--,6:49:34 PM,1/25/2026,
1425,40.4,gf,1.470,mm,OK,--,6:49:34 PM,1/25/2026,
1426,40.4,gf,1.465,mm,OK,--,6:49:34 PM,1/25/2026,
1427,40.3,gf,1.460,mm,OK,--,6:49:35 PM,1/25/2026,
1428,40.2,gf,1.450,mm,OK,--,6:49:35 PM,1/25/2026,
1429,40.2,gf,1.445,mm,OK,--,6:49:35 PM,1/25/2026,
1430,40.2,gf,1.435,mm,OK,--,6:49:35 PM,1/25/2026,
1431,40.1,gf,1.425,mm,OK,--,6:49:35 PM,1/25/2026,
1432,40.1,gf,1.420,mm,OK,--,6:49:35 PM,1/25/2026,
1433,40.1,gf,1.415,mm,OK,--,6:49:35 PM,1/25/2026,
1434,40.0,gf,1.410,mm,OK,--,6:49:35 PM,1/25/2026,
1435,40.0,gf,1.400,mm,OK,--,6:49:35 PM,1/25/2026,
1436,40.0,gf,1.400,mm,OK,--,6:49:35 PM,1/25/2026,
1437,40.0,gf,1.400,mm,OK,--,6:49:36 PM,1/25/2026,
1438,40.0,gf,1.395,mm,OK,--,6:49:36 PM,1/25/2026,
1439,39.9,gf,1.395,mm,OK,--,6:49:36 PM,1/25/2026,
1440,39.9,gf,1.390,mm,OK,--,6:49:36 PM,1/25/2026,
1441,39.9,gf,1.390,mm,OK,--,6:49:36 PM,1/25/2026,
1442,39.9,gf,1.390,mm,OK,--,6:49:36 PM,1/25/2026,
1443,39.9,gf,1.385,mm,OK,--,6:49:36 PM,1/25/2026,
1444,39.9,gf,1.380,mm,OK,--,6:49:36 PM,1/25/2026,
1445,39.7,gf,1.375,mm,OK,--,6:49:36 PM,1/25/2026,
1446,39.6,gf,1.355,mm,OK,--,6:49:36 PM,1/25/2026,
1447,39.5,gf,1.345,mm,OK,--,6:49:37 PM,1/25/2026,
1448,39.3,gf,1.335,mm,OK,--,6:49:37 PM,1/25/2026,
1449,39.1,gf,1.330,mm,OK,--,6:49:37 PM,1/25/2026,
1450,38.9,gf,1.320,mm,OK,--,6:49:37 PM,1/25/2026,
1451,38.7,gf,1.315,mm,OK,--,6:49:37 PM,1/25/2026,
1452,38.5,gf,1.305,mm,OK,--,6:49:37 PM,1/25/2026,
1453,38.3,gf,1.295,mm,OK,--,6:49:37 PM,1/25/2026,
1454,38.2,gf,1.290,mm,OK,--,6:49:37 PM,1/25/2026,
1455,38.0,gf,1.280,mm,OK,--,6:49:37 PM,1/25/2026,
1456,37.8,gf,1.270,mm,OK,--,6:49:37 PM,1/25/2026,
1457,37.7,gf,1.265,mm,OK,--,6:49:38 PM,1/25/2026,
1458,37.6,gf,1.255,mm,OK,--,6:49:38 PM,1/25/2026,
1459,37.6,gf,1.255,mm,OK,--,6:49:38 PM,1/25/2026,
1460,37.5,gf,1.250,mm,OK,--,6:49:38 PM,1/25/2026,
1461,37.3,gf,1.245,mm,OK,--,6:49:38 PM,1/25/2026,
1462,37.3,gf,1.240,mm,OK,--,6:49:38 PM,1/25/2026,
1463,37.2,gf,1.235,mm,OK,--,6:49:38 PM,1/25/2026,
1464,37.1,gf,1.230,mm,OK,--,6:49:38 PM,1/25/2026,
1465,36.9,gf,1.225,mm,OK,--,6:49:38 PM,1/25/2026,
1466,36.8,gf,1.215,mm,OK,--,6:49:38 PM,1/25/2026,
1467,36.8,gf,1.205,mm,OK,--,6:49:39 PM,1/25/2026,
1468,36.9,gf,1.195,mm,OK,--,6:49:39 PM,1/25/2026,
1469,36.9,gf,1.185,mm,OK,--,6:49:39 PM,1/25/2026,
1470,36.9,gf,1.180,mm,OK,--,6:49:39 PM,1/25/2026,
1471,36.8,gf,1.175,mm,OK,--,6:49:39 PM,1/25/2026,
1472,36.9,gf,1.170,mm,OK,--,6:49:39 PM,1/25/2026,
1473,36.9,gf,1.165,mm,OK,--,6:49:39 PM,1/25/2026,
1474,36.9,gf,1.165,mm,OK,--,6:49:39 PM,1/25/2026,
1475,36.9,gf,1.160,mm,OK,--,6:49:39 PM,1/25/2026,
1476,36.8,gf,1.160,mm,OK,--,6:49:39 PM,1/25/2026,
1477,36.8,gf,1.155,mm,OK,--,6:49:40 PM,1/25/2026,
1478,36.8,gf,1.150,mm,OK,--,6:49:40 PM,1/25/2026,
1479,36.8,gf,1.150,mm,OK,--,6:49:40 PM,1/25/2026,
1480,36.8,gf,1.145,mm,OK,--,6:49:40 PM,1/25/2026,
1481,36.7,gf,1.140,mm,OK,--,6:49:40 PM,1/25/2026,
1482,36.7,gf,1.135,mm,OK,--,6:49:40 PM,1/25/2026,
1483,36.7,gf,1.125,mm,OK,--,6:49:40 PM,1/25/2026,
1484,36.8,gf,1.120,mm,OK,--,6:49:40 PM,1/25/2026,
1485,36.7,gf,1.120,mm,OK,--,6:49:40 PM,1/25/2026,
1486,36.9,gf,1.120,mm,OK,--,6:49:40 PM,1/25/2026,
1487,36.7,gf,1.120,mm,OK,--,6:49:41 PM,1/25/2026,
1488,36.7,gf,1.115,mm,OK,--,6:49:41 PM,1/25/2026,
1489,36.7,gf,1.115,mm,OK,--,6:49:41 PM,1/25/2026,
1490,36.6,gf,1.110,mm,OK,--,6:49:41 PM,1/25/2026,
1491,36.6,gf,1.110,mm,OK,--,6:49:41 PM,1/25/2026,
1492,36.6,gf,1.105,mm,OK,--,6:49:41 PM,1/25/2026,
1493,36.6,gf,1.100,mm,OK,--,6:49:41 PM,1/25/2026,
1494,36.6,gf,1.095,mm,OK,--,6:49:41 PM,1/25/2026,
1495,36.5,gf,1.090,mm,OK,--,6:49:41 PM,1/25/2026,
1496,36.6,gf,1.090,mm,OK,--,6:49:41 PM,1/25/2026,
1497,36.5,gf,1.085,mm,OK,--,6:49:42 PM,1/25/2026,
1498,36.5,gf,1.085,mm,OK,--,6:49:42 PM,1/25/2026,
1499,36.5,gf,1.080,mm,OK,--,6:49:42 PM,1/25/2026,
1500,36.4,gf,1.075,mm,OK,--,6:49:42 PM,1/25/2026,
1501,36.4,gf,1.070,mm,OK,--,6:49:42 PM,1/25/2026,
1502,36.4,gf,1.065,mm,OK,--,6:49:42 PM,1/25/2026,
1503,36.4,gf,1.060,mm,OK,--,6:49:42 PM,1/25/2026,
1504,36.4,gf,1.055,mm,OK,--,6:49:42 PM,1/25/2026,
1505,36.4,gf,1.050,mm,OK,--,6:49:42 PM,1/25/2026,
1506,36.3,gf,1.045,mm,OK,--,6:49:42 PM,1/25/2026,
1507,36.3,gf,1.040,mm,OK,--,6:49:43 PM,1/25/2026,
1508,36.3,gf,1.035,mm,OK,--,6:49:43 PM,1/25/2026,
1509,36.4,gf,1.025,mm,OK,--,6:49:43 PM,1/25/2026,
1510,36.3,gf,1.020,mm,OK,--,6:49:43 PM,1/25/2026,
1511,36.3,gf,1.020,mm,OK,--,6:49:43 PM,1/25/2026,
1512,36.3,gf,1.015,mm,OK,--,6:49:43 PM,1/25/2026,
1513,36.3,gf,1.010,mm,OK,--,6:49:43 PM,1/25/2026,
1514,36.2,gf,1.005,mm,OK,--,6:49:43 PM,1/25/2026,
1515,36.3,gf,1.000,mm,OK,--,6:49:43 PM,1/25/2026,
1516,36.2,gf,1.000,mm,OK,--,6:49:43 PM,1/25/2026,
1517,36.3,gf,0.995,mm,OK,--,6:49:44 PM,1/25/2026,
1518,36.3,gf,0.995,mm,OK,--,6:49:44 PM,1/25/2026,
1519,36.2,gf,0.990,mm,OK,--,6:49:44 PM,1/25/2026,
1520,36.3,gf,0.990,mm,OK,--,6:49:44 PM,1/25/2026,
1521,36.2,gf,0.990,mm,OK,--,6:49:44 PM,1/25/2026,
1522,36.1,gf,0.985,mm,OK,--,6:49:44 PM,1/25/2026,
1523,36.2,gf,0.980,mm,OK,--,6:49:44 PM,1/25/2026,
1524,36.1,gf,0.975,mm,OK,--,6:49:44 PM,1/25/2026,
1525,36.1,gf,0.970,mm,OK,--,6:49:44 PM,1/25/2026,
1526,36.1,gf,0.965,mm,OK,--,6:49:44 PM,1/25/2026,
1527,36.1,gf,0.965,mm,OK,--,6:49:45 PM,1/25/2026,
1528,36.1,gf,0.965,mm,OK,--,6:49:45 PM,1/25/2026,
1529,36.1,gf,0.960,mm,OK,--,6:49:45 PM,1/25/2026,
1530,36.1,gf,0.960,mm,OK,--,6:49:45 PM,1/25/2026,
1531,36.0,gf,0.960,mm,OK,--,6:49:45 PM,1/25/2026,
1532,36.0,gf,0.955,mm,OK,--,6:49:45 PM,1/25/2026,
1533,36.0,gf,0.950,mm,OK,--,6:49:45 PM,1/25/2026,
1534,36.0,gf,0.945,mm,OK,--,6:49:45 PM,1/25/2026,
1535,36.0,gf,0.945,mm,OK,--,6:49:45 PM,1/25/2026,
1536,36.0,gf,0.940,mm,OK,--,6:49:45 PM,1/25/2026,
1537,36.0,gf,0.940,mm,OK,--,6:49:46 PM,1/25/2026,
1538,35.9,gf,0.940,mm,OK,--,6:49:46 PM,1/25/2026,
1539,35.9,gf,0.935,mm,OK,--,6:49:46 PM,1/25/2026,
1540,35.9,gf,0.930,mm,OK,--,6:49:46 PM,1/25/2026,
1541,35.9,gf,0.930,mm,OK,--,6:49:46 PM,1/25/2026,
1542,35.8,gf,0.930,mm,OK,--,6:49:46 PM,1/25/2026,
1543,35.8,gf,0.925,mm,OK,--,6:49:46 PM,1/25/2026,
1544,35.8,gf,0.925,mm,OK,--,6:49:46 PM,1/25/2026,
1545,35.7,gf,0.920,mm,OK,--,6:49:46 PM,1/25/2026,
1546,35.7,gf,0.920,mm,OK,--,6:49:46 PM,1/25/2026,
1547,35.7,gf,0.910,mm,OK,--,6:49:47 PM,1/25/2026,
1548,35.7,gf,0.905,mm,OK,--,6:49:47 PM,1/25/2026,
1549,35.7,gf,0.900,mm,OK,--,6:49:47 PM,1/25/2026,
1550,35.7,gf,0.900,mm,OK,--,6:49:47 PM,1/25/2026,
1551,35.7,gf,0.895,mm,OK,--,6:49:47 PM,1/25/2026,
1552,35.7,gf,0.895,mm,OK,--,6:49:47 PM,1/25/2026,
1553,35.7,gf,0.890,mm,OK,--,6:49:47 PM,1/25/2026,
1554,35.6,gf,0.890,mm,OK,--,6:49:47 PM,1/25/2026,
1555,35.6,gf,0.890,mm,OK,--,6:49:47 PM,1/25/2026,
1556,35.6,gf,0.890,mm,OK,--,6:49:47 PM,1/25/2026,
1557,35.6,gf,0.885,mm,OK,--,6:49:48 PM,1/25/2026,
1558,35.5,gf,0.885,mm,OK,--,6:49:48 PM,1/25/2026,
1559,35.7,gf,0.885,mm,OK,--,6:49:48 PM,1/25/2026,
1560,35.6,gf,0.885,mm,OK,--,6:49:48 PM,1/25/2026,
1561,35.5,gf,0.885,mm,OK,--,6:49:48 PM,1/25/2026,
1562,35.5,gf,0.880,mm,OK,--,6:49:48 PM,1/25/2026,
1563,35.5,gf,0.880,mm,OK,--,6:49:48 PM,1/25/2026,
1564,35.4,gf,0.880,mm,OK,--,6:49:48 PM,1/25/2026,
1565,35.5,gf,0.875,mm,OK,--,6:49:48 PM,1/25/2026,
1566,35.4,gf,0.875,mm,OK,--,6:49:48 PM,1/25/2026,
1567,35.5,gf,0.870,mm,OK,--,6:49:49 PM,1/25/2026,
1568,35.4,gf,0.870,mm,OK,--,6:49:49 PM,1/25/2026,
1569,35.3,gf,0.870,mm,OK,--,6:49:49 PM,1/25/2026,
1570,35.4,gf,0.865,mm,OK,--,6:49:49 PM,1/25/2026,
1571,35.4,gf,0.855,mm,OK,--,6:49:49 PM,1/25/2026,
1572,35.4,gf,0.850,mm,OK,--,6:49:49 PM,1/25/2026,
1573,35.4,gf,0.850,mm,OK,--,6:49:49 PM,1/25/2026,
1574,35.4,gf,0.845,mm,OK,--,6:49:49 PM,1/25/2026,
1575,35.4,gf,0.840,mm,OK,--,6:49:49 PM,1/25/2026,
1576,35.4,gf,0.840,mm,OK,--,6:49:49 PM,1/25/2026,
1577,35.4,gf,0.835,mm,OK,--,6:49:50 PM,1/25/2026,
1578,35.3,gf,0.835,mm,OK,--,6:49:50 PM,1/25/2026,
1579,35.2,gf,0.830,mm,OK,--,6:49:50 PM,1/25/2026,
1580,35.3,gf,0.830,mm,OK,--,6:49:50 PM,1/25/2026,
1581,35.2,gf,0.825,mm,OK,--,6:49:50 PM,1/25/2026,
1582,35.2,gf,0.820,mm,OK,--,6:49:50 PM,1/25/2026,
1583,35.1,gf,0.820,mm,OK,--,6:49:50 PM,1/25/2026,
1584,35.1,gf,0.815,mm,OK,--,6:49:50 PM,1/25/2026,
1585,35.1,gf,0.815,mm,OK,--,6:49:50 PM,1/25/2026,
1586,35.1,gf,0.810,mm,OK,--,6:49:50 PM,1/25/2026,
1587,35.1,gf,0.805,mm,OK,--,6:49:51 PM,1/25/2026,
1588,35.1,gf,0.805,mm,OK,--,6:49:51 PM,1/25/2026,
1589,35.0,gf,0.800,mm,OK,--,6:49:51 PM,1/25/2026,
1590,35.1,gf,0.795,mm,OK,--,6:49:51 PM,1/25/2026,
1591,35.1,gf,0.795,mm,OK,--,6:49:51 PM,1/25/2026,
1592,35.0,gf,0.790,mm,OK,--,6:49:51 PM,1/25/2026,
1593,35.0,gf,0.785,mm,OK,--,6:49:51 PM,1/25/2026,
1594,35.0,gf,0.780,mm,OK,--,6:49:51 PM,1/25/2026,
1595,35.0,gf,0.780,mm,OK,--,6:49:51 PM,1/25/2026,
1596,34.9,gf,0.775,mm,OK,--,6:49:51 PM,1/25/2026,
1597,35.0,gf,0.775,mm,OK,--,6:49:52 PM,1/25/2026,
1598,35.0,gf,0.775,mm,OK,--,6:49:52 PM,1/25/2026,
1599,34.9,gf,0.770,mm,OK,--,6:49:52 PM,1/25/2026,
1600,34.9,gf,0.770,mm,OK,--,6:49:52 PM,1/25/2026,
1601,34.9,gf,0.765,mm,OK,--,6:49:52 PM,1/25/2026,
1602,34.9,gf,0.765,mm,OK,--,6:49:52 PM,1/25/2026,
1603,34.9,gf,0.765,mm,OK,--,6:49:52 PM,1/25/2026,
1604,34.9,gf,0.765,mm,OK,--,6:49:52 PM,1/25/2026,
1605,34.9,gf,0.760,mm,OK,--,6:49:52 PM,1/25/2026,
1606,34.8,gf,0.760,mm,OK,--,6:49:52 PM,1/25/2026,
1607,34.8,gf,0.760,mm,OK,--,6:49:53 PM,1/25/2026,
1608,34.8,gf,0.755,mm,OK,--,6:49:53 PM,1/25/2026,
1609,34.7,gf,0.755,mm,OK,--,6:49:53 PM,1/25/2026,
1610,34.8,gf,0.750,mm,OK,--,6:49:53 PM,1/25/2026,
1611,34.8,gf,0.745,mm,OK,--,6:49:53 PM,1/25/2026,
1612,34.8,gf,0.745,mm,OK,--,6:49:53 PM,1/25/2026,
1613,34.7,gf,0.740,mm,OK,--,6:49:53 PM,1/25/2026,
1614,34.8,gf,0.740,mm,OK,--,6:49:53 PM,1/25/2026,
1615,34.7,gf,0.735,mm,OK,--,6:49:53 PM,1/25/2026,
1616,34.8,gf,0.735,mm,OK,--,6:49:53 PM,1/25/2026,
1617,34.8,gf,0.730,mm,OK,--,6:49:54 PM,1/25/2026,
1618,34.8,gf,0.730,mm,OK,--,6:49:54 PM,1/25/2026,
1619,34.8,gf,0.725,mm,OK,--,6:49:54 PM,1/25/2026,
1620,34.8,gf,0.725,mm,OK,--,6:49:54 PM,1/25/2026,
1621,34.8,gf,0.720,mm,OK,--,6:49:54 PM,1/25/2026,
1622,34.8,gf,0.720,mm,OK,--,6:49:54 PM,1/25/2026,
1623,34.7,gf,0.720,mm,OK,--,6:49:54 PM,1/25/2026,
1624,34.7,gf,0.715,mm,OK,--,6:49:54 PM,1/25/2026,
1625,34.7,gf,0.715,mm,OK,--,6:49:54 PM,1/25/2026,
1626,34.7,gf,0.710,mm,OK,--,6:49:54 PM,1/25/2026,
1627,34.7,gf,0.710,mm,OK,--,6:49:55 PM,1/25/2026,
1628,34.7,gf,0.710,mm,OK,--,6:49:55 PM,1/25/2026,
1629,34.7,gf,0.710,mm,OK,--,6:49:55 PM,1/25/2026,
1630,34.6,gf,0.705,mm,OK,--,6:49:55 PM,1/25/2026,
1631,34.7,gf,0.705,mm,OK,--,6:49:55 PM,1/25/2026,
1632,34.6,gf,0.705,mm,OK,--,6:49:55 PM,1/25/2026,
1633,34.6,gf,0.700,mm,OK,--,6:49:55 PM,1/25/2026,
1634,34.6,gf,0.700,mm,OK,--,6:49:55 PM,1/25/2026,
1635,34.5,gf,0.700,mm,OK,--,6:49:55 PM,1/25/2026,
1636,34.6,gf,0.695,mm,OK,--,6:49:55 PM,1/25/2026,
1637,34.5,gf,0.695,mm,OK,--,6:49:56 PM,1/25/2026,
1638,34.5,gf,0.690,mm,OK,--,6:49:56 PM,1/25/2026,
1639,34.5,gf,0.690,mm,OK,--,6:49:56 PM,1/25/2026,
1640,34.6,gf,0.685,mm,OK,--,6:49:56 PM,1/25/2026,
1641,34.4,gf,0.685,mm,OK,--,6:49:56 PM,1/25/2026,
1642,34.5,gf,0.685,mm,OK,--,6:49:56 PM,1/25/2026,
1643,34.4,gf,0.685,mm,OK,--,6:49:56 PM,1/25/2026,
1644,34.4,gf,0.685,mm,OK,--,6:49:56 PM,1/25/2026,
1645,34.3,gf,0.680,mm,OK,--,6:49:56 PM,1/25/2026,
1646,34.3,gf,0.680,mm,OK,--,6:49:56 PM,1/25/2026,
1647,34.3,gf,0.675,mm,OK,--,6:49:57 PM,1/25/2026,
1648,34.3,gf,0.675,mm,OK,--,6:49:57 PM,1/25/2026,
1649,34.4,gf,0.670,mm,OK,--,6:49:57 PM,1/25/2026,
1650,34.3,gf,0.670,mm,OK,--,6:49:57 PM,1/25/2026,
1651,34.3,gf,0.670,mm,OK,--,6:49:57 PM,1/25/2026,
1652,34.2,gf,0.670,mm,OK,--,6:49:57 PM,1/25/2026,
1653,34.2,gf,0.665,mm,OK,--,6:49:57 PM,1/25/2026,
1654,34.3,gf,0.665,mm,OK,--,6:49:57 PM,1/25/2026,
1655,34.2,gf,0.660,mm,OK,--,6:49:57 PM,1/25/2026,
1656,34.2,gf,0.660,mm,OK,--,6:49:57 PM,1/25/2026,
1657,34.2,gf,0.660,mm,OK,--,6:49:58 PM,1/25/2026,
1658,34.1,gf,0.660,mm,OK,--,6:49:58 PM,1/25/2026,
1659,34.1,gf,0.655,mm,OK,--,6:49:58 PM,1/25/2026,
1660,34.0,gf,0.655,mm,OK,--,6:49:58 PM,1/25/2026,
1661,34.1,gf,0.650,mm,OK,--,6:49:58 PM,1/25/2026,
1662,34.1,gf,0.640,mm,OK,--,6:49:58 PM,1/25/2026,
1663,34.1,gf,0.635,mm,OK,--,6:49:58 PM,1/25/2026,
1664,34.1,gf,0.635,mm,OK,--,6:49:58 PM,1/25/2026,
1665,34.1,gf,0.630,mm,OK,--,6:49:58 PM,1/25/2026,
1666,34.3,gf,0.630,mm,OK,--,6:49:58 PM,1/25/2026,
1667,34.0,gf,0.630,mm,OK,--,6:49:59 PM,1/25/2026,
1668,34.0,gf,0.625,mm,OK,--,6:49:59 PM,1/25/2026,
1669,33.9,gf,0.625,mm,OK,--,6:49:59 PM,1/25/2026,
1670,33.9,gf,0.620,mm,OK,--,6:49:59 PM,1/25/2026,
1671,33.9,gf,0.610,mm,OK,--,6:49:59 PM,1/25/2026,
1672,33.9,gf,0.605,mm,OK,--,6:49:59 PM,1/25/2026,
1673,33.8,gf,0.595,mm,OK,--,6:49:59 PM,1/25/2026,
1674,33.7,gf,0.590,mm,OK,--,6:49:59 PM,1/25/2026,
1675,33.8,gf,0.580,mm,OK,--,6:49:59 PM,1/25/2026,
1676,33.8,gf,0.575,mm,OK,--,6:49:59 PM,1/25/2026,
1677,33.7,gf,0.570,mm,OK,--,6:50:00 PM,1/25/2026,
1678,33.8,gf,0.570,mm,OK,--,6:50:00 PM,1/25/2026,
1679,33.7,gf,0.565,mm,OK,--,6:50:00 PM,1/25/2026,
1680,33.6,gf,0.565,mm,OK,--,6:50:00 PM,1/25/2026,
1681,33.6,gf,0.560,mm,OK,--,6:50:00 PM,1/25/2026,
1682,33.5,gf,0.560,mm,OK,--,6:50:00 PM,1/25/2026,
1683,33.5,gf,0.555,mm,OK,--,6:50:00 PM,1/25/2026,
1684,33.6,gf,0.550,mm,OK,--,6:50:00 PM,1/25/2026,
1685,33.5,gf,0.550,mm,OK,--,6:50:00 PM,1/25/2026,
1686,33.6,gf,0.545,mm,OK,--,6:50:00 PM,1/25/2026,
1687,33.6,gf,0.545,mm,OK,--,6:50:01 PM,1/25/2026,
1688,33.5,gf,0.545,mm,OK,--,6:50:01 PM,1/25/2026,
1689,33.5,gf,0.540,mm,OK,--,6:50:01 PM,1/25/2026,
1690,33.5,gf,0.540,mm,OK,--,6:50:01 PM,1/25/2026,
1691,33.5,gf,0.535,mm,OK,--,6:50:01 PM,1/25/2026,
1692,33.5,gf,0.530,mm,OK,--,6:50:01 PM,1/25/2026,
1693,33.5,gf,0.530,mm,OK,--,6:50:01 PM,1/25/2026,
1694,33.5,gf,0.525,mm,OK,--,6:50:01 PM,1/25/2026,
1695,33.5,gf,0.525,mm,OK,--,6:50:01 PM,1/25/2026,
1696,33.4,gf,0.525,mm,OK,--,6:50:01 PM,1/25/2026,
1697,33.4,gf,0.520,mm,OK,--,6:50:02 PM,1/25/2026,
1698,33.4,gf,0.520,mm,OK,--,6:50:02 PM,1/25/2026,
1699,33.4,gf,0.520,mm,OK,--,6:50:02 PM,1/25/2026,
1700,33.4,gf,0.515,mm,OK,--,6:50:02 PM,1/25/2026,
1701,33.3,gf,0.515,mm,OK,--,6:50:02 PM,1/25/2026,
1702,33.4,gf,0.510,mm,OK,--,6:50:02 PM,1/25/2026,
1703,33.3,gf,0.510,mm,OK,--,6:50:02 PM,1/25/2026,
1704,33.4,gf,0.505,mm,OK,--,6:50:02 PM,1/25/2026,
1705,33.4,gf,0.505,mm,OK,--,6:50:02 PM,1/25/2026,
1706,33.3,gf,0.500,mm,OK,--,6:50:02 PM,1/25/2026,
1707,33.3,gf,0.500,mm,OK,--,6:50:03 PM,1/25/2026,
1708,33.4,gf,0.495,mm,OK,--,6:50:03 PM,1/25/2026,
1709,33.5,gf,0.495,mm,OK,--,6:50:03 PM,1/25/2026,
1710,33.4,gf,0.495,mm,OK,--,6:50:03 PM,1/25/2026,
1711,33.4,gf,0.490,mm,OK,--,6:50:03 PM,1/25/2026,
1712,33.4,gf,0.490,mm,OK,--,6:50:03 PM,1/25/2026,
1713,33.3,gf,0.490,mm,OK,--,6:50:03 PM,1/25/2026,
1714,33.3,gf,0.490,mm,OK,--,6:50:03 PM,1/25/2026,
1715,33.3,gf,0.485,mm,OK,--,6:50:03 PM,1/25/2026,
1716,33.4,gf,0.485,mm,OK,--,6:50:03 PM,1/25/2026,
1717,33.3,gf,0.480,mm,OK,--,6:50:04 PM,1/25/2026,
1718,33.3,gf,0.480,mm,OK,--,6:50:04 PM,1/25/2026,
1719,33.3,gf,0.475,mm,OK,--,6:50:04 PM,1/25/2026,
1720,33.3,gf,0.475,mm,OK,--,6:50:04 PM,1/25/2026,
1721,33.3,gf,0.470,mm,OK,--,6:50:04 PM,1/25/2026,
1722,33.3,gf,0.465,mm,OK,--,6:50:04 PM,1/25/2026,
1723,33.3,gf,0.465,mm,OK,--,6:50:04 PM,1/25/2026,
1724,33.2,gf,0.465,mm,OK,--,6:50:04 PM,1/25/2026,
1725,33.3,gf,0.460,mm,OK,--,6:50:04 PM,1/25/2026,
1726,33.4,gf,0.455,mm,OK,--,6:50:04 PM,1/25/2026,
1727,33.3,gf,0.455,mm,OK,--,6:50:05 PM,1/25/2026,
1728,33.2,gf,0.450,mm,OK,--,6:50:05 PM,1/25/2026,
1729,33.4,gf,0.450,mm,OK,--,6:50:05 PM,1/25/2026,
1730,33.3,gf,0.450,mm,OK,--,6:50:05 PM,1/25/2026,
1731,33.1,gf,0.445,mm,OK,--,6:50:05 PM,1/25/2026,
1732,33.1,gf,0.445,mm,OK,--,6:50:05 PM,1/25/2026,
1733,33.2,gf,0.440,mm,OK,--,6:50:05 PM,1/25/2026,
1734,33.3,gf,0.435,mm,OK,--,6:50:05 PM,1/25/2026,
1735,33.2,gf,0.430,mm,OK,--,6:50:05 PM,1/25/2026,
1736,33.2,gf,0.430,mm,OK,--,6:50:05 PM,1/25/2026,
1737,33.2,gf,0.425,mm,OK,--,6:50:06 PM,1/25/2026,
1738,33.1,gf,0.420,mm,OK,--,6:50:06 PM,1/25/2026,
1739,33.1,gf,0.415,mm,OK,--,6:50:06 PM,1/25/2026,
1740,33.1,gf,0.410,mm,OK,--,6:50:06 PM,1/25/2026,
1741,32.9,gf,0.405,mm,OK,--,6:50:06 PM,1/25/2026,
1742,33.1,gf,0.400,mm,OK,--,6:50:06 PM,1/25/2026,
1743,33.0,gf,0.395,mm,OK,--,6:50:06 PM,1/25/2026,
1744,32.9,gf,0.390,mm,OK,--,6:50:06 PM,1/25/2026,
1745,32.8,gf,0.385,mm,OK,--,6:50:06 PM,1/25/2026,
1746,32.8,gf,0.380,mm,OK,--,6:50:06 PM,1/25/2026,
1747,32.8,gf,0.375,mm,OK,--,6:50:07 PM,1/25/2026,
1748,32.7,gf,0.370,mm,OK,--,6:50:07 PM,1/25/2026,
1749,32.7,gf,0.365,mm,OK,--,6:50:07 PM,1/25/2026,
1750,32.7,gf,0.360,mm,OK,--,6:50:07 PM,1/25/2026,
1751,32.7,gf,0.360,mm,OK,--,6:50:07 PM,1/25/2026,
1752,32.6,gf,0.360,mm,OK,--,6:50:07 PM,1/25/2026,
1753,32.5,gf,0.355,mm,OK,--,6:50:07 PM,1/25/2026,
1754,32.5,gf,0.355,mm,OK,--,6:50:07 PM,1/25/2026,
1755,32.5,gf,0.350,mm,OK,--,6:50:07 PM,1/25/2026,
1756,32.4,gf,0.345,mm,OK,--,6:50:07 PM,1/25/2026,
1757,32.4,gf,0.345,mm,OK,--,6:50:08 PM,1/25/2026,
1758,32.5,gf,0.345,mm,OK,--,6:50:08 PM,1/25/2026,
1759,32.3,gf,0.340,mm,OK,--,6:50:08 PM,1/25/2026,
1760,32.3,gf,0.340,mm,OK,--,6:50:08 PM,1/25/2026,
1761,32.3,gf,0.340,mm,OK,--,6:50:08 PM,1/25/2026,
1762,32.2,gf,0.335,mm,OK,--,6:50:08 PM,1/25/2026,
1763,32.1,gf,0.330,mm,OK,--,6:50:08 PM,1/25/2026,
1764,32.1,gf,0.315,mm,OK,--,6:50:08 PM,1/25/2026,
1765,32.1,gf,0.305,mm,OK,--,6:50:08 PM,1/25/2026,
1766,32.0,gf,0.300,mm,OK,--,6:50:08 PM,1/25/2026,
1767,31.9,gf,0.295,mm,OK,--,6:50:09 PM,1/25/2026,
1768,31.8,gf,0.290,mm,OK,--,6:50:09 PM,1/25/2026,
1769,31.8,gf,0.280,mm,OK,--,6:50:09 PM,1/25/2026,
1770,31.7,gf,0.270,mm,OK,--,6:50:09 PM,1/25/2026,
1771,31.7,gf,0.260,mm,OK,--,6:50:09 PM,1/25/2026,
1772,31.7,gf,0.250,mm,OK,--,6:50:09 PM,1/25/2026,
1773,31.6,gf,0.240,mm,OK,--,6:50:09 PM,1/25/2026,
1774,31.5,gf,0.225,mm,OK,--,6:50:09 PM,1/25/2026,
1775,31.6,gf,0.215,mm,OK,--,6:50:09 PM,1/25/2026,
1776,31.5,gf,0.210,mm,OK,--,6:50:09 PM,1/25/2026,
1777,31.4,gf,0.200,mm,OK,--,6:50:10 PM,1/25/2026,
1778,31.4,gf,0.195,mm,OK,--,6:50:10 PM,1/25/2026,
1779,31.5,gf,0.190,mm,OK,--,6:50:10 PM,1/25/2026,
1780,31.5,gf,0.185,mm,OK,--,6:50:10 PM,1/25/2026,
1781,31.4,gf,0.185,mm,OK,--,6:50:10 PM,1/25/2026,
1782,31.3,gf,0.175,mm,OK,--,6:50:10 PM,1/25/2026,
1783,31.5,gf,0.170,mm,OK,--,6:50:10 PM,1/25/2026,
1784,31.6,gf,0.165,mm,OK,--,6:50:10 PM,1/25/2026,
1785,31.4,gf,0.165,mm,OK,--,6:50:10 PM,1/25/2026,
1786,31.2,gf,0.165,mm,OK,--,6:50:10 PM,1/25/2026,
1787,31.3,gf,0.160,mm,OK,--,6:50:11 PM,1/25/2026,
1788,31.2,gf,0.160,mm,OK,--,6:50:11 PM,1/25/2026,
1789,31.1,gf,0.155,mm,OK,--,6:50:11 PM,1/25/2026,
1790,31.0,gf,0.155,mm,OK,--,6:50:11 PM,1/25/2026,
1791,31.1,gf,0.150,mm,OK,--,6:50:11 PM,1/25/2026,
1792,31.1,gf,0.145,mm,OK,--,6:50:11 PM,1/25/2026,
1793,31.1,gf,0.140,mm,OK,--,6:50:11 PM,1/25/2026,
1794,31.0,gf,0.140,mm,OK,--,6:50:11 PM,1/25/2026,
1795,31.1,gf,0.135,mm,OK,--,6:50:11 PM,1/25/2026,
1796,30.9,gf,0.130,mm,OK,--,6:50:11 PM,1/25/2026,
1797,22.7,gf,0.120,mm,OK,--,6:50:12 PM,1/25/2026,
1798,23.3,gf,0.110,mm,OK,--,6:50:12 PM,1/25/2026,
1799,22.6,gf,0.105,mm,OK,--,6:50:12 PM,1/25/2026,
1800,22.0,gf,0.100,mm,OK,--,6:50:12 PM,1/25/2026,
1801,21.6,gf,0.100,mm,OK,--,6:50:12 PM,1/25/2026,
1802,21.2,gf,0.095,mm,OK,--,6:50:12 PM,1/25/2026,
1803,20.6,gf,0.095,mm,OK,--,6:50:12 PM,1/25/2026,
1804,19.5,gf,0.090,mm,OK,--,6:50:12 PM,1/25/2026,
1805,18.1,gf,0.085,mm,OK,--,6:50:12 PM,1/25/2026,
1806,17.2,gf,0.080,mm,OK,--,6:50:12 PM,1/25/2026,
1807,16.2,gf,0.075,mm,OK,--,6:50:13 PM,1/25/2026,
1808,16.2,gf,0.070,mm,OK,--,6:50:13 PM,1/25/2026,
1809,16.4,gf,0.065,mm,OK,--,6:50:13 PM,1/25/2026,
1810,14.9,gf,0.060,mm,OK,--,6:50:13 PM,1/25/2026,
1811,13.0,gf,0.060,mm,OK,--,6:50:13 PM,1/25/2026,
1812,9.8,gf,0.055,mm,OK,--,6:50:13 PM,1/25/2026,
1813,4.6,gf,0.050,mm,OK,--,6:50:13 PM,1/25/2026,
1814,1.1,gf,0.045,mm,OK,--,6:50:13 PM,1/25/2026,
1815,0.1,gf,0.040,mm,OK,--,6:50:13 PM,1/25/2026,
1816,0.1,gf,0.030,mm,OK,--,6:50:13 PM,1/25/2026,
1817,0.0,gf,0.015,mm,OK,--,6:50:14 PM,1/25/2026,
1818,0.0,gf,0.005,mm,OK,--,6:50:14 PM,1/25/2026,
1819,0.0,gf,0.000,mm,OK,--,6:50:14 PM,1/25/2026,
1820,0.1,gf,0.000,mm,OK,--,6:50:14 PM,1/25/2026,
1821,0.0,gf,-0.015,mm,OK,--,6:50:14 PM,1/25/2026,
1822,0.2,gf,-0.025,mm,OK,--,6:50:14 PM,1/25/2026,
1823,0.0,gf,-0.030,mm,OK,--,6:50:14 PM,1/25/2026,
1824,0.0,gf,-0.030,mm,OK,--,6:50:14 PM,1/25/2026,
1825,0.0,gf,-0.030,mm,OK,--,6:50:14 PM,1/25/2026,
1826,0.0,gf,-0.030,mm,OK,--,6:50:14 PM,1/25/2026,
1827,0.0,gf,-0.030,mm,OK,--,6:50:15 PM,1/25/2026,
1828,0.0,gf,-0.030,mm,OK,--,6:50:15 PM,1/25/2026,
1829,0.0,gf,-0.030,mm,OK,--,6:50:15 PM,1/25/2026,
1830,0.1,gf,-0.030,mm,OK,--,6:50:15 PM,1/25/2026,
1831,0.6,gf,-0.025,mm,OK,--,6:50:15 PM,1/25/2026,
1832,0.1,gf,-0.020,mm,OK,--,6:50:15 PM,1/25/2026,
1833,0.0,gf,-0.020,mm,OK,--,6:50:15 PM,1/25/2026,
1834,0.0,gf,-0.015,mm,OK,--,6:50:15 PM,1/25/2026,
1835,0.1,gf,-0.010,mm,OK,--,6:50:15 PM,1/25/2026,
1836,-0.5,gf,-0.010,mm,OK,--,6:50:15 PM,1/25/2026,
1837,0.2,gf,-0.005,mm,OK,--,6:50:16 PM,1/25/2026,
1838,0.2,gf,-0.005,mm,OK,--,6:50:16 PM,1/25/2026,
1839,0.0,gf,0.000,mm,OK,--,6:50:16 PM,1/25/2026,
1840,0.1,gf,0.000,mm,OK,--,6:50:16 PM,1/25/2026,
1841,0.0,gf,0.005,mm,OK,--,6:50:16 PM,1/25/2026,
1842,0.0,gf,0.005,mm,OK,--,6:50:16 PM,1/25/2026,
1843,0.0,gf,0.010,mm,OK,--,6:50:16 PM,1/25/2026,
1844,0.0,gf,0.010,mm,OK,--,6:50:16 PM,1/25/2026,
1845,0.0,gf,0.015,mm,OK,--,6:50:16 PM,1/25/2026,
1846,0.1,gf,0.015,mm,OK,--,6:50:16 PM,1/25/2026,
1847,0.0,gf,0.020,mm,OK,--,6:50:17 PM,1/25/2026,
1848,0.0,gf,0.020,mm,OK,--,6:50:17 PM,1/25/2026,
1849,0.0,gf,0.020,mm,OK,--,6:50:17 PM,1/25/2026,
1850,0.1,gf,0.025,mm,OK,--,6:50:17 PM,1/25/2026,
1851,-0.1,gf,0.025,mm,OK,--,6:50:17 PM,1/25/2026,
1852,0.0,gf,0.030,mm,OK,--,6:50:17 PM,1/25/2026,
